
*** Running vivado
    with args -log design_1_wrapper.vds -m64 -product Vivado -mode batch -messageDb vivado.pb -notrace -source design_1_wrapper.tcl



****** Vivado v2024.1 (64-bit)
  **** SW Build 5076996 on Wed May 22 18:37:14 MDT 2024
  **** IP Build 5075265 on Wed May 22 21:45:21 MDT 2024
  **** SharedData Build 5076995 on Wed May 22 18:29:18 MDT 2024
  **** Start of session at: Tue Oct 21 22:04:07 2025
    ** Copyright 1986-2022 Xilinx, Inc. All Rights Reserved.
    ** Copyright 2022-2024 Advanced Micro Devices, Inc. All Rights Reserved.

source design_1_wrapper.tcl -notrace
create_project: Time (s): cpu = 00:00:07 ; elapsed = 00:00:08 . Memory (MB): peak = 616.191 ; gain = 203.910
INFO: [IP_Flow 19-234] Refreshing IP repositories
INFO: [IP_Flow 19-1704] No user IP repositories specified
INFO: [IP_Flow 19-2313] Loaded Vivado IP repository 'E:/Vivado/2024.1/data/ip'.
Command: read_checkpoint -auto_incremental -incremental D:/2025/Learning/FPGA_Projects/mini_module_hello_world/mini_module_hello_world.srcs/utils_1/imports/synth_1/design_1_wrapper.dcp
INFO: [Vivado 12-5825] Read reference checkpoint from D:/2025/Learning/FPGA_Projects/mini_module_hello_world/mini_module_hello_world.srcs/utils_1/imports/synth_1/design_1_wrapper.dcp for incremental synthesis
INFO: [Vivado 12-7989] Please ensure there are no constraint changes
Command: synth_design -top design_1_wrapper -part xc7z100ffg900-2
Starting synth_design
Attempting to get a license for feature 'Synthesis' and/or device 'xc7z100'
INFO: [Common 17-349] Got license for feature 'Synthesis' and/or device 'xc7z100'
INFO: [Device 21-403] Loading part xc7z100ffg900-2
INFO: [Device 21-9227] Part: xc7z100ffg900-2 does not have CEAM library.
INFO: [Designutils 20-5440] No compile time benefit to using incremental synthesis; A full resynthesis will be run
INFO: [Designutils 20-4379] Flow is switching to default flow due to incremental criteria not met. If you would like to alter this behaviour and have the flow terminate instead, please set the following parameter config_implementation {autoIncr.Synth.RejectBehavior Terminate}
INFO: [Synth 8-7079] Multithreading enabled for synth_design using a maximum of 2 processes.
INFO: [Synth 8-7078] Launching helper process for spawning children vivado processes
INFO: [Synth 8-7075] Helper process launched with PID 23608
---------------------------------------------------------------------------------
Starting RTL Elaboration : Time (s): cpu = 00:00:06 ; elapsed = 00:00:06 . Memory (MB): peak = 1616.699 ; gain = 448.168
---------------------------------------------------------------------------------
INFO: [Synth 8-6157] synthesizing module 'design_1_wrapper' [d:/2025/Learning/FPGA_Projects/mini_module_hello_world/mini_module_hello_world.gen/sources_1/bd/design_1/hdl/design_1_wrapper.v:13]
INFO: [Synth 8-6157] synthesizing module 'design_1' [d:/2025/Learning/FPGA_Projects/mini_module_hello_world/mini_module_hello_world.gen/sources_1/bd/design_1/synth/design_1.v:13]
INFO: [Synth 8-6157] synthesizing module 'design_1_axi_gpio_0_1' [D:/2025/Learning/FPGA_Projects/mini_module_hello_world/mini_module_hello_world.runs/synth_1/.Xil/Vivado-5504-Soroush/realtime/design_1_axi_gpio_0_1_stub.v:6]
INFO: [Synth 8-6155] done synthesizing module 'design_1_axi_gpio_0_1' (0#1) [D:/2025/Learning/FPGA_Projects/mini_module_hello_world/mini_module_hello_world.runs/synth_1/.Xil/Vivado-5504-Soroush/realtime/design_1_axi_gpio_0_1_stub.v:6]
INFO: [Synth 8-6157] synthesizing module 'design_1_processing_system7_0_0' [D:/2025/Learning/FPGA_Projects/mini_module_hello_world/mini_module_hello_world.runs/synth_1/.Xil/Vivado-5504-Soroush/realtime/design_1_processing_system7_0_0_stub.v:6]
INFO: [Synth 8-6155] done synthesizing module 'design_1_processing_system7_0_0' (0#1) [D:/2025/Learning/FPGA_Projects/mini_module_hello_world/mini_module_hello_world.runs/synth_1/.Xil/Vivado-5504-Soroush/realtime/design_1_processing_system7_0_0_stub.v:6]
WARNING: [Synth 8-7071] port 'USB0_PORT_INDCTL' of module 'design_1_processing_system7_0_0' is unconnected for instance 'processing_system7_0' [d:/2025/Learning/FPGA_Projects/mini_module_hello_world/mini_module_hello_world.gen/sources_1/bd/design_1/synth/design_1.v:168]
WARNING: [Synth 8-7071] port 'USB0_VBUS_PWRSELECT' of module 'design_1_processing_system7_0_0' is unconnected for instance 'processing_system7_0' [d:/2025/Learning/FPGA_Projects/mini_module_hello_world/mini_module_hello_world.gen/sources_1/bd/design_1/synth/design_1.v:168]
WARNING: [Synth 8-7023] instance 'processing_system7_0' of module 'design_1_processing_system7_0_0' has 66 connections declared, but only 64 given [d:/2025/Learning/FPGA_Projects/mini_module_hello_world/mini_module_hello_world.gen/sources_1/bd/design_1/synth/design_1.v:168]
INFO: [Synth 8-6157] synthesizing module 'design_1_ps7_0_axi_periph_0' [d:/2025/Learning/FPGA_Projects/mini_module_hello_world/mini_module_hello_world.gen/sources_1/bd/design_1/synth/design_1.v:314]
INFO: [Synth 8-6157] synthesizing module 'm00_couplers_imp_15SPJYW' [d:/2025/Learning/FPGA_Projects/mini_module_hello_world/mini_module_hello_world.gen/sources_1/bd/design_1/synth/design_1.v:859]
INFO: [Synth 8-6155] done synthesizing module 'm00_couplers_imp_15SPJYW' (0#1) [d:/2025/Learning/FPGA_Projects/mini_module_hello_world/mini_module_hello_world.gen/sources_1/bd/design_1/synth/design_1.v:859]
INFO: [Synth 8-6157] synthesizing module 'm01_couplers_imp_XU9C55' [d:/2025/Learning/FPGA_Projects/mini_module_hello_world/mini_module_hello_world.gen/sources_1/bd/design_1/synth/design_1.v:991]
INFO: [Synth 8-6155] done synthesizing module 'm01_couplers_imp_XU9C55' (0#1) [d:/2025/Learning/FPGA_Projects/mini_module_hello_world/mini_module_hello_world.gen/sources_1/bd/design_1/synth/design_1.v:991]
INFO: [Synth 8-6157] synthesizing module 's00_couplers_imp_UYSKKA' [d:/2025/Learning/FPGA_Projects/mini_module_hello_world/mini_module_hello_world.gen/sources_1/bd/design_1/synth/design_1.v:1123]
INFO: [Synth 8-6157] synthesizing module 'design_1_auto_pc_0' [D:/2025/Learning/FPGA_Projects/mini_module_hello_world/mini_module_hello_world.runs/synth_1/.Xil/Vivado-5504-Soroush/realtime/design_1_auto_pc_0_stub.v:6]
INFO: [Synth 8-6155] done synthesizing module 'design_1_auto_pc_0' (0#1) [D:/2025/Learning/FPGA_Projects/mini_module_hello_world/mini_module_hello_world.runs/synth_1/.Xil/Vivado-5504-Soroush/realtime/design_1_auto_pc_0_stub.v:6]
INFO: [Synth 8-6155] done synthesizing module 's00_couplers_imp_UYSKKA' (0#1) [d:/2025/Learning/FPGA_Projects/mini_module_hello_world/mini_module_hello_world.gen/sources_1/bd/design_1/synth/design_1.v:1123]
INFO: [Synth 8-6157] synthesizing module 'design_1_xbar_0' [D:/2025/Learning/FPGA_Projects/mini_module_hello_world/mini_module_hello_world.runs/synth_1/.Xil/Vivado-5504-Soroush/realtime/design_1_xbar_0_stub.v:6]
INFO: [Synth 8-6155] done synthesizing module 'design_1_xbar_0' (0#1) [D:/2025/Learning/FPGA_Projects/mini_module_hello_world/mini_module_hello_world.runs/synth_1/.Xil/Vivado-5504-Soroush/realtime/design_1_xbar_0_stub.v:6]
WARNING: [Synth 8-7071] port 'm_axi_awprot' of module 'design_1_xbar_0' is unconnected for instance 'xbar' [d:/2025/Learning/FPGA_Projects/mini_module_hello_world/mini_module_hello_world.gen/sources_1/bd/design_1/synth/design_1.v:818]
WARNING: [Synth 8-7071] port 'm_axi_arprot' of module 'design_1_xbar_0' is unconnected for instance 'xbar' [d:/2025/Learning/FPGA_Projects/mini_module_hello_world/mini_module_hello_world.gen/sources_1/bd/design_1/synth/design_1.v:818]
WARNING: [Synth 8-7023] instance 'xbar' of module 'design_1_xbar_0' has 40 connections declared, but only 38 given [d:/2025/Learning/FPGA_Projects/mini_module_hello_world/mini_module_hello_world.gen/sources_1/bd/design_1/synth/design_1.v:818]
INFO: [Synth 8-6155] done synthesizing module 'design_1_ps7_0_axi_periph_0' (0#1) [d:/2025/Learning/FPGA_Projects/mini_module_hello_world/mini_module_hello_world.gen/sources_1/bd/design_1/synth/design_1.v:314]
WARNING: [Synth 8-7071] port 'M01_AXI_araddr' of module 'design_1_ps7_0_axi_periph_0' is unconnected for instance 'ps7_0_axi_periph' [d:/2025/Learning/FPGA_Projects/mini_module_hello_world/mini_module_hello_world.gen/sources_1/bd/design_1/synth/design_1.v:233]
WARNING: [Synth 8-7071] port 'M01_AXI_arvalid' of module 'design_1_ps7_0_axi_periph_0' is unconnected for instance 'ps7_0_axi_periph' [d:/2025/Learning/FPGA_Projects/mini_module_hello_world/mini_module_hello_world.gen/sources_1/bd/design_1/synth/design_1.v:233]
WARNING: [Synth 8-7071] port 'M01_AXI_awaddr' of module 'design_1_ps7_0_axi_periph_0' is unconnected for instance 'ps7_0_axi_periph' [d:/2025/Learning/FPGA_Projects/mini_module_hello_world/mini_module_hello_world.gen/sources_1/bd/design_1/synth/design_1.v:233]
WARNING: [Synth 8-7071] port 'M01_AXI_awvalid' of module 'design_1_ps7_0_axi_periph_0' is unconnected for instance 'ps7_0_axi_periph' [d:/2025/Learning/FPGA_Projects/mini_module_hello_world/mini_module_hello_world.gen/sources_1/bd/design_1/synth/design_1.v:233]
WARNING: [Synth 8-7071] port 'M01_AXI_bready' of module 'design_1_ps7_0_axi_periph_0' is unconnected for instance 'ps7_0_axi_periph' [d:/2025/Learning/FPGA_Projects/mini_module_hello_world/mini_module_hello_world.gen/sources_1/bd/design_1/synth/design_1.v:233]
WARNING: [Synth 8-7071] port 'M01_AXI_rready' of module 'design_1_ps7_0_axi_periph_0' is unconnected for instance 'ps7_0_axi_periph' [d:/2025/Learning/FPGA_Projects/mini_module_hello_world/mini_module_hello_world.gen/sources_1/bd/design_1/synth/design_1.v:233]
WARNING: [Synth 8-7071] port 'M01_AXI_wdata' of module 'design_1_ps7_0_axi_periph_0' is unconnected for instance 'ps7_0_axi_periph' [d:/2025/Learning/FPGA_Projects/mini_module_hello_world/mini_module_hello_world.gen/sources_1/bd/design_1/synth/design_1.v:233]
WARNING: [Synth 8-7071] port 'M01_AXI_wstrb' of module 'design_1_ps7_0_axi_periph_0' is unconnected for instance 'ps7_0_axi_periph' [d:/2025/Learning/FPGA_Projects/mini_module_hello_world/mini_module_hello_world.gen/sources_1/bd/design_1/synth/design_1.v:233]
WARNING: [Synth 8-7071] port 'M01_AXI_wvalid' of module 'design_1_ps7_0_axi_periph_0' is unconnected for instance 'ps7_0_axi_periph' [d:/2025/Learning/FPGA_Projects/mini_module_hello_world/mini_module_hello_world.gen/sources_1/bd/design_1/synth/design_1.v:233]
WARNING: [Synth 8-7023] instance 'ps7_0_axi_periph' of module 'design_1_ps7_0_axi_periph_0' has 80 connections declared, but only 71 given [d:/2025/Learning/FPGA_Projects/mini_module_hello_world/mini_module_hello_world.gen/sources_1/bd/design_1/synth/design_1.v:233]
INFO: [Synth 8-6157] synthesizing module 'design_1_rst_ps7_0_50M_0' [D:/2025/Learning/FPGA_Projects/mini_module_hello_world/mini_module_hello_world.runs/synth_1/.Xil/Vivado-5504-Soroush/realtime/design_1_rst_ps7_0_50M_0_stub.v:6]
INFO: [Synth 8-6155] done synthesizing module 'design_1_rst_ps7_0_50M_0' (0#1) [D:/2025/Learning/FPGA_Projects/mini_module_hello_world/mini_module_hello_world.runs/synth_1/.Xil/Vivado-5504-Soroush/realtime/design_1_rst_ps7_0_50M_0_stub.v:6]
WARNING: [Synth 8-7071] port 'mb_reset' of module 'design_1_rst_ps7_0_50M_0' is unconnected for instance 'rst_ps7_0_50M' [d:/2025/Learning/FPGA_Projects/mini_module_hello_world/mini_module_hello_world.gen/sources_1/bd/design_1/synth/design_1.v:305]
WARNING: [Synth 8-7071] port 'bus_struct_reset' of module 'design_1_rst_ps7_0_50M_0' is unconnected for instance 'rst_ps7_0_50M' [d:/2025/Learning/FPGA_Projects/mini_module_hello_world/mini_module_hello_world.gen/sources_1/bd/design_1/synth/design_1.v:305]
WARNING: [Synth 8-7071] port 'peripheral_reset' of module 'design_1_rst_ps7_0_50M_0' is unconnected for instance 'rst_ps7_0_50M' [d:/2025/Learning/FPGA_Projects/mini_module_hello_world/mini_module_hello_world.gen/sources_1/bd/design_1/synth/design_1.v:305]
WARNING: [Synth 8-7071] port 'interconnect_aresetn' of module 'design_1_rst_ps7_0_50M_0' is unconnected for instance 'rst_ps7_0_50M' [d:/2025/Learning/FPGA_Projects/mini_module_hello_world/mini_module_hello_world.gen/sources_1/bd/design_1/synth/design_1.v:305]
WARNING: [Synth 8-7023] instance 'rst_ps7_0_50M' of module 'design_1_rst_ps7_0_50M_0' has 10 connections declared, but only 6 given [d:/2025/Learning/FPGA_Projects/mini_module_hello_world/mini_module_hello_world.gen/sources_1/bd/design_1/synth/design_1.v:305]
INFO: [Synth 8-6155] done synthesizing module 'design_1' (0#1) [d:/2025/Learning/FPGA_Projects/mini_module_hello_world/mini_module_hello_world.gen/sources_1/bd/design_1/synth/design_1.v:13]
INFO: [Synth 8-6155] done synthesizing module 'design_1_wrapper' (0#1) [d:/2025/Learning/FPGA_Projects/mini_module_hello_world/mini_module_hello_world.gen/sources_1/bd/design_1/hdl/design_1_wrapper.v:13]
WARNING: [Synth 8-7129] Port M_ACLK in module s00_couplers_imp_UYSKKA is either unconnected or has no load
WARNING: [Synth 8-7129] Port M_ARESETN in module s00_couplers_imp_UYSKKA is either unconnected or has no load
WARNING: [Synth 8-7129] Port M_ACLK in module m01_couplers_imp_XU9C55 is either unconnected or has no load
WARNING: [Synth 8-7129] Port M_ARESETN in module m01_couplers_imp_XU9C55 is either unconnected or has no load
WARNING: [Synth 8-7129] Port S_ACLK in module m01_couplers_imp_XU9C55 is either unconnected or has no load
WARNING: [Synth 8-7129] Port S_ARESETN in module m01_couplers_imp_XU9C55 is either unconnected or has no load
WARNING: [Synth 8-7129] Port M_ACLK in module m00_couplers_imp_15SPJYW is either unconnected or has no load
WARNING: [Synth 8-7129] Port M_ARESETN in module m00_couplers_imp_15SPJYW is either unconnected or has no load
WARNING: [Synth 8-7129] Port S_ACLK in module m00_couplers_imp_15SPJYW is either unconnected or has no load
WARNING: [Synth 8-7129] Port S_ARESETN in module m00_couplers_imp_15SPJYW is either unconnected or has no load
WARNING: [Synth 8-7129] Port M01_AXI_araddr[31] in module design_1_ps7_0_axi_periph_0 is either unconnected or has no load
WARNING: [Synth 8-7129] Port M01_AXI_araddr[30] in module design_1_ps7_0_axi_periph_0 is either unconnected or has no load
WARNING: [Synth 8-7129] Port M01_AXI_araddr[29] in module design_1_ps7_0_axi_periph_0 is either unconnected or has no load
WARNING: [Synth 8-7129] Port M01_AXI_araddr[28] in module design_1_ps7_0_axi_periph_0 is either unconnected or has no load
WARNING: [Synth 8-7129] Port M01_AXI_araddr[27] in module design_1_ps7_0_axi_periph_0 is either unconnected or has no load
WARNING: [Synth 8-7129] Port M01_AXI_araddr[26] in module design_1_ps7_0_axi_periph_0 is either unconnected or has no load
WARNING: [Synth 8-7129] Port M01_AXI_araddr[25] in module design_1_ps7_0_axi_periph_0 is either unconnected or has no load
WARNING: [Synth 8-7129] Port M01_AXI_araddr[24] in module design_1_ps7_0_axi_periph_0 is either unconnected or has no load
WARNING: [Synth 8-7129] Port M01_AXI_araddr[23] in module design_1_ps7_0_axi_periph_0 is either unconnected or has no load
WARNING: [Synth 8-7129] Port M01_AXI_araddr[22] in module design_1_ps7_0_axi_periph_0 is either unconnected or has no load
WARNING: [Synth 8-7129] Port M01_AXI_araddr[21] in module design_1_ps7_0_axi_periph_0 is either unconnected or has no load
WARNING: [Synth 8-7129] Port M01_AXI_araddr[20] in module design_1_ps7_0_axi_periph_0 is either unconnected or has no load
WARNING: [Synth 8-7129] Port M01_AXI_araddr[19] in module design_1_ps7_0_axi_periph_0 is either unconnected or has no load
WARNING: [Synth 8-7129] Port M01_AXI_araddr[18] in module design_1_ps7_0_axi_periph_0 is either unconnected or has no load
WARNING: [Synth 8-7129] Port M01_AXI_araddr[17] in module design_1_ps7_0_axi_periph_0 is either unconnected or has no load
WARNING: [Synth 8-7129] Port M01_AXI_araddr[16] in module design_1_ps7_0_axi_periph_0 is either unconnected or has no load
WARNING: [Synth 8-7129] Port M01_AXI_araddr[15] in module design_1_ps7_0_axi_periph_0 is either unconnected or has no load
WARNING: [Synth 8-7129] Port M01_AXI_araddr[14] in module design_1_ps7_0_axi_periph_0 is either unconnected or has no load
WARNING: [Synth 8-7129] Port M01_AXI_araddr[13] in module design_1_ps7_0_axi_periph_0 is either unconnected or has no load
WARNING: [Synth 8-7129] Port M01_AXI_araddr[12] in module design_1_ps7_0_axi_periph_0 is either unconnected or has no load
WARNING: [Synth 8-7129] Port M01_AXI_araddr[11] in module design_1_ps7_0_axi_periph_0 is either unconnected or has no load
WARNING: [Synth 8-7129] Port M01_AXI_araddr[10] in module design_1_ps7_0_axi_periph_0 is either unconnected or has no load
WARNING: [Synth 8-7129] Port M01_AXI_araddr[9] in module design_1_ps7_0_axi_periph_0 is either unconnected or has no load
WARNING: [Synth 8-7129] Port M01_AXI_araddr[8] in module design_1_ps7_0_axi_periph_0 is either unconnected or has no load
WARNING: [Synth 8-7129] Port M01_AXI_araddr[7] in module design_1_ps7_0_axi_periph_0 is either unconnected or has no load
WARNING: [Synth 8-7129] Port M01_AXI_araddr[6] in module design_1_ps7_0_axi_periph_0 is either unconnected or has no load
WARNING: [Synth 8-7129] Port M01_AXI_araddr[5] in module design_1_ps7_0_axi_periph_0 is either unconnected or has no load
WARNING: [Synth 8-7129] Port M01_AXI_araddr[4] in module design_1_ps7_0_axi_periph_0 is either unconnected or has no load
WARNING: [Synth 8-7129] Port M01_AXI_araddr[3] in module design_1_ps7_0_axi_periph_0 is either unconnected or has no load
WARNING: [Synth 8-7129] Port M01_AXI_araddr[2] in module design_1_ps7_0_axi_periph_0 is either unconnected or has no load
WARNING: [Synth 8-7129] Port M01_AXI_araddr[1] in module design_1_ps7_0_axi_periph_0 is either unconnected or has no load
WARNING: [Synth 8-7129] Port M01_AXI_awaddr[31] in module design_1_ps7_0_axi_periph_0 is either unconnected or has no load
WARNING: [Synth 8-7129] Port M01_AXI_awaddr[30] in module design_1_ps7_0_axi_periph_0 is either unconnected or has no load
WARNING: [Synth 8-7129] Port M01_AXI_awaddr[29] in module design_1_ps7_0_axi_periph_0 is either unconnected or has no load
WARNING: [Synth 8-7129] Port M01_AXI_awaddr[28] in module design_1_ps7_0_axi_periph_0 is either unconnected or has no load
WARNING: [Synth 8-7129] Port M01_AXI_awaddr[27] in module design_1_ps7_0_axi_periph_0 is either unconnected or has no load
WARNING: [Synth 8-7129] Port M01_AXI_awaddr[26] in module design_1_ps7_0_axi_periph_0 is either unconnected or has no load
WARNING: [Synth 8-7129] Port M01_AXI_awaddr[25] in module design_1_ps7_0_axi_periph_0 is either unconnected or has no load
WARNING: [Synth 8-7129] Port M01_AXI_awaddr[24] in module design_1_ps7_0_axi_periph_0 is either unconnected or has no load
WARNING: [Synth 8-7129] Port M01_AXI_awaddr[23] in module design_1_ps7_0_axi_periph_0 is either unconnected or has no load
WARNING: [Synth 8-7129] Port M01_AXI_awaddr[22] in module design_1_ps7_0_axi_periph_0 is either unconnected or has no load
WARNING: [Synth 8-7129] Port M01_AXI_awaddr[21] in module design_1_ps7_0_axi_periph_0 is either unconnected or has no load
WARNING: [Synth 8-7129] Port M01_AXI_awaddr[20] in module design_1_ps7_0_axi_periph_0 is either unconnected or has no load
WARNING: [Synth 8-7129] Port M01_AXI_awaddr[19] in module design_1_ps7_0_axi_periph_0 is either unconnected or has no load
WARNING: [Synth 8-7129] Port M01_AXI_awaddr[18] in module design_1_ps7_0_axi_periph_0 is either unconnected or has no load
WARNING: [Synth 8-7129] Port M01_AXI_awaddr[17] in module design_1_ps7_0_axi_periph_0 is either unconnected or has no load
WARNING: [Synth 8-7129] Port M01_AXI_awaddr[16] in module design_1_ps7_0_axi_periph_0 is either unconnected or has no load
WARNING: [Synth 8-7129] Port M01_AXI_awaddr[15] in module design_1_ps7_0_axi_periph_0 is either unconnected or has no load
WARNING: [Synth 8-7129] Port M01_AXI_awaddr[14] in module design_1_ps7_0_axi_periph_0 is either unconnected or has no load
WARNING: [Synth 8-7129] Port M01_AXI_awaddr[13] in module design_1_ps7_0_axi_periph_0 is either unconnected or has no load
WARNING: [Synth 8-7129] Port M01_AXI_awaddr[12] in module design_1_ps7_0_axi_periph_0 is either unconnected or has no load
WARNING: [Synth 8-7129] Port M01_AXI_awaddr[11] in module design_1_ps7_0_axi_periph_0 is either unconnected or has no load
WARNING: [Synth 8-7129] Port M01_AXI_awaddr[10] in module design_1_ps7_0_axi_periph_0 is either unconnected or has no load
WARNING: [Synth 8-7129] Port M01_AXI_awaddr[9] in module design_1_ps7_0_axi_periph_0 is either unconnected or has no load
WARNING: [Synth 8-7129] Port M01_AXI_awaddr[8] in module design_1_ps7_0_axi_periph_0 is either unconnected or has no load
WARNING: [Synth 8-7129] Port M01_AXI_awaddr[7] in module design_1_ps7_0_axi_periph_0 is either unconnected or has no load
WARNING: [Synth 8-7129] Port M01_AXI_awaddr[6] in module design_1_ps7_0_axi_periph_0 is either unconnected or has no load
WARNING: [Synth 8-7129] Port M01_AXI_awaddr[5] in module design_1_ps7_0_axi_periph_0 is either unconnected or has no load
WARNING: [Synth 8-7129] Port M01_AXI_awaddr[4] in module design_1_ps7_0_axi_periph_0 is either unconnected or has no load
WARNING: [Synth 8-7129] Port M01_AXI_awaddr[3] in module design_1_ps7_0_axi_periph_0 is either unconnected or has no load
WARNING: [Synth 8-7129] Port M01_AXI_awaddr[2] in module design_1_ps7_0_axi_periph_0 is either unconnected or has no load
WARNING: [Synth 8-7129] Port M01_AXI_awaddr[1] in module design_1_ps7_0_axi_periph_0 is either unconnected or has no load
WARNING: [Synth 8-7129] Port M01_AXI_wdata[31] in module design_1_ps7_0_axi_periph_0 is either unconnected or has no load
WARNING: [Synth 8-7129] Port M01_AXI_wdata[30] in module design_1_ps7_0_axi_periph_0 is either unconnected or has no load
WARNING: [Synth 8-7129] Port M01_AXI_wdata[29] in module design_1_ps7_0_axi_periph_0 is either unconnected or has no load
WARNING: [Synth 8-7129] Port M01_AXI_wdata[28] in module design_1_ps7_0_axi_periph_0 is either unconnected or has no load
WARNING: [Synth 8-7129] Port M01_AXI_wdata[27] in module design_1_ps7_0_axi_periph_0 is either unconnected or has no load
WARNING: [Synth 8-7129] Port M01_AXI_wdata[26] in module design_1_ps7_0_axi_periph_0 is either unconnected or has no load
WARNING: [Synth 8-7129] Port M01_AXI_wdata[25] in module design_1_ps7_0_axi_periph_0 is either unconnected or has no load
WARNING: [Synth 8-7129] Port M01_AXI_wdata[24] in module design_1_ps7_0_axi_periph_0 is either unconnected or has no load
WARNING: [Synth 8-7129] Port M01_AXI_wdata[23] in module design_1_ps7_0_axi_periph_0 is either unconnected or has no load
WARNING: [Synth 8-7129] Port M01_AXI_wdata[22] in module design_1_ps7_0_axi_periph_0 is either unconnected or has no load
WARNING: [Synth 8-7129] Port M01_AXI_wdata[21] in module design_1_ps7_0_axi_periph_0 is either unconnected or has no load
WARNING: [Synth 8-7129] Port M01_AXI_wdata[20] in module design_1_ps7_0_axi_periph_0 is either unconnected or has no load
WARNING: [Synth 8-7129] Port M01_AXI_wdata[19] in module design_1_ps7_0_axi_periph_0 is either unconnected or has no load
WARNING: [Synth 8-7129] Port M01_AXI_wdata[18] in module design_1_ps7_0_axi_periph_0 is either unconnected or has no load
WARNING: [Synth 8-7129] Port M01_AXI_wdata[17] in module design_1_ps7_0_axi_periph_0 is either unconnected or has no load
WARNING: [Synth 8-7129] Port M01_AXI_wdata[16] in module design_1_ps7_0_axi_periph_0 is either unconnected or has no load
WARNING: [Synth 8-7129] Port M01_AXI_wdata[15] in module design_1_ps7_0_axi_periph_0 is either unconnected or has no load
WARNING: [Synth 8-7129] Port M01_AXI_wdata[14] in module design_1_ps7_0_axi_periph_0 is either unconnected or has no load
WARNING: [Synth 8-7129] Port M01_AXI_wdata[13] in module design_1_ps7_0_axi_periph_0 is either unconnected or has no load
WARNING: [Synth 8-7129] Port M01_AXI_wdata[12] in module design_1_ps7_0_axi_periph_0 is either unconnected or has no load
WARNING: [Synth 8-7129] Port M01_AXI_wdata[11] in module design_1_ps7_0_axi_periph_0 is either unconnected or has no load
WARNING: [Synth 8-7129] Port M01_AXI_wdata[10] in module design_1_ps7_0_axi_periph_0 is either unconnected or has no load
WARNING: [Synth 8-7129] Port M01_AXI_wdata[9] in module design_1_ps7_0_axi_periph_0 is either unconnected or has no load
WARNING: [Synth 8-7129] Port M01_AXI_wdata[8] in module design_1_ps7_0_axi_periph_0 is either unconnected or has no load
WARNING: [Synth 8-7129] Port M01_AXI_wdata[7] in module design_1_ps7_0_axi_periph_0 is either unconnected or has no load
WARNING: [Synth 8-7129] Port M01_AXI_wdata[6] in module design_1_ps7_0_axi_periph_0 is either unconnected or has no load
WARNING: [Synth 8-7129] Port M01_AXI_wdata[5] in module design_1_ps7_0_axi_periph_0 is either unconnected or has no load
WARNING: [Synth 8-7129] Port M01_AXI_wdata[4] in module design_1_ps7_0_axi_periph_0 is either unconnected or has no load
INFO: [Common 17-14] Message 'Synth 8-7129' appears 100 times and further instances of the messages will be disabled. Use the Tcl command set_msg_config to change the current settings.
---------------------------------------------------------------------------------
Finished RTL Elaboration : Time (s): cpu = 00:00:08 ; elapsed = 00:00:08 . Memory (MB): peak = 1732.508 ; gain = 563.977
---------------------------------------------------------------------------------
---------------------------------------------------------------------------------
Start Handling Custom Attributes
---------------------------------------------------------------------------------
---------------------------------------------------------------------------------
Finished Handling Custom Attributes : Time (s): cpu = 00:00:08 ; elapsed = 00:00:08 . Memory (MB): peak = 1732.508 ; gain = 563.977
---------------------------------------------------------------------------------
---------------------------------------------------------------------------------
Finished RTL Optimization Phase 1 : Time (s): cpu = 00:00:08 ; elapsed = 00:00:08 . Memory (MB): peak = 1732.508 ; gain = 563.977
---------------------------------------------------------------------------------
Netlist sorting complete. Time (s): cpu = 00:00:00 ; elapsed = 00:00:00.011 . Memory (MB): peak = 1732.508 ; gain = 0.000
INFO: [Project 1-570] Preparing netlist for logic optimization

Processing XDC Constraints
Initializing timing engine
Parsing XDC File [d:/2025/Learning/FPGA_Projects/mini_module_hello_world/mini_module_hello_world.gen/sources_1/bd/design_1/ip/design_1_processing_system7_0_0/design_1_processing_system7_0_0/design_1_processing_system7_0_0_in_context.xdc] for cell 'design_1_i/processing_system7_0'
Finished Parsing XDC File [d:/2025/Learning/FPGA_Projects/mini_module_hello_world/mini_module_hello_world.gen/sources_1/bd/design_1/ip/design_1_processing_system7_0_0/design_1_processing_system7_0_0/design_1_processing_system7_0_0_in_context.xdc] for cell 'design_1_i/processing_system7_0'
Parsing XDC File [d:/2025/Learning/FPGA_Projects/mini_module_hello_world/mini_module_hello_world.gen/sources_1/bd/design_1/ip/design_1_axi_gpio_0_1/design_1_axi_gpio_0_1/design_1_axi_gpio_0_1_in_context.xdc] for cell 'design_1_i/axi_gpio_0'
Finished Parsing XDC File [d:/2025/Learning/FPGA_Projects/mini_module_hello_world/mini_module_hello_world.gen/sources_1/bd/design_1/ip/design_1_axi_gpio_0_1/design_1_axi_gpio_0_1/design_1_axi_gpio_0_1_in_context.xdc] for cell 'design_1_i/axi_gpio_0'
Parsing XDC File [d:/2025/Learning/FPGA_Projects/mini_module_hello_world/mini_module_hello_world.gen/sources_1/bd/design_1/ip/design_1_xbar_0/design_1_xbar_0/design_1_xbar_0_in_context.xdc] for cell 'design_1_i/ps7_0_axi_periph/xbar'
Finished Parsing XDC File [d:/2025/Learning/FPGA_Projects/mini_module_hello_world/mini_module_hello_world.gen/sources_1/bd/design_1/ip/design_1_xbar_0/design_1_xbar_0/design_1_xbar_0_in_context.xdc] for cell 'design_1_i/ps7_0_axi_periph/xbar'
Parsing XDC File [d:/2025/Learning/FPGA_Projects/mini_module_hello_world/mini_module_hello_world.gen/sources_1/bd/design_1/ip/design_1_auto_pc_0/design_1_auto_pc_0/design_1_auto_pc_0_in_context.xdc] for cell 'design_1_i/ps7_0_axi_periph/s00_couplers/auto_pc'
Finished Parsing XDC File [d:/2025/Learning/FPGA_Projects/mini_module_hello_world/mini_module_hello_world.gen/sources_1/bd/design_1/ip/design_1_auto_pc_0/design_1_auto_pc_0/design_1_auto_pc_0_in_context.xdc] for cell 'design_1_i/ps7_0_axi_periph/s00_couplers/auto_pc'
Parsing XDC File [d:/2025/Learning/FPGA_Projects/mini_module_hello_world/mini_module_hello_world.gen/sources_1/bd/design_1/ip/design_1_rst_ps7_0_50M_0/design_1_rst_ps7_0_50M_0/design_1_rst_ps7_0_50M_0_in_context.xdc] for cell 'design_1_i/rst_ps7_0_50M'
Finished Parsing XDC File [d:/2025/Learning/FPGA_Projects/mini_module_hello_world/mini_module_hello_world.gen/sources_1/bd/design_1/ip/design_1_rst_ps7_0_50M_0/design_1_rst_ps7_0_50M_0/design_1_rst_ps7_0_50M_0_in_context.xdc] for cell 'design_1_i/rst_ps7_0_50M'
Parsing XDC File [D:/2025/Learning/FPGA_Projects/mini_module_hello_world/mini_module_hello_world.srcs/constrs_1/new/pin.xdc]
WARNING: [Vivado 12-584] No ports matched 'CLK_N'. [D:/2025/Learning/FPGA_Projects/mini_module_hello_world/mini_module_hello_world.srcs/constrs_1/new/pin.xdc:28]
WARNING: [Vivado 12-584] No ports matched 'CLK_N'. [D:/2025/Learning/FPGA_Projects/mini_module_hello_world/mini_module_hello_world.srcs/constrs_1/new/pin.xdc:29]
WARNING: [Vivado 12-584] No ports matched 'CLK_P'. [D:/2025/Learning/FPGA_Projects/mini_module_hello_world/mini_module_hello_world.srcs/constrs_1/new/pin.xdc:31]
WARNING: [Vivado 12-584] No ports matched 'CLK_P'. [D:/2025/Learning/FPGA_Projects/mini_module_hello_world/mini_module_hello_world.srcs/constrs_1/new/pin.xdc:32]
WARNING: [Vivado 12-584] No ports matched 'PJTAG_TCK'. [D:/2025/Learning/FPGA_Projects/mini_module_hello_world/mini_module_hello_world.srcs/constrs_1/new/pin.xdc:37]
WARNING: [Vivado 12-584] No ports matched 'PJTAG_TCK'. [D:/2025/Learning/FPGA_Projects/mini_module_hello_world/mini_module_hello_world.srcs/constrs_1/new/pin.xdc:38]
WARNING: [Vivado 12-584] No ports matched 'PJTAG_TMS'. [D:/2025/Learning/FPGA_Projects/mini_module_hello_world/mini_module_hello_world.srcs/constrs_1/new/pin.xdc:40]
WARNING: [Vivado 12-584] No ports matched 'PJTAG_TMS'. [D:/2025/Learning/FPGA_Projects/mini_module_hello_world/mini_module_hello_world.srcs/constrs_1/new/pin.xdc:41]
WARNING: [Vivado 12-584] No ports matched 'PJTAG_TD_I'. [D:/2025/Learning/FPGA_Projects/mini_module_hello_world/mini_module_hello_world.srcs/constrs_1/new/pin.xdc:43]
WARNING: [Vivado 12-584] No ports matched 'PJTAG_TD_I'. [D:/2025/Learning/FPGA_Projects/mini_module_hello_world/mini_module_hello_world.srcs/constrs_1/new/pin.xdc:44]
WARNING: [Vivado 12-584] No ports matched 'PJTAG_TD_O'. [D:/2025/Learning/FPGA_Projects/mini_module_hello_world/mini_module_hello_world.srcs/constrs_1/new/pin.xdc:46]
WARNING: [Vivado 12-584] No ports matched 'PJTAG_TD_O'. [D:/2025/Learning/FPGA_Projects/mini_module_hello_world/mini_module_hello_world.srcs/constrs_1/new/pin.xdc:47]
WARNING: [Vivado 12-584] No ports matched 'LVDS_CLK_P'. [D:/2025/Learning/FPGA_Projects/mini_module_hello_world/mini_module_hello_world.srcs/constrs_1/new/pin.xdc:52]
WARNING: [Vivado 12-584] No ports matched 'LVDS_CLK_P'. [D:/2025/Learning/FPGA_Projects/mini_module_hello_world/mini_module_hello_world.srcs/constrs_1/new/pin.xdc:53]
WARNING: [Vivado 12-584] No ports matched 'LVDS_CLK_N'. [D:/2025/Learning/FPGA_Projects/mini_module_hello_world/mini_module_hello_world.srcs/constrs_1/new/pin.xdc:55]
WARNING: [Vivado 12-584] No ports matched 'LVDS_CLK_N'. [D:/2025/Learning/FPGA_Projects/mini_module_hello_world/mini_module_hello_world.srcs/constrs_1/new/pin.xdc:56]
WARNING: [Vivado 12-584] No ports matched 'CDCM_OD0'. [D:/2025/Learning/FPGA_Projects/mini_module_hello_world/mini_module_hello_world.srcs/constrs_1/new/pin.xdc:58]
WARNING: [Vivado 12-584] No ports matched 'CDCM_OD0'. [D:/2025/Learning/FPGA_Projects/mini_module_hello_world/mini_module_hello_world.srcs/constrs_1/new/pin.xdc:59]
WARNING: [Vivado 12-584] No ports matched 'CDCM_OD1'. [D:/2025/Learning/FPGA_Projects/mini_module_hello_world/mini_module_hello_world.srcs/constrs_1/new/pin.xdc:61]
WARNING: [Vivado 12-584] No ports matched 'CDCM_OD1'. [D:/2025/Learning/FPGA_Projects/mini_module_hello_world/mini_module_hello_world.srcs/constrs_1/new/pin.xdc:62]
WARNING: [Vivado 12-584] No ports matched 'CDCM_OD2'. [D:/2025/Learning/FPGA_Projects/mini_module_hello_world/mini_module_hello_world.srcs/constrs_1/new/pin.xdc:64]
WARNING: [Vivado 12-584] No ports matched 'CDCM_OD2'. [D:/2025/Learning/FPGA_Projects/mini_module_hello_world/mini_module_hello_world.srcs/constrs_1/new/pin.xdc:65]
WARNING: [Vivado 12-584] No ports matched 'CDCM_PR0'. [D:/2025/Learning/FPGA_Projects/mini_module_hello_world/mini_module_hello_world.srcs/constrs_1/new/pin.xdc:67]
WARNING: [Vivado 12-584] No ports matched 'CDCM_PR0'. [D:/2025/Learning/FPGA_Projects/mini_module_hello_world/mini_module_hello_world.srcs/constrs_1/new/pin.xdc:68]
WARNING: [Vivado 12-584] No ports matched 'CDCM_PR1'. [D:/2025/Learning/FPGA_Projects/mini_module_hello_world/mini_module_hello_world.srcs/constrs_1/new/pin.xdc:70]
WARNING: [Vivado 12-584] No ports matched 'CDCM_PR1'. [D:/2025/Learning/FPGA_Projects/mini_module_hello_world/mini_module_hello_world.srcs/constrs_1/new/pin.xdc:71]
WARNING: [Vivado 12-584] No ports matched 'CDCM_RST_N'. [D:/2025/Learning/FPGA_Projects/mini_module_hello_world/mini_module_hello_world.srcs/constrs_1/new/pin.xdc:73]
WARNING: [Vivado 12-584] No ports matched 'CDCM_RST_N'. [D:/2025/Learning/FPGA_Projects/mini_module_hello_world/mini_module_hello_world.srcs/constrs_1/new/pin.xdc:74]
WARNING: [Vivado 12-584] No ports matched 'Linear_Flash_address_out[26]'. [D:/2025/Learning/FPGA_Projects/mini_module_hello_world/mini_module_hello_world.srcs/constrs_1/new/pin.xdc:80]
WARNING: [Vivado 12-584] No ports matched 'Linear_Flash_address_out[26]'. [D:/2025/Learning/FPGA_Projects/mini_module_hello_world/mini_module_hello_world.srcs/constrs_1/new/pin.xdc:81]
WARNING: [Vivado 12-584] No ports matched 'Linear_Flash_address_out[25]'. [D:/2025/Learning/FPGA_Projects/mini_module_hello_world/mini_module_hello_world.srcs/constrs_1/new/pin.xdc:83]
WARNING: [Vivado 12-584] No ports matched 'Linear_Flash_address_out[25]'. [D:/2025/Learning/FPGA_Projects/mini_module_hello_world/mini_module_hello_world.srcs/constrs_1/new/pin.xdc:84]
WARNING: [Vivado 12-584] No ports matched 'Linear_Flash_address_out[24]'. [D:/2025/Learning/FPGA_Projects/mini_module_hello_world/mini_module_hello_world.srcs/constrs_1/new/pin.xdc:86]
WARNING: [Vivado 12-584] No ports matched 'Linear_Flash_address_out[24]'. [D:/2025/Learning/FPGA_Projects/mini_module_hello_world/mini_module_hello_world.srcs/constrs_1/new/pin.xdc:87]
WARNING: [Vivado 12-584] No ports matched 'Linear_Flash_address_out[23]'. [D:/2025/Learning/FPGA_Projects/mini_module_hello_world/mini_module_hello_world.srcs/constrs_1/new/pin.xdc:89]
WARNING: [Vivado 12-584] No ports matched 'Linear_Flash_address_out[23]'. [D:/2025/Learning/FPGA_Projects/mini_module_hello_world/mini_module_hello_world.srcs/constrs_1/new/pin.xdc:90]
WARNING: [Vivado 12-584] No ports matched 'Linear_Flash_address_out[22]'. [D:/2025/Learning/FPGA_Projects/mini_module_hello_world/mini_module_hello_world.srcs/constrs_1/new/pin.xdc:92]
WARNING: [Vivado 12-584] No ports matched 'Linear_Flash_address_out[22]'. [D:/2025/Learning/FPGA_Projects/mini_module_hello_world/mini_module_hello_world.srcs/constrs_1/new/pin.xdc:93]
WARNING: [Vivado 12-584] No ports matched 'Linear_Flash_address_out[21]'. [D:/2025/Learning/FPGA_Projects/mini_module_hello_world/mini_module_hello_world.srcs/constrs_1/new/pin.xdc:95]
WARNING: [Vivado 12-584] No ports matched 'Linear_Flash_address_out[21]'. [D:/2025/Learning/FPGA_Projects/mini_module_hello_world/mini_module_hello_world.srcs/constrs_1/new/pin.xdc:96]
WARNING: [Vivado 12-584] No ports matched 'Linear_Flash_address_out[20]'. [D:/2025/Learning/FPGA_Projects/mini_module_hello_world/mini_module_hello_world.srcs/constrs_1/new/pin.xdc:98]
WARNING: [Vivado 12-584] No ports matched 'Linear_Flash_address_out[20]'. [D:/2025/Learning/FPGA_Projects/mini_module_hello_world/mini_module_hello_world.srcs/constrs_1/new/pin.xdc:99]
WARNING: [Vivado 12-584] No ports matched 'Linear_Flash_address_out[19]'. [D:/2025/Learning/FPGA_Projects/mini_module_hello_world/mini_module_hello_world.srcs/constrs_1/new/pin.xdc:101]
WARNING: [Vivado 12-584] No ports matched 'Linear_Flash_address_out[19]'. [D:/2025/Learning/FPGA_Projects/mini_module_hello_world/mini_module_hello_world.srcs/constrs_1/new/pin.xdc:102]
WARNING: [Vivado 12-584] No ports matched 'Linear_Flash_address_out[18]'. [D:/2025/Learning/FPGA_Projects/mini_module_hello_world/mini_module_hello_world.srcs/constrs_1/new/pin.xdc:104]
WARNING: [Vivado 12-584] No ports matched 'Linear_Flash_address_out[18]'. [D:/2025/Learning/FPGA_Projects/mini_module_hello_world/mini_module_hello_world.srcs/constrs_1/new/pin.xdc:105]
WARNING: [Vivado 12-584] No ports matched 'Linear_Flash_address_out[17]'. [D:/2025/Learning/FPGA_Projects/mini_module_hello_world/mini_module_hello_world.srcs/constrs_1/new/pin.xdc:107]
WARNING: [Vivado 12-584] No ports matched 'Linear_Flash_address_out[17]'. [D:/2025/Learning/FPGA_Projects/mini_module_hello_world/mini_module_hello_world.srcs/constrs_1/new/pin.xdc:108]
WARNING: [Vivado 12-584] No ports matched 'Linear_Flash_address_out[16]'. [D:/2025/Learning/FPGA_Projects/mini_module_hello_world/mini_module_hello_world.srcs/constrs_1/new/pin.xdc:110]
WARNING: [Vivado 12-584] No ports matched 'Linear_Flash_address_out[16]'. [D:/2025/Learning/FPGA_Projects/mini_module_hello_world/mini_module_hello_world.srcs/constrs_1/new/pin.xdc:111]
WARNING: [Vivado 12-584] No ports matched 'Linear_Flash_address_out[15]'. [D:/2025/Learning/FPGA_Projects/mini_module_hello_world/mini_module_hello_world.srcs/constrs_1/new/pin.xdc:113]
WARNING: [Vivado 12-584] No ports matched 'Linear_Flash_address_out[15]'. [D:/2025/Learning/FPGA_Projects/mini_module_hello_world/mini_module_hello_world.srcs/constrs_1/new/pin.xdc:114]
WARNING: [Vivado 12-584] No ports matched 'Linear_Flash_address_out[14]'. [D:/2025/Learning/FPGA_Projects/mini_module_hello_world/mini_module_hello_world.srcs/constrs_1/new/pin.xdc:116]
WARNING: [Vivado 12-584] No ports matched 'Linear_Flash_address_out[14]'. [D:/2025/Learning/FPGA_Projects/mini_module_hello_world/mini_module_hello_world.srcs/constrs_1/new/pin.xdc:117]
WARNING: [Vivado 12-584] No ports matched 'Linear_Flash_address_out[13]'. [D:/2025/Learning/FPGA_Projects/mini_module_hello_world/mini_module_hello_world.srcs/constrs_1/new/pin.xdc:119]
WARNING: [Vivado 12-584] No ports matched 'Linear_Flash_address_out[13]'. [D:/2025/Learning/FPGA_Projects/mini_module_hello_world/mini_module_hello_world.srcs/constrs_1/new/pin.xdc:120]
WARNING: [Vivado 12-584] No ports matched 'Linear_Flash_address_out[12]'. [D:/2025/Learning/FPGA_Projects/mini_module_hello_world/mini_module_hello_world.srcs/constrs_1/new/pin.xdc:122]
WARNING: [Vivado 12-584] No ports matched 'Linear_Flash_address_out[12]'. [D:/2025/Learning/FPGA_Projects/mini_module_hello_world/mini_module_hello_world.srcs/constrs_1/new/pin.xdc:123]
WARNING: [Vivado 12-584] No ports matched 'Linear_Flash_address_out[11]'. [D:/2025/Learning/FPGA_Projects/mini_module_hello_world/mini_module_hello_world.srcs/constrs_1/new/pin.xdc:125]
WARNING: [Vivado 12-584] No ports matched 'Linear_Flash_address_out[11]'. [D:/2025/Learning/FPGA_Projects/mini_module_hello_world/mini_module_hello_world.srcs/constrs_1/new/pin.xdc:126]
WARNING: [Vivado 12-584] No ports matched 'Linear_Flash_address_out[10]'. [D:/2025/Learning/FPGA_Projects/mini_module_hello_world/mini_module_hello_world.srcs/constrs_1/new/pin.xdc:128]
WARNING: [Vivado 12-584] No ports matched 'Linear_Flash_address_out[10]'. [D:/2025/Learning/FPGA_Projects/mini_module_hello_world/mini_module_hello_world.srcs/constrs_1/new/pin.xdc:129]
WARNING: [Vivado 12-584] No ports matched 'Linear_Flash_address_out[9]'. [D:/2025/Learning/FPGA_Projects/mini_module_hello_world/mini_module_hello_world.srcs/constrs_1/new/pin.xdc:131]
WARNING: [Vivado 12-584] No ports matched 'Linear_Flash_address_out[9]'. [D:/2025/Learning/FPGA_Projects/mini_module_hello_world/mini_module_hello_world.srcs/constrs_1/new/pin.xdc:132]
WARNING: [Vivado 12-584] No ports matched 'Linear_Flash_address_out[8]'. [D:/2025/Learning/FPGA_Projects/mini_module_hello_world/mini_module_hello_world.srcs/constrs_1/new/pin.xdc:134]
WARNING: [Vivado 12-584] No ports matched 'Linear_Flash_address_out[8]'. [D:/2025/Learning/FPGA_Projects/mini_module_hello_world/mini_module_hello_world.srcs/constrs_1/new/pin.xdc:135]
WARNING: [Vivado 12-584] No ports matched 'Linear_Flash_address_out[7]'. [D:/2025/Learning/FPGA_Projects/mini_module_hello_world/mini_module_hello_world.srcs/constrs_1/new/pin.xdc:137]
WARNING: [Vivado 12-584] No ports matched 'Linear_Flash_address_out[7]'. [D:/2025/Learning/FPGA_Projects/mini_module_hello_world/mini_module_hello_world.srcs/constrs_1/new/pin.xdc:138]
WARNING: [Vivado 12-584] No ports matched 'Linear_Flash_address_out[6]'. [D:/2025/Learning/FPGA_Projects/mini_module_hello_world/mini_module_hello_world.srcs/constrs_1/new/pin.xdc:140]
WARNING: [Vivado 12-584] No ports matched 'Linear_Flash_address_out[6]'. [D:/2025/Learning/FPGA_Projects/mini_module_hello_world/mini_module_hello_world.srcs/constrs_1/new/pin.xdc:141]
WARNING: [Vivado 12-584] No ports matched 'Linear_Flash_address_out[5]'. [D:/2025/Learning/FPGA_Projects/mini_module_hello_world/mini_module_hello_world.srcs/constrs_1/new/pin.xdc:143]
WARNING: [Vivado 12-584] No ports matched 'Linear_Flash_address_out[5]'. [D:/2025/Learning/FPGA_Projects/mini_module_hello_world/mini_module_hello_world.srcs/constrs_1/new/pin.xdc:144]
WARNING: [Vivado 12-584] No ports matched 'Linear_Flash_address_out[4]'. [D:/2025/Learning/FPGA_Projects/mini_module_hello_world/mini_module_hello_world.srcs/constrs_1/new/pin.xdc:146]
WARNING: [Vivado 12-584] No ports matched 'Linear_Flash_address_out[4]'. [D:/2025/Learning/FPGA_Projects/mini_module_hello_world/mini_module_hello_world.srcs/constrs_1/new/pin.xdc:147]
WARNING: [Vivado 12-584] No ports matched 'Linear_Flash_address_out[3]'. [D:/2025/Learning/FPGA_Projects/mini_module_hello_world/mini_module_hello_world.srcs/constrs_1/new/pin.xdc:149]
WARNING: [Vivado 12-584] No ports matched 'Linear_Flash_address_out[3]'. [D:/2025/Learning/FPGA_Projects/mini_module_hello_world/mini_module_hello_world.srcs/constrs_1/new/pin.xdc:150]
WARNING: [Vivado 12-584] No ports matched 'Linear_Flash_address_out[2]'. [D:/2025/Learning/FPGA_Projects/mini_module_hello_world/mini_module_hello_world.srcs/constrs_1/new/pin.xdc:152]
WARNING: [Vivado 12-584] No ports matched 'Linear_Flash_address_out[2]'. [D:/2025/Learning/FPGA_Projects/mini_module_hello_world/mini_module_hello_world.srcs/constrs_1/new/pin.xdc:153]
WARNING: [Vivado 12-584] No ports matched 'Linear_Flash_address_out[1]'. [D:/2025/Learning/FPGA_Projects/mini_module_hello_world/mini_module_hello_world.srcs/constrs_1/new/pin.xdc:155]
WARNING: [Vivado 12-584] No ports matched 'Linear_Flash_address_out[1]'. [D:/2025/Learning/FPGA_Projects/mini_module_hello_world/mini_module_hello_world.srcs/constrs_1/new/pin.xdc:156]
WARNING: [Vivado 12-584] No ports matched 'Linear_Flash_adv_ldn'. [D:/2025/Learning/FPGA_Projects/mini_module_hello_world/mini_module_hello_world.srcs/constrs_1/new/pin.xdc:158]
WARNING: [Vivado 12-584] No ports matched 'Linear_Flash_adv_ldn'. [D:/2025/Learning/FPGA_Projects/mini_module_hello_world/mini_module_hello_world.srcs/constrs_1/new/pin.xdc:159]
WARNING: [Vivado 12-584] No ports matched 'Linear_Flash_ce_n[0]'. [D:/2025/Learning/FPGA_Projects/mini_module_hello_world/mini_module_hello_world.srcs/constrs_1/new/pin.xdc:161]
WARNING: [Vivado 12-584] No ports matched 'Linear_Flash_ce_n[0]'. [D:/2025/Learning/FPGA_Projects/mini_module_hello_world/mini_module_hello_world.srcs/constrs_1/new/pin.xdc:162]
WARNING: [Vivado 12-584] No ports matched 'Linear_Flash_data_io[15]'. [D:/2025/Learning/FPGA_Projects/mini_module_hello_world/mini_module_hello_world.srcs/constrs_1/new/pin.xdc:164]
WARNING: [Vivado 12-584] No ports matched 'Linear_Flash_data_io[15]'. [D:/2025/Learning/FPGA_Projects/mini_module_hello_world/mini_module_hello_world.srcs/constrs_1/new/pin.xdc:165]
WARNING: [Vivado 12-584] No ports matched 'Linear_Flash_data_io[14]'. [D:/2025/Learning/FPGA_Projects/mini_module_hello_world/mini_module_hello_world.srcs/constrs_1/new/pin.xdc:167]
WARNING: [Vivado 12-584] No ports matched 'Linear_Flash_data_io[14]'. [D:/2025/Learning/FPGA_Projects/mini_module_hello_world/mini_module_hello_world.srcs/constrs_1/new/pin.xdc:168]
WARNING: [Vivado 12-584] No ports matched 'Linear_Flash_data_io[13]'. [D:/2025/Learning/FPGA_Projects/mini_module_hello_world/mini_module_hello_world.srcs/constrs_1/new/pin.xdc:170]
WARNING: [Vivado 12-584] No ports matched 'Linear_Flash_data_io[13]'. [D:/2025/Learning/FPGA_Projects/mini_module_hello_world/mini_module_hello_world.srcs/constrs_1/new/pin.xdc:171]
WARNING: [Vivado 12-584] No ports matched 'Linear_Flash_data_io[12]'. [D:/2025/Learning/FPGA_Projects/mini_module_hello_world/mini_module_hello_world.srcs/constrs_1/new/pin.xdc:173]
WARNING: [Vivado 12-584] No ports matched 'Linear_Flash_data_io[12]'. [D:/2025/Learning/FPGA_Projects/mini_module_hello_world/mini_module_hello_world.srcs/constrs_1/new/pin.xdc:174]
WARNING: [Vivado 12-584] No ports matched 'Linear_Flash_data_io[11]'. [D:/2025/Learning/FPGA_Projects/mini_module_hello_world/mini_module_hello_world.srcs/constrs_1/new/pin.xdc:176]
WARNING: [Vivado 12-584] No ports matched 'Linear_Flash_data_io[11]'. [D:/2025/Learning/FPGA_Projects/mini_module_hello_world/mini_module_hello_world.srcs/constrs_1/new/pin.xdc:177]
WARNING: [Vivado 12-584] No ports matched 'Linear_Flash_data_io[10]'. [D:/2025/Learning/FPGA_Projects/mini_module_hello_world/mini_module_hello_world.srcs/constrs_1/new/pin.xdc:179]
WARNING: [Vivado 12-584] No ports matched 'Linear_Flash_data_io[10]'. [D:/2025/Learning/FPGA_Projects/mini_module_hello_world/mini_module_hello_world.srcs/constrs_1/new/pin.xdc:180]
WARNING: [Vivado 12-584] No ports matched 'Linear_Flash_data_io[9]'. [D:/2025/Learning/FPGA_Projects/mini_module_hello_world/mini_module_hello_world.srcs/constrs_1/new/pin.xdc:182]
WARNING: [Vivado 12-584] No ports matched 'Linear_Flash_data_io[9]'. [D:/2025/Learning/FPGA_Projects/mini_module_hello_world/mini_module_hello_world.srcs/constrs_1/new/pin.xdc:183]
WARNING: [Vivado 12-584] No ports matched 'Linear_Flash_data_io[8]'. [D:/2025/Learning/FPGA_Projects/mini_module_hello_world/mini_module_hello_world.srcs/constrs_1/new/pin.xdc:185]
WARNING: [Vivado 12-584] No ports matched 'Linear_Flash_data_io[8]'. [D:/2025/Learning/FPGA_Projects/mini_module_hello_world/mini_module_hello_world.srcs/constrs_1/new/pin.xdc:186]
INFO: [Common 17-14] Message 'Vivado 12-584' appears 100 times and further instances of the messages will be disabled. Use the Tcl command set_msg_config to change the current settings. [D:/2025/Learning/FPGA_Projects/mini_module_hello_world/mini_module_hello_world.srcs/constrs_1/new/pin.xdc:186]
CRITICAL WARNING: [Common 17-161] Invalid option value '#' specified for 'objects'. [D:/2025/Learning/FPGA_Projects/mini_module_hello_world/mini_module_hello_world.srcs/constrs_1/new/pin.xdc:419]
CRITICAL WARNING: [Common 17-161] Invalid option value '#' specified for 'objects'. [D:/2025/Learning/FPGA_Projects/mini_module_hello_world/mini_module_hello_world.srcs/constrs_1/new/pin.xdc:422]
CRITICAL WARNING: [Common 17-161] Invalid option value '#' specified for 'objects'. [D:/2025/Learning/FPGA_Projects/mini_module_hello_world/mini_module_hello_world.srcs/constrs_1/new/pin.xdc:425]
CRITICAL WARNING: [Common 17-161] Invalid option value '#' specified for 'objects'. [D:/2025/Learning/FPGA_Projects/mini_module_hello_world/mini_module_hello_world.srcs/constrs_1/new/pin.xdc:428]
CRITICAL WARNING: [Common 17-161] Invalid option value '#' specified for 'objects'. [D:/2025/Learning/FPGA_Projects/mini_module_hello_world/mini_module_hello_world.srcs/constrs_1/new/pin.xdc:431]
CRITICAL WARNING: [Common 17-161] Invalid option value '#' specified for 'objects'. [D:/2025/Learning/FPGA_Projects/mini_module_hello_world/mini_module_hello_world.srcs/constrs_1/new/pin.xdc:434]
CRITICAL WARNING: [Common 17-161] Invalid option value '#' specified for 'objects'. [D:/2025/Learning/FPGA_Projects/mini_module_hello_world/mini_module_hello_world.srcs/constrs_1/new/pin.xdc:436]
CRITICAL WARNING: [Common 17-161] Invalid option value '#' specified for 'objects'. [D:/2025/Learning/FPGA_Projects/mini_module_hello_world/mini_module_hello_world.srcs/constrs_1/new/pin.xdc:439]
CRITICAL WARNING: [Common 17-161] Invalid option value '#' specified for 'objects'. [D:/2025/Learning/FPGA_Projects/mini_module_hello_world/mini_module_hello_world.srcs/constrs_1/new/pin.xdc:442]
CRITICAL WARNING: [Common 17-161] Invalid option value '#' specified for 'objects'. [D:/2025/Learning/FPGA_Projects/mini_module_hello_world/mini_module_hello_world.srcs/constrs_1/new/pin.xdc:445]
CRITICAL WARNING: [Common 17-161] Invalid option value '#' specified for 'objects'. [D:/2025/Learning/FPGA_Projects/mini_module_hello_world/mini_module_hello_world.srcs/constrs_1/new/pin.xdc:448]
CRITICAL WARNING: [Common 17-161] Invalid option value '#' specified for 'objects'. [D:/2025/Learning/FPGA_Projects/mini_module_hello_world/mini_module_hello_world.srcs/constrs_1/new/pin.xdc:451]
CRITICAL WARNING: [Common 17-161] Invalid option value '#' specified for 'objects'. [D:/2025/Learning/FPGA_Projects/mini_module_hello_world/mini_module_hello_world.srcs/constrs_1/new/pin.xdc:457]
CRITICAL WARNING: [Common 17-161] Invalid option value '#' specified for 'objects'. [D:/2025/Learning/FPGA_Projects/mini_module_hello_world/mini_module_hello_world.srcs/constrs_1/new/pin.xdc:466]
CRITICAL WARNING: [Common 17-161] Invalid option value '#' specified for 'objects'. [D:/2025/Learning/FPGA_Projects/mini_module_hello_world/mini_module_hello_world.srcs/constrs_1/new/pin.xdc:469]
CRITICAL WARNING: [Common 17-161] Invalid option value '#' specified for 'objects'. [D:/2025/Learning/FPGA_Projects/mini_module_hello_world/mini_module_hello_world.srcs/constrs_1/new/pin.xdc:628]
CRITICAL WARNING: [Common 17-161] Invalid option value '#' specified for 'objects'. [D:/2025/Learning/FPGA_Projects/mini_module_hello_world/mini_module_hello_world.srcs/constrs_1/new/pin.xdc:631]
CRITICAL WARNING: [Common 17-161] Invalid option value '#' specified for 'objects'. [D:/2025/Learning/FPGA_Projects/mini_module_hello_world/mini_module_hello_world.srcs/constrs_1/new/pin.xdc:634]
CRITICAL WARNING: [Common 17-161] Invalid option value '#' specified for 'objects'. [D:/2025/Learning/FPGA_Projects/mini_module_hello_world/mini_module_hello_world.srcs/constrs_1/new/pin.xdc:637]
CRITICAL WARNING: [Common 17-161] Invalid option value '#' specified for 'objects'. [D:/2025/Learning/FPGA_Projects/mini_module_hello_world/mini_module_hello_world.srcs/constrs_1/new/pin.xdc:640]
CRITICAL WARNING: [Common 17-161] Invalid option value '#' specified for 'objects'. [D:/2025/Learning/FPGA_Projects/mini_module_hello_world/mini_module_hello_world.srcs/constrs_1/new/pin.xdc:709]
CRITICAL WARNING: [Common 17-161] Invalid option value '#' specified for 'objects'. [D:/2025/Learning/FPGA_Projects/mini_module_hello_world/mini_module_hello_world.srcs/constrs_1/new/pin.xdc:715]
CRITICAL WARNING: [Common 17-161] Invalid option value '#' specified for 'objects'. [D:/2025/Learning/FPGA_Projects/mini_module_hello_world/mini_module_hello_world.srcs/constrs_1/new/pin.xdc:718]
CRITICAL WARNING: [Common 17-161] Invalid option value '#' specified for 'objects'. [D:/2025/Learning/FPGA_Projects/mini_module_hello_world/mini_module_hello_world.srcs/constrs_1/new/pin.xdc:721]
CRITICAL WARNING: [Common 17-161] Invalid option value '#' specified for 'objects'. [D:/2025/Learning/FPGA_Projects/mini_module_hello_world/mini_module_hello_world.srcs/constrs_1/new/pin.xdc:724]
Finished Parsing XDC File [D:/2025/Learning/FPGA_Projects/mini_module_hello_world/mini_module_hello_world.srcs/constrs_1/new/pin.xdc]
WARNING: [Project 1-498] One or more constraints failed evaluation while reading constraint file [D:/2025/Learning/FPGA_Projects/mini_module_hello_world/mini_module_hello_world.srcs/constrs_1/new/pin.xdc] and the design contains unresolved black boxes. These constraints will be read post-synthesis (as long as their source constraint file is marked as used_in_implementation) and should be applied correctly then. You should review the constraints listed in the file [.Xil/design_1_wrapper_propImpl.xdc] and check the run log file to verify that these constraints were correctly applied.
Parsing XDC File [D:/2025/Learning/FPGA_Projects/mini_module_hello_world/mini_module_hello_world.runs/synth_1/dont_touch.xdc]
Finished Parsing XDC File [D:/2025/Learning/FPGA_Projects/mini_module_hello_world/mini_module_hello_world.runs/synth_1/dont_touch.xdc]
Completed Processing XDC Constraints

Netlist sorting complete. Time (s): cpu = 00:00:00 ; elapsed = 00:00:00 . Memory (MB): peak = 1752.402 ; gain = 0.000
INFO: [Project 1-111] Unisim Transformation Summary:
No Unisim elements were transformed.

Constraint Validation Runtime : Time (s): cpu = 00:00:00 ; elapsed = 00:00:00.007 . Memory (MB): peak = 1752.402 ; gain = 0.000
INFO: [Designutils 20-5440] No compile time benefit to using incremental synthesis; A full resynthesis will be run
INFO: [Designutils 20-4379] Flow is switching to default flow due to incremental criteria not met. If you would like to alter this behaviour and have the flow terminate instead, please set the following parameter config_implementation {autoIncr.Synth.RejectBehavior Terminate}
---------------------------------------------------------------------------------
Finished Constraint Validation : Time (s): cpu = 00:00:17 ; elapsed = 00:00:18 . Memory (MB): peak = 1752.402 ; gain = 583.871
---------------------------------------------------------------------------------
---------------------------------------------------------------------------------
Start Loading Part and Timing Information
---------------------------------------------------------------------------------
Loading part: xc7z100ffg900-2
---------------------------------------------------------------------------------
Finished Loading Part and Timing Information : Time (s): cpu = 00:00:17 ; elapsed = 00:00:18 . Memory (MB): peak = 1752.402 ; gain = 583.871
---------------------------------------------------------------------------------
---------------------------------------------------------------------------------
Start Applying 'set_property' XDC Constraints
---------------------------------------------------------------------------------
Applied set_property IO_BUFFER_TYPE = NONE for DDR_addr[0]. (constraint file  d:/2025/Learning/FPGA_Projects/mini_module_hello_world/mini_module_hello_world.gen/sources_1/bd/design_1/ip/design_1_processing_system7_0_0/design_1_processing_system7_0_0/design_1_processing_system7_0_0_in_context.xdc, line 2).
Applied set_property CLOCK_BUFFER_TYPE = NONE for DDR_addr[0]. (constraint file  d:/2025/Learning/FPGA_Projects/mini_module_hello_world/mini_module_hello_world.gen/sources_1/bd/design_1/ip/design_1_processing_system7_0_0/design_1_processing_system7_0_0/design_1_processing_system7_0_0_in_context.xdc, line 3).
Applied set_property IO_BUFFER_TYPE = NONE for DDR_addr[10]. (constraint file  d:/2025/Learning/FPGA_Projects/mini_module_hello_world/mini_module_hello_world.gen/sources_1/bd/design_1/ip/design_1_processing_system7_0_0/design_1_processing_system7_0_0/design_1_processing_system7_0_0_in_context.xdc, line 4).
Applied set_property CLOCK_BUFFER_TYPE = NONE for DDR_addr[10]. (constraint file  d:/2025/Learning/FPGA_Projects/mini_module_hello_world/mini_module_hello_world.gen/sources_1/bd/design_1/ip/design_1_processing_system7_0_0/design_1_processing_system7_0_0/design_1_processing_system7_0_0_in_context.xdc, line 5).
Applied set_property IO_BUFFER_TYPE = NONE for DDR_addr[11]. (constraint file  d:/2025/Learning/FPGA_Projects/mini_module_hello_world/mini_module_hello_world.gen/sources_1/bd/design_1/ip/design_1_processing_system7_0_0/design_1_processing_system7_0_0/design_1_processing_system7_0_0_in_context.xdc, line 6).
Applied set_property CLOCK_BUFFER_TYPE = NONE for DDR_addr[11]. (constraint file  d:/2025/Learning/FPGA_Projects/mini_module_hello_world/mini_module_hello_world.gen/sources_1/bd/design_1/ip/design_1_processing_system7_0_0/design_1_processing_system7_0_0/design_1_processing_system7_0_0_in_context.xdc, line 7).
Applied set_property IO_BUFFER_TYPE = NONE for DDR_addr[12]. (constraint file  d:/2025/Learning/FPGA_Projects/mini_module_hello_world/mini_module_hello_world.gen/sources_1/bd/design_1/ip/design_1_processing_system7_0_0/design_1_processing_system7_0_0/design_1_processing_system7_0_0_in_context.xdc, line 8).
Applied set_property CLOCK_BUFFER_TYPE = NONE for DDR_addr[12]. (constraint file  d:/2025/Learning/FPGA_Projects/mini_module_hello_world/mini_module_hello_world.gen/sources_1/bd/design_1/ip/design_1_processing_system7_0_0/design_1_processing_system7_0_0/design_1_processing_system7_0_0_in_context.xdc, line 9).
Applied set_property IO_BUFFER_TYPE = NONE for DDR_addr[13]. (constraint file  d:/2025/Learning/FPGA_Projects/mini_module_hello_world/mini_module_hello_world.gen/sources_1/bd/design_1/ip/design_1_processing_system7_0_0/design_1_processing_system7_0_0/design_1_processing_system7_0_0_in_context.xdc, line 10).
Applied set_property CLOCK_BUFFER_TYPE = NONE for DDR_addr[13]. (constraint file  d:/2025/Learning/FPGA_Projects/mini_module_hello_world/mini_module_hello_world.gen/sources_1/bd/design_1/ip/design_1_processing_system7_0_0/design_1_processing_system7_0_0/design_1_processing_system7_0_0_in_context.xdc, line 11).
Applied set_property IO_BUFFER_TYPE = NONE for DDR_addr[14]. (constraint file  d:/2025/Learning/FPGA_Projects/mini_module_hello_world/mini_module_hello_world.gen/sources_1/bd/design_1/ip/design_1_processing_system7_0_0/design_1_processing_system7_0_0/design_1_processing_system7_0_0_in_context.xdc, line 12).
Applied set_property CLOCK_BUFFER_TYPE = NONE for DDR_addr[14]. (constraint file  d:/2025/Learning/FPGA_Projects/mini_module_hello_world/mini_module_hello_world.gen/sources_1/bd/design_1/ip/design_1_processing_system7_0_0/design_1_processing_system7_0_0/design_1_processing_system7_0_0_in_context.xdc, line 13).
Applied set_property IO_BUFFER_TYPE = NONE for DDR_addr[1]. (constraint file  d:/2025/Learning/FPGA_Projects/mini_module_hello_world/mini_module_hello_world.gen/sources_1/bd/design_1/ip/design_1_processing_system7_0_0/design_1_processing_system7_0_0/design_1_processing_system7_0_0_in_context.xdc, line 14).
Applied set_property CLOCK_BUFFER_TYPE = NONE for DDR_addr[1]. (constraint file  d:/2025/Learning/FPGA_Projects/mini_module_hello_world/mini_module_hello_world.gen/sources_1/bd/design_1/ip/design_1_processing_system7_0_0/design_1_processing_system7_0_0/design_1_processing_system7_0_0_in_context.xdc, line 15).
Applied set_property IO_BUFFER_TYPE = NONE for DDR_addr[2]. (constraint file  d:/2025/Learning/FPGA_Projects/mini_module_hello_world/mini_module_hello_world.gen/sources_1/bd/design_1/ip/design_1_processing_system7_0_0/design_1_processing_system7_0_0/design_1_processing_system7_0_0_in_context.xdc, line 16).
Applied set_property CLOCK_BUFFER_TYPE = NONE for DDR_addr[2]. (constraint file  d:/2025/Learning/FPGA_Projects/mini_module_hello_world/mini_module_hello_world.gen/sources_1/bd/design_1/ip/design_1_processing_system7_0_0/design_1_processing_system7_0_0/design_1_processing_system7_0_0_in_context.xdc, line 17).
Applied set_property IO_BUFFER_TYPE = NONE for DDR_addr[3]. (constraint file  d:/2025/Learning/FPGA_Projects/mini_module_hello_world/mini_module_hello_world.gen/sources_1/bd/design_1/ip/design_1_processing_system7_0_0/design_1_processing_system7_0_0/design_1_processing_system7_0_0_in_context.xdc, line 18).
Applied set_property CLOCK_BUFFER_TYPE = NONE for DDR_addr[3]. (constraint file  d:/2025/Learning/FPGA_Projects/mini_module_hello_world/mini_module_hello_world.gen/sources_1/bd/design_1/ip/design_1_processing_system7_0_0/design_1_processing_system7_0_0/design_1_processing_system7_0_0_in_context.xdc, line 19).
Applied set_property IO_BUFFER_TYPE = NONE for DDR_addr[4]. (constraint file  d:/2025/Learning/FPGA_Projects/mini_module_hello_world/mini_module_hello_world.gen/sources_1/bd/design_1/ip/design_1_processing_system7_0_0/design_1_processing_system7_0_0/design_1_processing_system7_0_0_in_context.xdc, line 20).
Applied set_property CLOCK_BUFFER_TYPE = NONE for DDR_addr[4]. (constraint file  d:/2025/Learning/FPGA_Projects/mini_module_hello_world/mini_module_hello_world.gen/sources_1/bd/design_1/ip/design_1_processing_system7_0_0/design_1_processing_system7_0_0/design_1_processing_system7_0_0_in_context.xdc, line 21).
Applied set_property IO_BUFFER_TYPE = NONE for DDR_addr[5]. (constraint file  d:/2025/Learning/FPGA_Projects/mini_module_hello_world/mini_module_hello_world.gen/sources_1/bd/design_1/ip/design_1_processing_system7_0_0/design_1_processing_system7_0_0/design_1_processing_system7_0_0_in_context.xdc, line 22).
Applied set_property CLOCK_BUFFER_TYPE = NONE for DDR_addr[5]. (constraint file  d:/2025/Learning/FPGA_Projects/mini_module_hello_world/mini_module_hello_world.gen/sources_1/bd/design_1/ip/design_1_processing_system7_0_0/design_1_processing_system7_0_0/design_1_processing_system7_0_0_in_context.xdc, line 23).
Applied set_property IO_BUFFER_TYPE = NONE for DDR_addr[6]. (constraint file  d:/2025/Learning/FPGA_Projects/mini_module_hello_world/mini_module_hello_world.gen/sources_1/bd/design_1/ip/design_1_processing_system7_0_0/design_1_processing_system7_0_0/design_1_processing_system7_0_0_in_context.xdc, line 24).
Applied set_property CLOCK_BUFFER_TYPE = NONE for DDR_addr[6]. (constraint file  d:/2025/Learning/FPGA_Projects/mini_module_hello_world/mini_module_hello_world.gen/sources_1/bd/design_1/ip/design_1_processing_system7_0_0/design_1_processing_system7_0_0/design_1_processing_system7_0_0_in_context.xdc, line 25).
Applied set_property IO_BUFFER_TYPE = NONE for DDR_addr[7]. (constraint file  d:/2025/Learning/FPGA_Projects/mini_module_hello_world/mini_module_hello_world.gen/sources_1/bd/design_1/ip/design_1_processing_system7_0_0/design_1_processing_system7_0_0/design_1_processing_system7_0_0_in_context.xdc, line 26).
Applied set_property CLOCK_BUFFER_TYPE = NONE for DDR_addr[7]. (constraint file  d:/2025/Learning/FPGA_Projects/mini_module_hello_world/mini_module_hello_world.gen/sources_1/bd/design_1/ip/design_1_processing_system7_0_0/design_1_processing_system7_0_0/design_1_processing_system7_0_0_in_context.xdc, line 27).
Applied set_property IO_BUFFER_TYPE = NONE for DDR_addr[8]. (constraint file  d:/2025/Learning/FPGA_Projects/mini_module_hello_world/mini_module_hello_world.gen/sources_1/bd/design_1/ip/design_1_processing_system7_0_0/design_1_processing_system7_0_0/design_1_processing_system7_0_0_in_context.xdc, line 28).
Applied set_property CLOCK_BUFFER_TYPE = NONE for DDR_addr[8]. (constraint file  d:/2025/Learning/FPGA_Projects/mini_module_hello_world/mini_module_hello_world.gen/sources_1/bd/design_1/ip/design_1_processing_system7_0_0/design_1_processing_system7_0_0/design_1_processing_system7_0_0_in_context.xdc, line 29).
Applied set_property IO_BUFFER_TYPE = NONE for DDR_addr[9]. (constraint file  d:/2025/Learning/FPGA_Projects/mini_module_hello_world/mini_module_hello_world.gen/sources_1/bd/design_1/ip/design_1_processing_system7_0_0/design_1_processing_system7_0_0/design_1_processing_system7_0_0_in_context.xdc, line 30).
Applied set_property CLOCK_BUFFER_TYPE = NONE for DDR_addr[9]. (constraint file  d:/2025/Learning/FPGA_Projects/mini_module_hello_world/mini_module_hello_world.gen/sources_1/bd/design_1/ip/design_1_processing_system7_0_0/design_1_processing_system7_0_0/design_1_processing_system7_0_0_in_context.xdc, line 31).
Applied set_property IO_BUFFER_TYPE = NONE for DDR_ba[0]. (constraint file  d:/2025/Learning/FPGA_Projects/mini_module_hello_world/mini_module_hello_world.gen/sources_1/bd/design_1/ip/design_1_processing_system7_0_0/design_1_processing_system7_0_0/design_1_processing_system7_0_0_in_context.xdc, line 32).
Applied set_property CLOCK_BUFFER_TYPE = NONE for DDR_ba[0]. (constraint file  d:/2025/Learning/FPGA_Projects/mini_module_hello_world/mini_module_hello_world.gen/sources_1/bd/design_1/ip/design_1_processing_system7_0_0/design_1_processing_system7_0_0/design_1_processing_system7_0_0_in_context.xdc, line 33).
Applied set_property IO_BUFFER_TYPE = NONE for DDR_ba[1]. (constraint file  d:/2025/Learning/FPGA_Projects/mini_module_hello_world/mini_module_hello_world.gen/sources_1/bd/design_1/ip/design_1_processing_system7_0_0/design_1_processing_system7_0_0/design_1_processing_system7_0_0_in_context.xdc, line 34).
Applied set_property CLOCK_BUFFER_TYPE = NONE for DDR_ba[1]. (constraint file  d:/2025/Learning/FPGA_Projects/mini_module_hello_world/mini_module_hello_world.gen/sources_1/bd/design_1/ip/design_1_processing_system7_0_0/design_1_processing_system7_0_0/design_1_processing_system7_0_0_in_context.xdc, line 35).
Applied set_property IO_BUFFER_TYPE = NONE for DDR_ba[2]. (constraint file  d:/2025/Learning/FPGA_Projects/mini_module_hello_world/mini_module_hello_world.gen/sources_1/bd/design_1/ip/design_1_processing_system7_0_0/design_1_processing_system7_0_0/design_1_processing_system7_0_0_in_context.xdc, line 36).
Applied set_property CLOCK_BUFFER_TYPE = NONE for DDR_ba[2]. (constraint file  d:/2025/Learning/FPGA_Projects/mini_module_hello_world/mini_module_hello_world.gen/sources_1/bd/design_1/ip/design_1_processing_system7_0_0/design_1_processing_system7_0_0/design_1_processing_system7_0_0_in_context.xdc, line 37).
Applied set_property IO_BUFFER_TYPE = NONE for DDR_cas_n. (constraint file  d:/2025/Learning/FPGA_Projects/mini_module_hello_world/mini_module_hello_world.gen/sources_1/bd/design_1/ip/design_1_processing_system7_0_0/design_1_processing_system7_0_0/design_1_processing_system7_0_0_in_context.xdc, line 38).
Applied set_property CLOCK_BUFFER_TYPE = NONE for DDR_cas_n. (constraint file  d:/2025/Learning/FPGA_Projects/mini_module_hello_world/mini_module_hello_world.gen/sources_1/bd/design_1/ip/design_1_processing_system7_0_0/design_1_processing_system7_0_0/design_1_processing_system7_0_0_in_context.xdc, line 39).
Applied set_property IO_BUFFER_TYPE = NONE for DDR_cke. (constraint file  d:/2025/Learning/FPGA_Projects/mini_module_hello_world/mini_module_hello_world.gen/sources_1/bd/design_1/ip/design_1_processing_system7_0_0/design_1_processing_system7_0_0/design_1_processing_system7_0_0_in_context.xdc, line 40).
Applied set_property CLOCK_BUFFER_TYPE = NONE for DDR_cke. (constraint file  d:/2025/Learning/FPGA_Projects/mini_module_hello_world/mini_module_hello_world.gen/sources_1/bd/design_1/ip/design_1_processing_system7_0_0/design_1_processing_system7_0_0/design_1_processing_system7_0_0_in_context.xdc, line 41).
Applied set_property IO_BUFFER_TYPE = NONE for DDR_cs_n. (constraint file  d:/2025/Learning/FPGA_Projects/mini_module_hello_world/mini_module_hello_world.gen/sources_1/bd/design_1/ip/design_1_processing_system7_0_0/design_1_processing_system7_0_0/design_1_processing_system7_0_0_in_context.xdc, line 42).
Applied set_property CLOCK_BUFFER_TYPE = NONE for DDR_cs_n. (constraint file  d:/2025/Learning/FPGA_Projects/mini_module_hello_world/mini_module_hello_world.gen/sources_1/bd/design_1/ip/design_1_processing_system7_0_0/design_1_processing_system7_0_0/design_1_processing_system7_0_0_in_context.xdc, line 43).
Applied set_property IO_BUFFER_TYPE = NONE for DDR_ck_p. (constraint file  d:/2025/Learning/FPGA_Projects/mini_module_hello_world/mini_module_hello_world.gen/sources_1/bd/design_1/ip/design_1_processing_system7_0_0/design_1_processing_system7_0_0/design_1_processing_system7_0_0_in_context.xdc, line 44).
Applied set_property CLOCK_BUFFER_TYPE = NONE for DDR_ck_p. (constraint file  d:/2025/Learning/FPGA_Projects/mini_module_hello_world/mini_module_hello_world.gen/sources_1/bd/design_1/ip/design_1_processing_system7_0_0/design_1_processing_system7_0_0/design_1_processing_system7_0_0_in_context.xdc, line 45).
Applied set_property IO_BUFFER_TYPE = NONE for DDR_ck_n. (constraint file  d:/2025/Learning/FPGA_Projects/mini_module_hello_world/mini_module_hello_world.gen/sources_1/bd/design_1/ip/design_1_processing_system7_0_0/design_1_processing_system7_0_0/design_1_processing_system7_0_0_in_context.xdc, line 46).
Applied set_property CLOCK_BUFFER_TYPE = NONE for DDR_ck_n. (constraint file  d:/2025/Learning/FPGA_Projects/mini_module_hello_world/mini_module_hello_world.gen/sources_1/bd/design_1/ip/design_1_processing_system7_0_0/design_1_processing_system7_0_0/design_1_processing_system7_0_0_in_context.xdc, line 47).
Applied set_property IO_BUFFER_TYPE = NONE for DDR_dm[0]. (constraint file  d:/2025/Learning/FPGA_Projects/mini_module_hello_world/mini_module_hello_world.gen/sources_1/bd/design_1/ip/design_1_processing_system7_0_0/design_1_processing_system7_0_0/design_1_processing_system7_0_0_in_context.xdc, line 48).
Applied set_property CLOCK_BUFFER_TYPE = NONE for DDR_dm[0]. (constraint file  d:/2025/Learning/FPGA_Projects/mini_module_hello_world/mini_module_hello_world.gen/sources_1/bd/design_1/ip/design_1_processing_system7_0_0/design_1_processing_system7_0_0/design_1_processing_system7_0_0_in_context.xdc, line 49).
Applied set_property IO_BUFFER_TYPE = NONE for DDR_dm[1]. (constraint file  d:/2025/Learning/FPGA_Projects/mini_module_hello_world/mini_module_hello_world.gen/sources_1/bd/design_1/ip/design_1_processing_system7_0_0/design_1_processing_system7_0_0/design_1_processing_system7_0_0_in_context.xdc, line 50).
Applied set_property CLOCK_BUFFER_TYPE = NONE for DDR_dm[1]. (constraint file  d:/2025/Learning/FPGA_Projects/mini_module_hello_world/mini_module_hello_world.gen/sources_1/bd/design_1/ip/design_1_processing_system7_0_0/design_1_processing_system7_0_0/design_1_processing_system7_0_0_in_context.xdc, line 51).
Applied set_property IO_BUFFER_TYPE = NONE for DDR_dm[2]. (constraint file  d:/2025/Learning/FPGA_Projects/mini_module_hello_world/mini_module_hello_world.gen/sources_1/bd/design_1/ip/design_1_processing_system7_0_0/design_1_processing_system7_0_0/design_1_processing_system7_0_0_in_context.xdc, line 52).
Applied set_property CLOCK_BUFFER_TYPE = NONE for DDR_dm[2]. (constraint file  d:/2025/Learning/FPGA_Projects/mini_module_hello_world/mini_module_hello_world.gen/sources_1/bd/design_1/ip/design_1_processing_system7_0_0/design_1_processing_system7_0_0/design_1_processing_system7_0_0_in_context.xdc, line 53).
Applied set_property IO_BUFFER_TYPE = NONE for DDR_dm[3]. (constraint file  d:/2025/Learning/FPGA_Projects/mini_module_hello_world/mini_module_hello_world.gen/sources_1/bd/design_1/ip/design_1_processing_system7_0_0/design_1_processing_system7_0_0/design_1_processing_system7_0_0_in_context.xdc, line 54).
Applied set_property CLOCK_BUFFER_TYPE = NONE for DDR_dm[3]. (constraint file  d:/2025/Learning/FPGA_Projects/mini_module_hello_world/mini_module_hello_world.gen/sources_1/bd/design_1/ip/design_1_processing_system7_0_0/design_1_processing_system7_0_0/design_1_processing_system7_0_0_in_context.xdc, line 55).
Applied set_property IO_BUFFER_TYPE = NONE for DDR_dqs_p[0]. (constraint file  d:/2025/Learning/FPGA_Projects/mini_module_hello_world/mini_module_hello_world.gen/sources_1/bd/design_1/ip/design_1_processing_system7_0_0/design_1_processing_system7_0_0/design_1_processing_system7_0_0_in_context.xdc, line 56).
Applied set_property CLOCK_BUFFER_TYPE = NONE for DDR_dqs_p[0]. (constraint file  d:/2025/Learning/FPGA_Projects/mini_module_hello_world/mini_module_hello_world.gen/sources_1/bd/design_1/ip/design_1_processing_system7_0_0/design_1_processing_system7_0_0/design_1_processing_system7_0_0_in_context.xdc, line 57).
Applied set_property IO_BUFFER_TYPE = NONE for DDR_dqs_p[1]. (constraint file  d:/2025/Learning/FPGA_Projects/mini_module_hello_world/mini_module_hello_world.gen/sources_1/bd/design_1/ip/design_1_processing_system7_0_0/design_1_processing_system7_0_0/design_1_processing_system7_0_0_in_context.xdc, line 58).
Applied set_property CLOCK_BUFFER_TYPE = NONE for DDR_dqs_p[1]. (constraint file  d:/2025/Learning/FPGA_Projects/mini_module_hello_world/mini_module_hello_world.gen/sources_1/bd/design_1/ip/design_1_processing_system7_0_0/design_1_processing_system7_0_0/design_1_processing_system7_0_0_in_context.xdc, line 59).
Applied set_property IO_BUFFER_TYPE = NONE for DDR_dqs_p[2]. (constraint file  d:/2025/Learning/FPGA_Projects/mini_module_hello_world/mini_module_hello_world.gen/sources_1/bd/design_1/ip/design_1_processing_system7_0_0/design_1_processing_system7_0_0/design_1_processing_system7_0_0_in_context.xdc, line 60).
Applied set_property CLOCK_BUFFER_TYPE = NONE for DDR_dqs_p[2]. (constraint file  d:/2025/Learning/FPGA_Projects/mini_module_hello_world/mini_module_hello_world.gen/sources_1/bd/design_1/ip/design_1_processing_system7_0_0/design_1_processing_system7_0_0/design_1_processing_system7_0_0_in_context.xdc, line 61).
Applied set_property IO_BUFFER_TYPE = NONE for DDR_dqs_p[3]. (constraint file  d:/2025/Learning/FPGA_Projects/mini_module_hello_world/mini_module_hello_world.gen/sources_1/bd/design_1/ip/design_1_processing_system7_0_0/design_1_processing_system7_0_0/design_1_processing_system7_0_0_in_context.xdc, line 62).
Applied set_property CLOCK_BUFFER_TYPE = NONE for DDR_dqs_p[3]. (constraint file  d:/2025/Learning/FPGA_Projects/mini_module_hello_world/mini_module_hello_world.gen/sources_1/bd/design_1/ip/design_1_processing_system7_0_0/design_1_processing_system7_0_0/design_1_processing_system7_0_0_in_context.xdc, line 63).
Applied set_property IO_BUFFER_TYPE = NONE for DDR_dqs_n[0]. (constraint file  d:/2025/Learning/FPGA_Projects/mini_module_hello_world/mini_module_hello_world.gen/sources_1/bd/design_1/ip/design_1_processing_system7_0_0/design_1_processing_system7_0_0/design_1_processing_system7_0_0_in_context.xdc, line 64).
Applied set_property CLOCK_BUFFER_TYPE = NONE for DDR_dqs_n[0]. (constraint file  d:/2025/Learning/FPGA_Projects/mini_module_hello_world/mini_module_hello_world.gen/sources_1/bd/design_1/ip/design_1_processing_system7_0_0/design_1_processing_system7_0_0/design_1_processing_system7_0_0_in_context.xdc, line 65).
Applied set_property IO_BUFFER_TYPE = NONE for DDR_dqs_n[1]. (constraint file  d:/2025/Learning/FPGA_Projects/mini_module_hello_world/mini_module_hello_world.gen/sources_1/bd/design_1/ip/design_1_processing_system7_0_0/design_1_processing_system7_0_0/design_1_processing_system7_0_0_in_context.xdc, line 66).
Applied set_property CLOCK_BUFFER_TYPE = NONE for DDR_dqs_n[1]. (constraint file  d:/2025/Learning/FPGA_Projects/mini_module_hello_world/mini_module_hello_world.gen/sources_1/bd/design_1/ip/design_1_processing_system7_0_0/design_1_processing_system7_0_0/design_1_processing_system7_0_0_in_context.xdc, line 67).
Applied set_property IO_BUFFER_TYPE = NONE for DDR_dqs_n[2]. (constraint file  d:/2025/Learning/FPGA_Projects/mini_module_hello_world/mini_module_hello_world.gen/sources_1/bd/design_1/ip/design_1_processing_system7_0_0/design_1_processing_system7_0_0/design_1_processing_system7_0_0_in_context.xdc, line 68).
Applied set_property CLOCK_BUFFER_TYPE = NONE for DDR_dqs_n[2]. (constraint file  d:/2025/Learning/FPGA_Projects/mini_module_hello_world/mini_module_hello_world.gen/sources_1/bd/design_1/ip/design_1_processing_system7_0_0/design_1_processing_system7_0_0/design_1_processing_system7_0_0_in_context.xdc, line 69).
Applied set_property IO_BUFFER_TYPE = NONE for DDR_dqs_n[3]. (constraint file  d:/2025/Learning/FPGA_Projects/mini_module_hello_world/mini_module_hello_world.gen/sources_1/bd/design_1/ip/design_1_processing_system7_0_0/design_1_processing_system7_0_0/design_1_processing_system7_0_0_in_context.xdc, line 70).
Applied set_property CLOCK_BUFFER_TYPE = NONE for DDR_dqs_n[3]. (constraint file  d:/2025/Learning/FPGA_Projects/mini_module_hello_world/mini_module_hello_world.gen/sources_1/bd/design_1/ip/design_1_processing_system7_0_0/design_1_processing_system7_0_0/design_1_processing_system7_0_0_in_context.xdc, line 71).
Applied set_property IO_BUFFER_TYPE = NONE for DDR_dq[0]. (constraint file  d:/2025/Learning/FPGA_Projects/mini_module_hello_world/mini_module_hello_world.gen/sources_1/bd/design_1/ip/design_1_processing_system7_0_0/design_1_processing_system7_0_0/design_1_processing_system7_0_0_in_context.xdc, line 72).
Applied set_property CLOCK_BUFFER_TYPE = NONE for DDR_dq[0]. (constraint file  d:/2025/Learning/FPGA_Projects/mini_module_hello_world/mini_module_hello_world.gen/sources_1/bd/design_1/ip/design_1_processing_system7_0_0/design_1_processing_system7_0_0/design_1_processing_system7_0_0_in_context.xdc, line 73).
Applied set_property IO_BUFFER_TYPE = NONE for DDR_dq[10]. (constraint file  d:/2025/Learning/FPGA_Projects/mini_module_hello_world/mini_module_hello_world.gen/sources_1/bd/design_1/ip/design_1_processing_system7_0_0/design_1_processing_system7_0_0/design_1_processing_system7_0_0_in_context.xdc, line 74).
Applied set_property CLOCK_BUFFER_TYPE = NONE for DDR_dq[10]. (constraint file  d:/2025/Learning/FPGA_Projects/mini_module_hello_world/mini_module_hello_world.gen/sources_1/bd/design_1/ip/design_1_processing_system7_0_0/design_1_processing_system7_0_0/design_1_processing_system7_0_0_in_context.xdc, line 75).
Applied set_property IO_BUFFER_TYPE = NONE for DDR_dq[11]. (constraint file  d:/2025/Learning/FPGA_Projects/mini_module_hello_world/mini_module_hello_world.gen/sources_1/bd/design_1/ip/design_1_processing_system7_0_0/design_1_processing_system7_0_0/design_1_processing_system7_0_0_in_context.xdc, line 76).
Applied set_property CLOCK_BUFFER_TYPE = NONE for DDR_dq[11]. (constraint file  d:/2025/Learning/FPGA_Projects/mini_module_hello_world/mini_module_hello_world.gen/sources_1/bd/design_1/ip/design_1_processing_system7_0_0/design_1_processing_system7_0_0/design_1_processing_system7_0_0_in_context.xdc, line 77).
Applied set_property IO_BUFFER_TYPE = NONE for DDR_dq[12]. (constraint file  d:/2025/Learning/FPGA_Projects/mini_module_hello_world/mini_module_hello_world.gen/sources_1/bd/design_1/ip/design_1_processing_system7_0_0/design_1_processing_system7_0_0/design_1_processing_system7_0_0_in_context.xdc, line 78).
Applied set_property CLOCK_BUFFER_TYPE = NONE for DDR_dq[12]. (constraint file  d:/2025/Learning/FPGA_Projects/mini_module_hello_world/mini_module_hello_world.gen/sources_1/bd/design_1/ip/design_1_processing_system7_0_0/design_1_processing_system7_0_0/design_1_processing_system7_0_0_in_context.xdc, line 79).
Applied set_property IO_BUFFER_TYPE = NONE for DDR_dq[13]. (constraint file  d:/2025/Learning/FPGA_Projects/mini_module_hello_world/mini_module_hello_world.gen/sources_1/bd/design_1/ip/design_1_processing_system7_0_0/design_1_processing_system7_0_0/design_1_processing_system7_0_0_in_context.xdc, line 80).
Applied set_property CLOCK_BUFFER_TYPE = NONE for DDR_dq[13]. (constraint file  d:/2025/Learning/FPGA_Projects/mini_module_hello_world/mini_module_hello_world.gen/sources_1/bd/design_1/ip/design_1_processing_system7_0_0/design_1_processing_system7_0_0/design_1_processing_system7_0_0_in_context.xdc, line 81).
Applied set_property IO_BUFFER_TYPE = NONE for DDR_dq[14]. (constraint file  d:/2025/Learning/FPGA_Projects/mini_module_hello_world/mini_module_hello_world.gen/sources_1/bd/design_1/ip/design_1_processing_system7_0_0/design_1_processing_system7_0_0/design_1_processing_system7_0_0_in_context.xdc, line 82).
Applied set_property CLOCK_BUFFER_TYPE = NONE for DDR_dq[14]. (constraint file  d:/2025/Learning/FPGA_Projects/mini_module_hello_world/mini_module_hello_world.gen/sources_1/bd/design_1/ip/design_1_processing_system7_0_0/design_1_processing_system7_0_0/design_1_processing_system7_0_0_in_context.xdc, line 83).
Applied set_property IO_BUFFER_TYPE = NONE for DDR_dq[15]. (constraint file  d:/2025/Learning/FPGA_Projects/mini_module_hello_world/mini_module_hello_world.gen/sources_1/bd/design_1/ip/design_1_processing_system7_0_0/design_1_processing_system7_0_0/design_1_processing_system7_0_0_in_context.xdc, line 84).
Applied set_property CLOCK_BUFFER_TYPE = NONE for DDR_dq[15]. (constraint file  d:/2025/Learning/FPGA_Projects/mini_module_hello_world/mini_module_hello_world.gen/sources_1/bd/design_1/ip/design_1_processing_system7_0_0/design_1_processing_system7_0_0/design_1_processing_system7_0_0_in_context.xdc, line 85).
Applied set_property IO_BUFFER_TYPE = NONE for DDR_dq[16]. (constraint file  d:/2025/Learning/FPGA_Projects/mini_module_hello_world/mini_module_hello_world.gen/sources_1/bd/design_1/ip/design_1_processing_system7_0_0/design_1_processing_system7_0_0/design_1_processing_system7_0_0_in_context.xdc, line 86).
Applied set_property CLOCK_BUFFER_TYPE = NONE for DDR_dq[16]. (constraint file  d:/2025/Learning/FPGA_Projects/mini_module_hello_world/mini_module_hello_world.gen/sources_1/bd/design_1/ip/design_1_processing_system7_0_0/design_1_processing_system7_0_0/design_1_processing_system7_0_0_in_context.xdc, line 87).
Applied set_property IO_BUFFER_TYPE = NONE for DDR_dq[17]. (constraint file  d:/2025/Learning/FPGA_Projects/mini_module_hello_world/mini_module_hello_world.gen/sources_1/bd/design_1/ip/design_1_processing_system7_0_0/design_1_processing_system7_0_0/design_1_processing_system7_0_0_in_context.xdc, line 88).
Applied set_property CLOCK_BUFFER_TYPE = NONE for DDR_dq[17]. (constraint file  d:/2025/Learning/FPGA_Projects/mini_module_hello_world/mini_module_hello_world.gen/sources_1/bd/design_1/ip/design_1_processing_system7_0_0/design_1_processing_system7_0_0/design_1_processing_system7_0_0_in_context.xdc, line 89).
Applied set_property IO_BUFFER_TYPE = NONE for DDR_dq[18]. (constraint file  d:/2025/Learning/FPGA_Projects/mini_module_hello_world/mini_module_hello_world.gen/sources_1/bd/design_1/ip/design_1_processing_system7_0_0/design_1_processing_system7_0_0/design_1_processing_system7_0_0_in_context.xdc, line 90).
Applied set_property CLOCK_BUFFER_TYPE = NONE for DDR_dq[18]. (constraint file  d:/2025/Learning/FPGA_Projects/mini_module_hello_world/mini_module_hello_world.gen/sources_1/bd/design_1/ip/design_1_processing_system7_0_0/design_1_processing_system7_0_0/design_1_processing_system7_0_0_in_context.xdc, line 91).
Applied set_property IO_BUFFER_TYPE = NONE for DDR_dq[19]. (constraint file  d:/2025/Learning/FPGA_Projects/mini_module_hello_world/mini_module_hello_world.gen/sources_1/bd/design_1/ip/design_1_processing_system7_0_0/design_1_processing_system7_0_0/design_1_processing_system7_0_0_in_context.xdc, line 92).
Applied set_property CLOCK_BUFFER_TYPE = NONE for DDR_dq[19]. (constraint file  d:/2025/Learning/FPGA_Projects/mini_module_hello_world/mini_module_hello_world.gen/sources_1/bd/design_1/ip/design_1_processing_system7_0_0/design_1_processing_system7_0_0/design_1_processing_system7_0_0_in_context.xdc, line 93).
Applied set_property IO_BUFFER_TYPE = NONE for DDR_dq[1]. (constraint file  d:/2025/Learning/FPGA_Projects/mini_module_hello_world/mini_module_hello_world.gen/sources_1/bd/design_1/ip/design_1_processing_system7_0_0/design_1_processing_system7_0_0/design_1_processing_system7_0_0_in_context.xdc, line 94).
Applied set_property CLOCK_BUFFER_TYPE = NONE for DDR_dq[1]. (constraint file  d:/2025/Learning/FPGA_Projects/mini_module_hello_world/mini_module_hello_world.gen/sources_1/bd/design_1/ip/design_1_processing_system7_0_0/design_1_processing_system7_0_0/design_1_processing_system7_0_0_in_context.xdc, line 95).
Applied set_property IO_BUFFER_TYPE = NONE for DDR_dq[20]. (constraint file  d:/2025/Learning/FPGA_Projects/mini_module_hello_world/mini_module_hello_world.gen/sources_1/bd/design_1/ip/design_1_processing_system7_0_0/design_1_processing_system7_0_0/design_1_processing_system7_0_0_in_context.xdc, line 96).
Applied set_property CLOCK_BUFFER_TYPE = NONE for DDR_dq[20]. (constraint file  d:/2025/Learning/FPGA_Projects/mini_module_hello_world/mini_module_hello_world.gen/sources_1/bd/design_1/ip/design_1_processing_system7_0_0/design_1_processing_system7_0_0/design_1_processing_system7_0_0_in_context.xdc, line 97).
Applied set_property IO_BUFFER_TYPE = NONE for DDR_dq[21]. (constraint file  d:/2025/Learning/FPGA_Projects/mini_module_hello_world/mini_module_hello_world.gen/sources_1/bd/design_1/ip/design_1_processing_system7_0_0/design_1_processing_system7_0_0/design_1_processing_system7_0_0_in_context.xdc, line 98).
Applied set_property CLOCK_BUFFER_TYPE = NONE for DDR_dq[21]. (constraint file  d:/2025/Learning/FPGA_Projects/mini_module_hello_world/mini_module_hello_world.gen/sources_1/bd/design_1/ip/design_1_processing_system7_0_0/design_1_processing_system7_0_0/design_1_processing_system7_0_0_in_context.xdc, line 99).
Applied set_property IO_BUFFER_TYPE = NONE for DDR_dq[22]. (constraint file  d:/2025/Learning/FPGA_Projects/mini_module_hello_world/mini_module_hello_world.gen/sources_1/bd/design_1/ip/design_1_processing_system7_0_0/design_1_processing_system7_0_0/design_1_processing_system7_0_0_in_context.xdc, line 100).
Applied set_property CLOCK_BUFFER_TYPE = NONE for DDR_dq[22]. (constraint file  d:/2025/Learning/FPGA_Projects/mini_module_hello_world/mini_module_hello_world.gen/sources_1/bd/design_1/ip/design_1_processing_system7_0_0/design_1_processing_system7_0_0/design_1_processing_system7_0_0_in_context.xdc, line 101).
Applied set_property IO_BUFFER_TYPE = NONE for DDR_dq[23]. (constraint file  d:/2025/Learning/FPGA_Projects/mini_module_hello_world/mini_module_hello_world.gen/sources_1/bd/design_1/ip/design_1_processing_system7_0_0/design_1_processing_system7_0_0/design_1_processing_system7_0_0_in_context.xdc, line 102).
Applied set_property CLOCK_BUFFER_TYPE = NONE for DDR_dq[23]. (constraint file  d:/2025/Learning/FPGA_Projects/mini_module_hello_world/mini_module_hello_world.gen/sources_1/bd/design_1/ip/design_1_processing_system7_0_0/design_1_processing_system7_0_0/design_1_processing_system7_0_0_in_context.xdc, line 103).
Applied set_property IO_BUFFER_TYPE = NONE for DDR_dq[24]. (constraint file  d:/2025/Learning/FPGA_Projects/mini_module_hello_world/mini_module_hello_world.gen/sources_1/bd/design_1/ip/design_1_processing_system7_0_0/design_1_processing_system7_0_0/design_1_processing_system7_0_0_in_context.xdc, line 104).
Applied set_property CLOCK_BUFFER_TYPE = NONE for DDR_dq[24]. (constraint file  d:/2025/Learning/FPGA_Projects/mini_module_hello_world/mini_module_hello_world.gen/sources_1/bd/design_1/ip/design_1_processing_system7_0_0/design_1_processing_system7_0_0/design_1_processing_system7_0_0_in_context.xdc, line 105).
Applied set_property IO_BUFFER_TYPE = NONE for DDR_dq[25]. (constraint file  d:/2025/Learning/FPGA_Projects/mini_module_hello_world/mini_module_hello_world.gen/sources_1/bd/design_1/ip/design_1_processing_system7_0_0/design_1_processing_system7_0_0/design_1_processing_system7_0_0_in_context.xdc, line 106).
Applied set_property CLOCK_BUFFER_TYPE = NONE for DDR_dq[25]. (constraint file  d:/2025/Learning/FPGA_Projects/mini_module_hello_world/mini_module_hello_world.gen/sources_1/bd/design_1/ip/design_1_processing_system7_0_0/design_1_processing_system7_0_0/design_1_processing_system7_0_0_in_context.xdc, line 107).
Applied set_property IO_BUFFER_TYPE = NONE for DDR_dq[26]. (constraint file  d:/2025/Learning/FPGA_Projects/mini_module_hello_world/mini_module_hello_world.gen/sources_1/bd/design_1/ip/design_1_processing_system7_0_0/design_1_processing_system7_0_0/design_1_processing_system7_0_0_in_context.xdc, line 108).
Applied set_property CLOCK_BUFFER_TYPE = NONE for DDR_dq[26]. (constraint file  d:/2025/Learning/FPGA_Projects/mini_module_hello_world/mini_module_hello_world.gen/sources_1/bd/design_1/ip/design_1_processing_system7_0_0/design_1_processing_system7_0_0/design_1_processing_system7_0_0_in_context.xdc, line 109).
Applied set_property IO_BUFFER_TYPE = NONE for DDR_dq[27]. (constraint file  d:/2025/Learning/FPGA_Projects/mini_module_hello_world/mini_module_hello_world.gen/sources_1/bd/design_1/ip/design_1_processing_system7_0_0/design_1_processing_system7_0_0/design_1_processing_system7_0_0_in_context.xdc, line 110).
Applied set_property CLOCK_BUFFER_TYPE = NONE for DDR_dq[27]. (constraint file  d:/2025/Learning/FPGA_Projects/mini_module_hello_world/mini_module_hello_world.gen/sources_1/bd/design_1/ip/design_1_processing_system7_0_0/design_1_processing_system7_0_0/design_1_processing_system7_0_0_in_context.xdc, line 111).
Applied set_property IO_BUFFER_TYPE = NONE for DDR_dq[28]. (constraint file  d:/2025/Learning/FPGA_Projects/mini_module_hello_world/mini_module_hello_world.gen/sources_1/bd/design_1/ip/design_1_processing_system7_0_0/design_1_processing_system7_0_0/design_1_processing_system7_0_0_in_context.xdc, line 112).
Applied set_property CLOCK_BUFFER_TYPE = NONE for DDR_dq[28]. (constraint file  d:/2025/Learning/FPGA_Projects/mini_module_hello_world/mini_module_hello_world.gen/sources_1/bd/design_1/ip/design_1_processing_system7_0_0/design_1_processing_system7_0_0/design_1_processing_system7_0_0_in_context.xdc, line 113).
Applied set_property IO_BUFFER_TYPE = NONE for DDR_dq[29]. (constraint file  d:/2025/Learning/FPGA_Projects/mini_module_hello_world/mini_module_hello_world.gen/sources_1/bd/design_1/ip/design_1_processing_system7_0_0/design_1_processing_system7_0_0/design_1_processing_system7_0_0_in_context.xdc, line 114).
Applied set_property CLOCK_BUFFER_TYPE = NONE for DDR_dq[29]. (constraint file  d:/2025/Learning/FPGA_Projects/mini_module_hello_world/mini_module_hello_world.gen/sources_1/bd/design_1/ip/design_1_processing_system7_0_0/design_1_processing_system7_0_0/design_1_processing_system7_0_0_in_context.xdc, line 115).
Applied set_property IO_BUFFER_TYPE = NONE for DDR_dq[2]. (constraint file  d:/2025/Learning/FPGA_Projects/mini_module_hello_world/mini_module_hello_world.gen/sources_1/bd/design_1/ip/design_1_processing_system7_0_0/design_1_processing_system7_0_0/design_1_processing_system7_0_0_in_context.xdc, line 116).
Applied set_property CLOCK_BUFFER_TYPE = NONE for DDR_dq[2]. (constraint file  d:/2025/Learning/FPGA_Projects/mini_module_hello_world/mini_module_hello_world.gen/sources_1/bd/design_1/ip/design_1_processing_system7_0_0/design_1_processing_system7_0_0/design_1_processing_system7_0_0_in_context.xdc, line 117).
Applied set_property IO_BUFFER_TYPE = NONE for DDR_dq[30]. (constraint file  d:/2025/Learning/FPGA_Projects/mini_module_hello_world/mini_module_hello_world.gen/sources_1/bd/design_1/ip/design_1_processing_system7_0_0/design_1_processing_system7_0_0/design_1_processing_system7_0_0_in_context.xdc, line 118).
Applied set_property CLOCK_BUFFER_TYPE = NONE for DDR_dq[30]. (constraint file  d:/2025/Learning/FPGA_Projects/mini_module_hello_world/mini_module_hello_world.gen/sources_1/bd/design_1/ip/design_1_processing_system7_0_0/design_1_processing_system7_0_0/design_1_processing_system7_0_0_in_context.xdc, line 119).
Applied set_property IO_BUFFER_TYPE = NONE for DDR_dq[31]. (constraint file  d:/2025/Learning/FPGA_Projects/mini_module_hello_world/mini_module_hello_world.gen/sources_1/bd/design_1/ip/design_1_processing_system7_0_0/design_1_processing_system7_0_0/design_1_processing_system7_0_0_in_context.xdc, line 120).
Applied set_property CLOCK_BUFFER_TYPE = NONE for DDR_dq[31]. (constraint file  d:/2025/Learning/FPGA_Projects/mini_module_hello_world/mini_module_hello_world.gen/sources_1/bd/design_1/ip/design_1_processing_system7_0_0/design_1_processing_system7_0_0/design_1_processing_system7_0_0_in_context.xdc, line 121).
Applied set_property IO_BUFFER_TYPE = NONE for DDR_dq[3]. (constraint file  d:/2025/Learning/FPGA_Projects/mini_module_hello_world/mini_module_hello_world.gen/sources_1/bd/design_1/ip/design_1_processing_system7_0_0/design_1_processing_system7_0_0/design_1_processing_system7_0_0_in_context.xdc, line 122).
Applied set_property CLOCK_BUFFER_TYPE = NONE for DDR_dq[3]. (constraint file  d:/2025/Learning/FPGA_Projects/mini_module_hello_world/mini_module_hello_world.gen/sources_1/bd/design_1/ip/design_1_processing_system7_0_0/design_1_processing_system7_0_0/design_1_processing_system7_0_0_in_context.xdc, line 123).
Applied set_property IO_BUFFER_TYPE = NONE for DDR_dq[4]. (constraint file  d:/2025/Learning/FPGA_Projects/mini_module_hello_world/mini_module_hello_world.gen/sources_1/bd/design_1/ip/design_1_processing_system7_0_0/design_1_processing_system7_0_0/design_1_processing_system7_0_0_in_context.xdc, line 124).
Applied set_property CLOCK_BUFFER_TYPE = NONE for DDR_dq[4]. (constraint file  d:/2025/Learning/FPGA_Projects/mini_module_hello_world/mini_module_hello_world.gen/sources_1/bd/design_1/ip/design_1_processing_system7_0_0/design_1_processing_system7_0_0/design_1_processing_system7_0_0_in_context.xdc, line 125).
Applied set_property IO_BUFFER_TYPE = NONE for DDR_dq[5]. (constraint file  d:/2025/Learning/FPGA_Projects/mini_module_hello_world/mini_module_hello_world.gen/sources_1/bd/design_1/ip/design_1_processing_system7_0_0/design_1_processing_system7_0_0/design_1_processing_system7_0_0_in_context.xdc, line 126).
Applied set_property CLOCK_BUFFER_TYPE = NONE for DDR_dq[5]. (constraint file  d:/2025/Learning/FPGA_Projects/mini_module_hello_world/mini_module_hello_world.gen/sources_1/bd/design_1/ip/design_1_processing_system7_0_0/design_1_processing_system7_0_0/design_1_processing_system7_0_0_in_context.xdc, line 127).
Applied set_property IO_BUFFER_TYPE = NONE for DDR_dq[6]. (constraint file  d:/2025/Learning/FPGA_Projects/mini_module_hello_world/mini_module_hello_world.gen/sources_1/bd/design_1/ip/design_1_processing_system7_0_0/design_1_processing_system7_0_0/design_1_processing_system7_0_0_in_context.xdc, line 128).
Applied set_property CLOCK_BUFFER_TYPE = NONE for DDR_dq[6]. (constraint file  d:/2025/Learning/FPGA_Projects/mini_module_hello_world/mini_module_hello_world.gen/sources_1/bd/design_1/ip/design_1_processing_system7_0_0/design_1_processing_system7_0_0/design_1_processing_system7_0_0_in_context.xdc, line 129).
Applied set_property IO_BUFFER_TYPE = NONE for DDR_dq[7]. (constraint file  d:/2025/Learning/FPGA_Projects/mini_module_hello_world/mini_module_hello_world.gen/sources_1/bd/design_1/ip/design_1_processing_system7_0_0/design_1_processing_system7_0_0/design_1_processing_system7_0_0_in_context.xdc, line 130).
Applied set_property CLOCK_BUFFER_TYPE = NONE for DDR_dq[7]. (constraint file  d:/2025/Learning/FPGA_Projects/mini_module_hello_world/mini_module_hello_world.gen/sources_1/bd/design_1/ip/design_1_processing_system7_0_0/design_1_processing_system7_0_0/design_1_processing_system7_0_0_in_context.xdc, line 131).
Applied set_property IO_BUFFER_TYPE = NONE for DDR_dq[8]. (constraint file  d:/2025/Learning/FPGA_Projects/mini_module_hello_world/mini_module_hello_world.gen/sources_1/bd/design_1/ip/design_1_processing_system7_0_0/design_1_processing_system7_0_0/design_1_processing_system7_0_0_in_context.xdc, line 132).
Applied set_property CLOCK_BUFFER_TYPE = NONE for DDR_dq[8]. (constraint file  d:/2025/Learning/FPGA_Projects/mini_module_hello_world/mini_module_hello_world.gen/sources_1/bd/design_1/ip/design_1_processing_system7_0_0/design_1_processing_system7_0_0/design_1_processing_system7_0_0_in_context.xdc, line 133).
Applied set_property IO_BUFFER_TYPE = NONE for DDR_dq[9]. (constraint file  d:/2025/Learning/FPGA_Projects/mini_module_hello_world/mini_module_hello_world.gen/sources_1/bd/design_1/ip/design_1_processing_system7_0_0/design_1_processing_system7_0_0/design_1_processing_system7_0_0_in_context.xdc, line 134).
Applied set_property CLOCK_BUFFER_TYPE = NONE for DDR_dq[9]. (constraint file  d:/2025/Learning/FPGA_Projects/mini_module_hello_world/mini_module_hello_world.gen/sources_1/bd/design_1/ip/design_1_processing_system7_0_0/design_1_processing_system7_0_0/design_1_processing_system7_0_0_in_context.xdc, line 135).
Applied set_property IO_BUFFER_TYPE = NONE for DDR_reset_n. (constraint file  d:/2025/Learning/FPGA_Projects/mini_module_hello_world/mini_module_hello_world.gen/sources_1/bd/design_1/ip/design_1_processing_system7_0_0/design_1_processing_system7_0_0/design_1_processing_system7_0_0_in_context.xdc, line 136).
Applied set_property CLOCK_BUFFER_TYPE = NONE for DDR_reset_n. (constraint file  d:/2025/Learning/FPGA_Projects/mini_module_hello_world/mini_module_hello_world.gen/sources_1/bd/design_1/ip/design_1_processing_system7_0_0/design_1_processing_system7_0_0/design_1_processing_system7_0_0_in_context.xdc, line 137).
Applied set_property IO_BUFFER_TYPE = NONE for DDR_odt. (constraint file  d:/2025/Learning/FPGA_Projects/mini_module_hello_world/mini_module_hello_world.gen/sources_1/bd/design_1/ip/design_1_processing_system7_0_0/design_1_processing_system7_0_0/design_1_processing_system7_0_0_in_context.xdc, line 138).
Applied set_property CLOCK_BUFFER_TYPE = NONE for DDR_odt. (constraint file  d:/2025/Learning/FPGA_Projects/mini_module_hello_world/mini_module_hello_world.gen/sources_1/bd/design_1/ip/design_1_processing_system7_0_0/design_1_processing_system7_0_0/design_1_processing_system7_0_0_in_context.xdc, line 139).
Applied set_property IO_BUFFER_TYPE = NONE for DDR_ras_n. (constraint file  d:/2025/Learning/FPGA_Projects/mini_module_hello_world/mini_module_hello_world.gen/sources_1/bd/design_1/ip/design_1_processing_system7_0_0/design_1_processing_system7_0_0/design_1_processing_system7_0_0_in_context.xdc, line 140).
Applied set_property CLOCK_BUFFER_TYPE = NONE for DDR_ras_n. (constraint file  d:/2025/Learning/FPGA_Projects/mini_module_hello_world/mini_module_hello_world.gen/sources_1/bd/design_1/ip/design_1_processing_system7_0_0/design_1_processing_system7_0_0/design_1_processing_system7_0_0_in_context.xdc, line 141).
Applied set_property IO_BUFFER_TYPE = NONE for FIXED_IO_ddr_vrn. (constraint file  d:/2025/Learning/FPGA_Projects/mini_module_hello_world/mini_module_hello_world.gen/sources_1/bd/design_1/ip/design_1_processing_system7_0_0/design_1_processing_system7_0_0/design_1_processing_system7_0_0_in_context.xdc, line 142).
Applied set_property CLOCK_BUFFER_TYPE = NONE for FIXED_IO_ddr_vrn. (constraint file  d:/2025/Learning/FPGA_Projects/mini_module_hello_world/mini_module_hello_world.gen/sources_1/bd/design_1/ip/design_1_processing_system7_0_0/design_1_processing_system7_0_0/design_1_processing_system7_0_0_in_context.xdc, line 143).
Applied set_property IO_BUFFER_TYPE = NONE for FIXED_IO_ddr_vrp. (constraint file  d:/2025/Learning/FPGA_Projects/mini_module_hello_world/mini_module_hello_world.gen/sources_1/bd/design_1/ip/design_1_processing_system7_0_0/design_1_processing_system7_0_0/design_1_processing_system7_0_0_in_context.xdc, line 144).
Applied set_property CLOCK_BUFFER_TYPE = NONE for FIXED_IO_ddr_vrp. (constraint file  d:/2025/Learning/FPGA_Projects/mini_module_hello_world/mini_module_hello_world.gen/sources_1/bd/design_1/ip/design_1_processing_system7_0_0/design_1_processing_system7_0_0/design_1_processing_system7_0_0_in_context.xdc, line 145).
Applied set_property IO_BUFFER_TYPE = NONE for DDR_we_n. (constraint file  d:/2025/Learning/FPGA_Projects/mini_module_hello_world/mini_module_hello_world.gen/sources_1/bd/design_1/ip/design_1_processing_system7_0_0/design_1_processing_system7_0_0/design_1_processing_system7_0_0_in_context.xdc, line 146).
Applied set_property CLOCK_BUFFER_TYPE = NONE for DDR_we_n. (constraint file  d:/2025/Learning/FPGA_Projects/mini_module_hello_world/mini_module_hello_world.gen/sources_1/bd/design_1/ip/design_1_processing_system7_0_0/design_1_processing_system7_0_0/design_1_processing_system7_0_0_in_context.xdc, line 147).
Applied set_property IO_BUFFER_TYPE = NONE for FIXED_IO_mio[0]. (constraint file  d:/2025/Learning/FPGA_Projects/mini_module_hello_world/mini_module_hello_world.gen/sources_1/bd/design_1/ip/design_1_processing_system7_0_0/design_1_processing_system7_0_0/design_1_processing_system7_0_0_in_context.xdc, line 148).
Applied set_property CLOCK_BUFFER_TYPE = NONE for FIXED_IO_mio[0]. (constraint file  d:/2025/Learning/FPGA_Projects/mini_module_hello_world/mini_module_hello_world.gen/sources_1/bd/design_1/ip/design_1_processing_system7_0_0/design_1_processing_system7_0_0/design_1_processing_system7_0_0_in_context.xdc, line 149).
Applied set_property IO_BUFFER_TYPE = NONE for FIXED_IO_mio[10]. (constraint file  d:/2025/Learning/FPGA_Projects/mini_module_hello_world/mini_module_hello_world.gen/sources_1/bd/design_1/ip/design_1_processing_system7_0_0/design_1_processing_system7_0_0/design_1_processing_system7_0_0_in_context.xdc, line 150).
Applied set_property CLOCK_BUFFER_TYPE = NONE for FIXED_IO_mio[10]. (constraint file  d:/2025/Learning/FPGA_Projects/mini_module_hello_world/mini_module_hello_world.gen/sources_1/bd/design_1/ip/design_1_processing_system7_0_0/design_1_processing_system7_0_0/design_1_processing_system7_0_0_in_context.xdc, line 151).
Applied set_property IO_BUFFER_TYPE = NONE for FIXED_IO_mio[11]. (constraint file  d:/2025/Learning/FPGA_Projects/mini_module_hello_world/mini_module_hello_world.gen/sources_1/bd/design_1/ip/design_1_processing_system7_0_0/design_1_processing_system7_0_0/design_1_processing_system7_0_0_in_context.xdc, line 152).
Applied set_property CLOCK_BUFFER_TYPE = NONE for FIXED_IO_mio[11]. (constraint file  d:/2025/Learning/FPGA_Projects/mini_module_hello_world/mini_module_hello_world.gen/sources_1/bd/design_1/ip/design_1_processing_system7_0_0/design_1_processing_system7_0_0/design_1_processing_system7_0_0_in_context.xdc, line 153).
Applied set_property IO_BUFFER_TYPE = NONE for FIXED_IO_mio[12]. (constraint file  d:/2025/Learning/FPGA_Projects/mini_module_hello_world/mini_module_hello_world.gen/sources_1/bd/design_1/ip/design_1_processing_system7_0_0/design_1_processing_system7_0_0/design_1_processing_system7_0_0_in_context.xdc, line 154).
Applied set_property CLOCK_BUFFER_TYPE = NONE for FIXED_IO_mio[12]. (constraint file  d:/2025/Learning/FPGA_Projects/mini_module_hello_world/mini_module_hello_world.gen/sources_1/bd/design_1/ip/design_1_processing_system7_0_0/design_1_processing_system7_0_0/design_1_processing_system7_0_0_in_context.xdc, line 155).
Applied set_property IO_BUFFER_TYPE = NONE for FIXED_IO_mio[13]. (constraint file  d:/2025/Learning/FPGA_Projects/mini_module_hello_world/mini_module_hello_world.gen/sources_1/bd/design_1/ip/design_1_processing_system7_0_0/design_1_processing_system7_0_0/design_1_processing_system7_0_0_in_context.xdc, line 156).
Applied set_property CLOCK_BUFFER_TYPE = NONE for FIXED_IO_mio[13]. (constraint file  d:/2025/Learning/FPGA_Projects/mini_module_hello_world/mini_module_hello_world.gen/sources_1/bd/design_1/ip/design_1_processing_system7_0_0/design_1_processing_system7_0_0/design_1_processing_system7_0_0_in_context.xdc, line 157).
Applied set_property IO_BUFFER_TYPE = NONE for FIXED_IO_mio[14]. (constraint file  d:/2025/Learning/FPGA_Projects/mini_module_hello_world/mini_module_hello_world.gen/sources_1/bd/design_1/ip/design_1_processing_system7_0_0/design_1_processing_system7_0_0/design_1_processing_system7_0_0_in_context.xdc, line 158).
Applied set_property CLOCK_BUFFER_TYPE = NONE for FIXED_IO_mio[14]. (constraint file  d:/2025/Learning/FPGA_Projects/mini_module_hello_world/mini_module_hello_world.gen/sources_1/bd/design_1/ip/design_1_processing_system7_0_0/design_1_processing_system7_0_0/design_1_processing_system7_0_0_in_context.xdc, line 159).
Applied set_property IO_BUFFER_TYPE = NONE for FIXED_IO_mio[15]. (constraint file  d:/2025/Learning/FPGA_Projects/mini_module_hello_world/mini_module_hello_world.gen/sources_1/bd/design_1/ip/design_1_processing_system7_0_0/design_1_processing_system7_0_0/design_1_processing_system7_0_0_in_context.xdc, line 160).
Applied set_property CLOCK_BUFFER_TYPE = NONE for FIXED_IO_mio[15]. (constraint file  d:/2025/Learning/FPGA_Projects/mini_module_hello_world/mini_module_hello_world.gen/sources_1/bd/design_1/ip/design_1_processing_system7_0_0/design_1_processing_system7_0_0/design_1_processing_system7_0_0_in_context.xdc, line 161).
Applied set_property IO_BUFFER_TYPE = NONE for FIXED_IO_mio[16]. (constraint file  d:/2025/Learning/FPGA_Projects/mini_module_hello_world/mini_module_hello_world.gen/sources_1/bd/design_1/ip/design_1_processing_system7_0_0/design_1_processing_system7_0_0/design_1_processing_system7_0_0_in_context.xdc, line 162).
Applied set_property CLOCK_BUFFER_TYPE = NONE for FIXED_IO_mio[16]. (constraint file  d:/2025/Learning/FPGA_Projects/mini_module_hello_world/mini_module_hello_world.gen/sources_1/bd/design_1/ip/design_1_processing_system7_0_0/design_1_processing_system7_0_0/design_1_processing_system7_0_0_in_context.xdc, line 163).
Applied set_property IO_BUFFER_TYPE = NONE for FIXED_IO_mio[17]. (constraint file  d:/2025/Learning/FPGA_Projects/mini_module_hello_world/mini_module_hello_world.gen/sources_1/bd/design_1/ip/design_1_processing_system7_0_0/design_1_processing_system7_0_0/design_1_processing_system7_0_0_in_context.xdc, line 164).
Applied set_property CLOCK_BUFFER_TYPE = NONE for FIXED_IO_mio[17]. (constraint file  d:/2025/Learning/FPGA_Projects/mini_module_hello_world/mini_module_hello_world.gen/sources_1/bd/design_1/ip/design_1_processing_system7_0_0/design_1_processing_system7_0_0/design_1_processing_system7_0_0_in_context.xdc, line 165).
Applied set_property IO_BUFFER_TYPE = NONE for FIXED_IO_mio[18]. (constraint file  d:/2025/Learning/FPGA_Projects/mini_module_hello_world/mini_module_hello_world.gen/sources_1/bd/design_1/ip/design_1_processing_system7_0_0/design_1_processing_system7_0_0/design_1_processing_system7_0_0_in_context.xdc, line 166).
Applied set_property CLOCK_BUFFER_TYPE = NONE for FIXED_IO_mio[18]. (constraint file  d:/2025/Learning/FPGA_Projects/mini_module_hello_world/mini_module_hello_world.gen/sources_1/bd/design_1/ip/design_1_processing_system7_0_0/design_1_processing_system7_0_0/design_1_processing_system7_0_0_in_context.xdc, line 167).
Applied set_property IO_BUFFER_TYPE = NONE for FIXED_IO_mio[19]. (constraint file  d:/2025/Learning/FPGA_Projects/mini_module_hello_world/mini_module_hello_world.gen/sources_1/bd/design_1/ip/design_1_processing_system7_0_0/design_1_processing_system7_0_0/design_1_processing_system7_0_0_in_context.xdc, line 168).
Applied set_property CLOCK_BUFFER_TYPE = NONE for FIXED_IO_mio[19]. (constraint file  d:/2025/Learning/FPGA_Projects/mini_module_hello_world/mini_module_hello_world.gen/sources_1/bd/design_1/ip/design_1_processing_system7_0_0/design_1_processing_system7_0_0/design_1_processing_system7_0_0_in_context.xdc, line 169).
Applied set_property IO_BUFFER_TYPE = NONE for FIXED_IO_mio[1]. (constraint file  d:/2025/Learning/FPGA_Projects/mini_module_hello_world/mini_module_hello_world.gen/sources_1/bd/design_1/ip/design_1_processing_system7_0_0/design_1_processing_system7_0_0/design_1_processing_system7_0_0_in_context.xdc, line 170).
Applied set_property CLOCK_BUFFER_TYPE = NONE for FIXED_IO_mio[1]. (constraint file  d:/2025/Learning/FPGA_Projects/mini_module_hello_world/mini_module_hello_world.gen/sources_1/bd/design_1/ip/design_1_processing_system7_0_0/design_1_processing_system7_0_0/design_1_processing_system7_0_0_in_context.xdc, line 171).
Applied set_property IO_BUFFER_TYPE = NONE for FIXED_IO_mio[20]. (constraint file  d:/2025/Learning/FPGA_Projects/mini_module_hello_world/mini_module_hello_world.gen/sources_1/bd/design_1/ip/design_1_processing_system7_0_0/design_1_processing_system7_0_0/design_1_processing_system7_0_0_in_context.xdc, line 172).
Applied set_property CLOCK_BUFFER_TYPE = NONE for FIXED_IO_mio[20]. (constraint file  d:/2025/Learning/FPGA_Projects/mini_module_hello_world/mini_module_hello_world.gen/sources_1/bd/design_1/ip/design_1_processing_system7_0_0/design_1_processing_system7_0_0/design_1_processing_system7_0_0_in_context.xdc, line 173).
Applied set_property IO_BUFFER_TYPE = NONE for FIXED_IO_mio[21]. (constraint file  d:/2025/Learning/FPGA_Projects/mini_module_hello_world/mini_module_hello_world.gen/sources_1/bd/design_1/ip/design_1_processing_system7_0_0/design_1_processing_system7_0_0/design_1_processing_system7_0_0_in_context.xdc, line 174).
Applied set_property CLOCK_BUFFER_TYPE = NONE for FIXED_IO_mio[21]. (constraint file  d:/2025/Learning/FPGA_Projects/mini_module_hello_world/mini_module_hello_world.gen/sources_1/bd/design_1/ip/design_1_processing_system7_0_0/design_1_processing_system7_0_0/design_1_processing_system7_0_0_in_context.xdc, line 175).
Applied set_property IO_BUFFER_TYPE = NONE for FIXED_IO_mio[22]. (constraint file  d:/2025/Learning/FPGA_Projects/mini_module_hello_world/mini_module_hello_world.gen/sources_1/bd/design_1/ip/design_1_processing_system7_0_0/design_1_processing_system7_0_0/design_1_processing_system7_0_0_in_context.xdc, line 176).
Applied set_property CLOCK_BUFFER_TYPE = NONE for FIXED_IO_mio[22]. (constraint file  d:/2025/Learning/FPGA_Projects/mini_module_hello_world/mini_module_hello_world.gen/sources_1/bd/design_1/ip/design_1_processing_system7_0_0/design_1_processing_system7_0_0/design_1_processing_system7_0_0_in_context.xdc, line 177).
Applied set_property IO_BUFFER_TYPE = NONE for FIXED_IO_mio[23]. (constraint file  d:/2025/Learning/FPGA_Projects/mini_module_hello_world/mini_module_hello_world.gen/sources_1/bd/design_1/ip/design_1_processing_system7_0_0/design_1_processing_system7_0_0/design_1_processing_system7_0_0_in_context.xdc, line 178).
Applied set_property CLOCK_BUFFER_TYPE = NONE for FIXED_IO_mio[23]. (constraint file  d:/2025/Learning/FPGA_Projects/mini_module_hello_world/mini_module_hello_world.gen/sources_1/bd/design_1/ip/design_1_processing_system7_0_0/design_1_processing_system7_0_0/design_1_processing_system7_0_0_in_context.xdc, line 179).
Applied set_property IO_BUFFER_TYPE = NONE for FIXED_IO_mio[24]. (constraint file  d:/2025/Learning/FPGA_Projects/mini_module_hello_world/mini_module_hello_world.gen/sources_1/bd/design_1/ip/design_1_processing_system7_0_0/design_1_processing_system7_0_0/design_1_processing_system7_0_0_in_context.xdc, line 180).
Applied set_property CLOCK_BUFFER_TYPE = NONE for FIXED_IO_mio[24]. (constraint file  d:/2025/Learning/FPGA_Projects/mini_module_hello_world/mini_module_hello_world.gen/sources_1/bd/design_1/ip/design_1_processing_system7_0_0/design_1_processing_system7_0_0/design_1_processing_system7_0_0_in_context.xdc, line 181).
Applied set_property IO_BUFFER_TYPE = NONE for FIXED_IO_mio[25]. (constraint file  d:/2025/Learning/FPGA_Projects/mini_module_hello_world/mini_module_hello_world.gen/sources_1/bd/design_1/ip/design_1_processing_system7_0_0/design_1_processing_system7_0_0/design_1_processing_system7_0_0_in_context.xdc, line 182).
Applied set_property CLOCK_BUFFER_TYPE = NONE for FIXED_IO_mio[25]. (constraint file  d:/2025/Learning/FPGA_Projects/mini_module_hello_world/mini_module_hello_world.gen/sources_1/bd/design_1/ip/design_1_processing_system7_0_0/design_1_processing_system7_0_0/design_1_processing_system7_0_0_in_context.xdc, line 183).
Applied set_property IO_BUFFER_TYPE = NONE for FIXED_IO_mio[26]. (constraint file  d:/2025/Learning/FPGA_Projects/mini_module_hello_world/mini_module_hello_world.gen/sources_1/bd/design_1/ip/design_1_processing_system7_0_0/design_1_processing_system7_0_0/design_1_processing_system7_0_0_in_context.xdc, line 184).
Applied set_property CLOCK_BUFFER_TYPE = NONE for FIXED_IO_mio[26]. (constraint file  d:/2025/Learning/FPGA_Projects/mini_module_hello_world/mini_module_hello_world.gen/sources_1/bd/design_1/ip/design_1_processing_system7_0_0/design_1_processing_system7_0_0/design_1_processing_system7_0_0_in_context.xdc, line 185).
Applied set_property IO_BUFFER_TYPE = NONE for FIXED_IO_mio[27]. (constraint file  d:/2025/Learning/FPGA_Projects/mini_module_hello_world/mini_module_hello_world.gen/sources_1/bd/design_1/ip/design_1_processing_system7_0_0/design_1_processing_system7_0_0/design_1_processing_system7_0_0_in_context.xdc, line 186).
Applied set_property CLOCK_BUFFER_TYPE = NONE for FIXED_IO_mio[27]. (constraint file  d:/2025/Learning/FPGA_Projects/mini_module_hello_world/mini_module_hello_world.gen/sources_1/bd/design_1/ip/design_1_processing_system7_0_0/design_1_processing_system7_0_0/design_1_processing_system7_0_0_in_context.xdc, line 187).
Applied set_property IO_BUFFER_TYPE = NONE for FIXED_IO_mio[28]. (constraint file  d:/2025/Learning/FPGA_Projects/mini_module_hello_world/mini_module_hello_world.gen/sources_1/bd/design_1/ip/design_1_processing_system7_0_0/design_1_processing_system7_0_0/design_1_processing_system7_0_0_in_context.xdc, line 188).
Applied set_property CLOCK_BUFFER_TYPE = NONE for FIXED_IO_mio[28]. (constraint file  d:/2025/Learning/FPGA_Projects/mini_module_hello_world/mini_module_hello_world.gen/sources_1/bd/design_1/ip/design_1_processing_system7_0_0/design_1_processing_system7_0_0/design_1_processing_system7_0_0_in_context.xdc, line 189).
Applied set_property IO_BUFFER_TYPE = NONE for FIXED_IO_mio[29]. (constraint file  d:/2025/Learning/FPGA_Projects/mini_module_hello_world/mini_module_hello_world.gen/sources_1/bd/design_1/ip/design_1_processing_system7_0_0/design_1_processing_system7_0_0/design_1_processing_system7_0_0_in_context.xdc, line 190).
Applied set_property CLOCK_BUFFER_TYPE = NONE for FIXED_IO_mio[29]. (constraint file  d:/2025/Learning/FPGA_Projects/mini_module_hello_world/mini_module_hello_world.gen/sources_1/bd/design_1/ip/design_1_processing_system7_0_0/design_1_processing_system7_0_0/design_1_processing_system7_0_0_in_context.xdc, line 191).
Applied set_property IO_BUFFER_TYPE = NONE for FIXED_IO_mio[2]. (constraint file  d:/2025/Learning/FPGA_Projects/mini_module_hello_world/mini_module_hello_world.gen/sources_1/bd/design_1/ip/design_1_processing_system7_0_0/design_1_processing_system7_0_0/design_1_processing_system7_0_0_in_context.xdc, line 192).
Applied set_property CLOCK_BUFFER_TYPE = NONE for FIXED_IO_mio[2]. (constraint file  d:/2025/Learning/FPGA_Projects/mini_module_hello_world/mini_module_hello_world.gen/sources_1/bd/design_1/ip/design_1_processing_system7_0_0/design_1_processing_system7_0_0/design_1_processing_system7_0_0_in_context.xdc, line 193).
Applied set_property IO_BUFFER_TYPE = NONE for FIXED_IO_mio[30]. (constraint file  d:/2025/Learning/FPGA_Projects/mini_module_hello_world/mini_module_hello_world.gen/sources_1/bd/design_1/ip/design_1_processing_system7_0_0/design_1_processing_system7_0_0/design_1_processing_system7_0_0_in_context.xdc, line 194).
Applied set_property CLOCK_BUFFER_TYPE = NONE for FIXED_IO_mio[30]. (constraint file  d:/2025/Learning/FPGA_Projects/mini_module_hello_world/mini_module_hello_world.gen/sources_1/bd/design_1/ip/design_1_processing_system7_0_0/design_1_processing_system7_0_0/design_1_processing_system7_0_0_in_context.xdc, line 195).
Applied set_property IO_BUFFER_TYPE = NONE for FIXED_IO_mio[31]. (constraint file  d:/2025/Learning/FPGA_Projects/mini_module_hello_world/mini_module_hello_world.gen/sources_1/bd/design_1/ip/design_1_processing_system7_0_0/design_1_processing_system7_0_0/design_1_processing_system7_0_0_in_context.xdc, line 196).
Applied set_property CLOCK_BUFFER_TYPE = NONE for FIXED_IO_mio[31]. (constraint file  d:/2025/Learning/FPGA_Projects/mini_module_hello_world/mini_module_hello_world.gen/sources_1/bd/design_1/ip/design_1_processing_system7_0_0/design_1_processing_system7_0_0/design_1_processing_system7_0_0_in_context.xdc, line 197).
Applied set_property IO_BUFFER_TYPE = NONE for FIXED_IO_mio[32]. (constraint file  d:/2025/Learning/FPGA_Projects/mini_module_hello_world/mini_module_hello_world.gen/sources_1/bd/design_1/ip/design_1_processing_system7_0_0/design_1_processing_system7_0_0/design_1_processing_system7_0_0_in_context.xdc, line 198).
Applied set_property CLOCK_BUFFER_TYPE = NONE for FIXED_IO_mio[32]. (constraint file  d:/2025/Learning/FPGA_Projects/mini_module_hello_world/mini_module_hello_world.gen/sources_1/bd/design_1/ip/design_1_processing_system7_0_0/design_1_processing_system7_0_0/design_1_processing_system7_0_0_in_context.xdc, line 199).
Applied set_property IO_BUFFER_TYPE = NONE for FIXED_IO_mio[33]. (constraint file  d:/2025/Learning/FPGA_Projects/mini_module_hello_world/mini_module_hello_world.gen/sources_1/bd/design_1/ip/design_1_processing_system7_0_0/design_1_processing_system7_0_0/design_1_processing_system7_0_0_in_context.xdc, line 200).
Applied set_property CLOCK_BUFFER_TYPE = NONE for FIXED_IO_mio[33]. (constraint file  d:/2025/Learning/FPGA_Projects/mini_module_hello_world/mini_module_hello_world.gen/sources_1/bd/design_1/ip/design_1_processing_system7_0_0/design_1_processing_system7_0_0/design_1_processing_system7_0_0_in_context.xdc, line 201).
Applied set_property IO_BUFFER_TYPE = NONE for FIXED_IO_mio[34]. (constraint file  d:/2025/Learning/FPGA_Projects/mini_module_hello_world/mini_module_hello_world.gen/sources_1/bd/design_1/ip/design_1_processing_system7_0_0/design_1_processing_system7_0_0/design_1_processing_system7_0_0_in_context.xdc, line 202).
Applied set_property CLOCK_BUFFER_TYPE = NONE for FIXED_IO_mio[34]. (constraint file  d:/2025/Learning/FPGA_Projects/mini_module_hello_world/mini_module_hello_world.gen/sources_1/bd/design_1/ip/design_1_processing_system7_0_0/design_1_processing_system7_0_0/design_1_processing_system7_0_0_in_context.xdc, line 203).
Applied set_property IO_BUFFER_TYPE = NONE for FIXED_IO_mio[35]. (constraint file  d:/2025/Learning/FPGA_Projects/mini_module_hello_world/mini_module_hello_world.gen/sources_1/bd/design_1/ip/design_1_processing_system7_0_0/design_1_processing_system7_0_0/design_1_processing_system7_0_0_in_context.xdc, line 204).
Applied set_property CLOCK_BUFFER_TYPE = NONE for FIXED_IO_mio[35]. (constraint file  d:/2025/Learning/FPGA_Projects/mini_module_hello_world/mini_module_hello_world.gen/sources_1/bd/design_1/ip/design_1_processing_system7_0_0/design_1_processing_system7_0_0/design_1_processing_system7_0_0_in_context.xdc, line 205).
Applied set_property IO_BUFFER_TYPE = NONE for FIXED_IO_mio[36]. (constraint file  d:/2025/Learning/FPGA_Projects/mini_module_hello_world/mini_module_hello_world.gen/sources_1/bd/design_1/ip/design_1_processing_system7_0_0/design_1_processing_system7_0_0/design_1_processing_system7_0_0_in_context.xdc, line 206).
Applied set_property CLOCK_BUFFER_TYPE = NONE for FIXED_IO_mio[36]. (constraint file  d:/2025/Learning/FPGA_Projects/mini_module_hello_world/mini_module_hello_world.gen/sources_1/bd/design_1/ip/design_1_processing_system7_0_0/design_1_processing_system7_0_0/design_1_processing_system7_0_0_in_context.xdc, line 207).
Applied set_property IO_BUFFER_TYPE = NONE for FIXED_IO_mio[37]. (constraint file  d:/2025/Learning/FPGA_Projects/mini_module_hello_world/mini_module_hello_world.gen/sources_1/bd/design_1/ip/design_1_processing_system7_0_0/design_1_processing_system7_0_0/design_1_processing_system7_0_0_in_context.xdc, line 208).
Applied set_property CLOCK_BUFFER_TYPE = NONE for FIXED_IO_mio[37]. (constraint file  d:/2025/Learning/FPGA_Projects/mini_module_hello_world/mini_module_hello_world.gen/sources_1/bd/design_1/ip/design_1_processing_system7_0_0/design_1_processing_system7_0_0/design_1_processing_system7_0_0_in_context.xdc, line 209).
Applied set_property IO_BUFFER_TYPE = NONE for FIXED_IO_mio[38]. (constraint file  d:/2025/Learning/FPGA_Projects/mini_module_hello_world/mini_module_hello_world.gen/sources_1/bd/design_1/ip/design_1_processing_system7_0_0/design_1_processing_system7_0_0/design_1_processing_system7_0_0_in_context.xdc, line 210).
Applied set_property CLOCK_BUFFER_TYPE = NONE for FIXED_IO_mio[38]. (constraint file  d:/2025/Learning/FPGA_Projects/mini_module_hello_world/mini_module_hello_world.gen/sources_1/bd/design_1/ip/design_1_processing_system7_0_0/design_1_processing_system7_0_0/design_1_processing_system7_0_0_in_context.xdc, line 211).
Applied set_property IO_BUFFER_TYPE = NONE for FIXED_IO_mio[39]. (constraint file  d:/2025/Learning/FPGA_Projects/mini_module_hello_world/mini_module_hello_world.gen/sources_1/bd/design_1/ip/design_1_processing_system7_0_0/design_1_processing_system7_0_0/design_1_processing_system7_0_0_in_context.xdc, line 212).
Applied set_property CLOCK_BUFFER_TYPE = NONE for FIXED_IO_mio[39]. (constraint file  d:/2025/Learning/FPGA_Projects/mini_module_hello_world/mini_module_hello_world.gen/sources_1/bd/design_1/ip/design_1_processing_system7_0_0/design_1_processing_system7_0_0/design_1_processing_system7_0_0_in_context.xdc, line 213).
Applied set_property IO_BUFFER_TYPE = NONE for FIXED_IO_mio[3]. (constraint file  d:/2025/Learning/FPGA_Projects/mini_module_hello_world/mini_module_hello_world.gen/sources_1/bd/design_1/ip/design_1_processing_system7_0_0/design_1_processing_system7_0_0/design_1_processing_system7_0_0_in_context.xdc, line 214).
Applied set_property CLOCK_BUFFER_TYPE = NONE for FIXED_IO_mio[3]. (constraint file  d:/2025/Learning/FPGA_Projects/mini_module_hello_world/mini_module_hello_world.gen/sources_1/bd/design_1/ip/design_1_processing_system7_0_0/design_1_processing_system7_0_0/design_1_processing_system7_0_0_in_context.xdc, line 215).
Applied set_property IO_BUFFER_TYPE = NONE for FIXED_IO_mio[40]. (constraint file  d:/2025/Learning/FPGA_Projects/mini_module_hello_world/mini_module_hello_world.gen/sources_1/bd/design_1/ip/design_1_processing_system7_0_0/design_1_processing_system7_0_0/design_1_processing_system7_0_0_in_context.xdc, line 216).
Applied set_property CLOCK_BUFFER_TYPE = NONE for FIXED_IO_mio[40]. (constraint file  d:/2025/Learning/FPGA_Projects/mini_module_hello_world/mini_module_hello_world.gen/sources_1/bd/design_1/ip/design_1_processing_system7_0_0/design_1_processing_system7_0_0/design_1_processing_system7_0_0_in_context.xdc, line 217).
Applied set_property IO_BUFFER_TYPE = NONE for FIXED_IO_mio[41]. (constraint file  d:/2025/Learning/FPGA_Projects/mini_module_hello_world/mini_module_hello_world.gen/sources_1/bd/design_1/ip/design_1_processing_system7_0_0/design_1_processing_system7_0_0/design_1_processing_system7_0_0_in_context.xdc, line 218).
Applied set_property CLOCK_BUFFER_TYPE = NONE for FIXED_IO_mio[41]. (constraint file  d:/2025/Learning/FPGA_Projects/mini_module_hello_world/mini_module_hello_world.gen/sources_1/bd/design_1/ip/design_1_processing_system7_0_0/design_1_processing_system7_0_0/design_1_processing_system7_0_0_in_context.xdc, line 219).
Applied set_property IO_BUFFER_TYPE = NONE for FIXED_IO_mio[42]. (constraint file  d:/2025/Learning/FPGA_Projects/mini_module_hello_world/mini_module_hello_world.gen/sources_1/bd/design_1/ip/design_1_processing_system7_0_0/design_1_processing_system7_0_0/design_1_processing_system7_0_0_in_context.xdc, line 220).
Applied set_property CLOCK_BUFFER_TYPE = NONE for FIXED_IO_mio[42]. (constraint file  d:/2025/Learning/FPGA_Projects/mini_module_hello_world/mini_module_hello_world.gen/sources_1/bd/design_1/ip/design_1_processing_system7_0_0/design_1_processing_system7_0_0/design_1_processing_system7_0_0_in_context.xdc, line 221).
Applied set_property IO_BUFFER_TYPE = NONE for FIXED_IO_mio[43]. (constraint file  d:/2025/Learning/FPGA_Projects/mini_module_hello_world/mini_module_hello_world.gen/sources_1/bd/design_1/ip/design_1_processing_system7_0_0/design_1_processing_system7_0_0/design_1_processing_system7_0_0_in_context.xdc, line 222).
Applied set_property CLOCK_BUFFER_TYPE = NONE for FIXED_IO_mio[43]. (constraint file  d:/2025/Learning/FPGA_Projects/mini_module_hello_world/mini_module_hello_world.gen/sources_1/bd/design_1/ip/design_1_processing_system7_0_0/design_1_processing_system7_0_0/design_1_processing_system7_0_0_in_context.xdc, line 223).
Applied set_property IO_BUFFER_TYPE = NONE for FIXED_IO_mio[44]. (constraint file  d:/2025/Learning/FPGA_Projects/mini_module_hello_world/mini_module_hello_world.gen/sources_1/bd/design_1/ip/design_1_processing_system7_0_0/design_1_processing_system7_0_0/design_1_processing_system7_0_0_in_context.xdc, line 224).
Applied set_property CLOCK_BUFFER_TYPE = NONE for FIXED_IO_mio[44]. (constraint file  d:/2025/Learning/FPGA_Projects/mini_module_hello_world/mini_module_hello_world.gen/sources_1/bd/design_1/ip/design_1_processing_system7_0_0/design_1_processing_system7_0_0/design_1_processing_system7_0_0_in_context.xdc, line 225).
Applied set_property IO_BUFFER_TYPE = NONE for FIXED_IO_mio[45]. (constraint file  d:/2025/Learning/FPGA_Projects/mini_module_hello_world/mini_module_hello_world.gen/sources_1/bd/design_1/ip/design_1_processing_system7_0_0/design_1_processing_system7_0_0/design_1_processing_system7_0_0_in_context.xdc, line 226).
Applied set_property CLOCK_BUFFER_TYPE = NONE for FIXED_IO_mio[45]. (constraint file  d:/2025/Learning/FPGA_Projects/mini_module_hello_world/mini_module_hello_world.gen/sources_1/bd/design_1/ip/design_1_processing_system7_0_0/design_1_processing_system7_0_0/design_1_processing_system7_0_0_in_context.xdc, line 227).
Applied set_property IO_BUFFER_TYPE = NONE for FIXED_IO_mio[46]. (constraint file  d:/2025/Learning/FPGA_Projects/mini_module_hello_world/mini_module_hello_world.gen/sources_1/bd/design_1/ip/design_1_processing_system7_0_0/design_1_processing_system7_0_0/design_1_processing_system7_0_0_in_context.xdc, line 228).
Applied set_property CLOCK_BUFFER_TYPE = NONE for FIXED_IO_mio[46]. (constraint file  d:/2025/Learning/FPGA_Projects/mini_module_hello_world/mini_module_hello_world.gen/sources_1/bd/design_1/ip/design_1_processing_system7_0_0/design_1_processing_system7_0_0/design_1_processing_system7_0_0_in_context.xdc, line 229).
Applied set_property IO_BUFFER_TYPE = NONE for FIXED_IO_mio[47]. (constraint file  d:/2025/Learning/FPGA_Projects/mini_module_hello_world/mini_module_hello_world.gen/sources_1/bd/design_1/ip/design_1_processing_system7_0_0/design_1_processing_system7_0_0/design_1_processing_system7_0_0_in_context.xdc, line 230).
Applied set_property CLOCK_BUFFER_TYPE = NONE for FIXED_IO_mio[47]. (constraint file  d:/2025/Learning/FPGA_Projects/mini_module_hello_world/mini_module_hello_world.gen/sources_1/bd/design_1/ip/design_1_processing_system7_0_0/design_1_processing_system7_0_0/design_1_processing_system7_0_0_in_context.xdc, line 231).
Applied set_property IO_BUFFER_TYPE = NONE for FIXED_IO_mio[48]. (constraint file  d:/2025/Learning/FPGA_Projects/mini_module_hello_world/mini_module_hello_world.gen/sources_1/bd/design_1/ip/design_1_processing_system7_0_0/design_1_processing_system7_0_0/design_1_processing_system7_0_0_in_context.xdc, line 232).
Applied set_property CLOCK_BUFFER_TYPE = NONE for FIXED_IO_mio[48]. (constraint file  d:/2025/Learning/FPGA_Projects/mini_module_hello_world/mini_module_hello_world.gen/sources_1/bd/design_1/ip/design_1_processing_system7_0_0/design_1_processing_system7_0_0/design_1_processing_system7_0_0_in_context.xdc, line 233).
Applied set_property IO_BUFFER_TYPE = NONE for FIXED_IO_mio[49]. (constraint file  d:/2025/Learning/FPGA_Projects/mini_module_hello_world/mini_module_hello_world.gen/sources_1/bd/design_1/ip/design_1_processing_system7_0_0/design_1_processing_system7_0_0/design_1_processing_system7_0_0_in_context.xdc, line 234).
Applied set_property CLOCK_BUFFER_TYPE = NONE for FIXED_IO_mio[49]. (constraint file  d:/2025/Learning/FPGA_Projects/mini_module_hello_world/mini_module_hello_world.gen/sources_1/bd/design_1/ip/design_1_processing_system7_0_0/design_1_processing_system7_0_0/design_1_processing_system7_0_0_in_context.xdc, line 235).
Applied set_property IO_BUFFER_TYPE = NONE for FIXED_IO_mio[4]. (constraint file  d:/2025/Learning/FPGA_Projects/mini_module_hello_world/mini_module_hello_world.gen/sources_1/bd/design_1/ip/design_1_processing_system7_0_0/design_1_processing_system7_0_0/design_1_processing_system7_0_0_in_context.xdc, line 236).
Applied set_property CLOCK_BUFFER_TYPE = NONE for FIXED_IO_mio[4]. (constraint file  d:/2025/Learning/FPGA_Projects/mini_module_hello_world/mini_module_hello_world.gen/sources_1/bd/design_1/ip/design_1_processing_system7_0_0/design_1_processing_system7_0_0/design_1_processing_system7_0_0_in_context.xdc, line 237).
Applied set_property IO_BUFFER_TYPE = NONE for FIXED_IO_mio[50]. (constraint file  d:/2025/Learning/FPGA_Projects/mini_module_hello_world/mini_module_hello_world.gen/sources_1/bd/design_1/ip/design_1_processing_system7_0_0/design_1_processing_system7_0_0/design_1_processing_system7_0_0_in_context.xdc, line 238).
Applied set_property CLOCK_BUFFER_TYPE = NONE for FIXED_IO_mio[50]. (constraint file  d:/2025/Learning/FPGA_Projects/mini_module_hello_world/mini_module_hello_world.gen/sources_1/bd/design_1/ip/design_1_processing_system7_0_0/design_1_processing_system7_0_0/design_1_processing_system7_0_0_in_context.xdc, line 239).
Applied set_property IO_BUFFER_TYPE = NONE for FIXED_IO_mio[51]. (constraint file  d:/2025/Learning/FPGA_Projects/mini_module_hello_world/mini_module_hello_world.gen/sources_1/bd/design_1/ip/design_1_processing_system7_0_0/design_1_processing_system7_0_0/design_1_processing_system7_0_0_in_context.xdc, line 240).
Applied set_property CLOCK_BUFFER_TYPE = NONE for FIXED_IO_mio[51]. (constraint file  d:/2025/Learning/FPGA_Projects/mini_module_hello_world/mini_module_hello_world.gen/sources_1/bd/design_1/ip/design_1_processing_system7_0_0/design_1_processing_system7_0_0/design_1_processing_system7_0_0_in_context.xdc, line 241).
Applied set_property IO_BUFFER_TYPE = NONE for FIXED_IO_mio[52]. (constraint file  d:/2025/Learning/FPGA_Projects/mini_module_hello_world/mini_module_hello_world.gen/sources_1/bd/design_1/ip/design_1_processing_system7_0_0/design_1_processing_system7_0_0/design_1_processing_system7_0_0_in_context.xdc, line 242).
Applied set_property CLOCK_BUFFER_TYPE = NONE for FIXED_IO_mio[52]. (constraint file  d:/2025/Learning/FPGA_Projects/mini_module_hello_world/mini_module_hello_world.gen/sources_1/bd/design_1/ip/design_1_processing_system7_0_0/design_1_processing_system7_0_0/design_1_processing_system7_0_0_in_context.xdc, line 243).
Applied set_property IO_BUFFER_TYPE = NONE for FIXED_IO_mio[53]. (constraint file  d:/2025/Learning/FPGA_Projects/mini_module_hello_world/mini_module_hello_world.gen/sources_1/bd/design_1/ip/design_1_processing_system7_0_0/design_1_processing_system7_0_0/design_1_processing_system7_0_0_in_context.xdc, line 244).
Applied set_property CLOCK_BUFFER_TYPE = NONE for FIXED_IO_mio[53]. (constraint file  d:/2025/Learning/FPGA_Projects/mini_module_hello_world/mini_module_hello_world.gen/sources_1/bd/design_1/ip/design_1_processing_system7_0_0/design_1_processing_system7_0_0/design_1_processing_system7_0_0_in_context.xdc, line 245).
Applied set_property IO_BUFFER_TYPE = NONE for FIXED_IO_mio[5]. (constraint file  d:/2025/Learning/FPGA_Projects/mini_module_hello_world/mini_module_hello_world.gen/sources_1/bd/design_1/ip/design_1_processing_system7_0_0/design_1_processing_system7_0_0/design_1_processing_system7_0_0_in_context.xdc, line 246).
Applied set_property CLOCK_BUFFER_TYPE = NONE for FIXED_IO_mio[5]. (constraint file  d:/2025/Learning/FPGA_Projects/mini_module_hello_world/mini_module_hello_world.gen/sources_1/bd/design_1/ip/design_1_processing_system7_0_0/design_1_processing_system7_0_0/design_1_processing_system7_0_0_in_context.xdc, line 247).
Applied set_property IO_BUFFER_TYPE = NONE for FIXED_IO_mio[6]. (constraint file  d:/2025/Learning/FPGA_Projects/mini_module_hello_world/mini_module_hello_world.gen/sources_1/bd/design_1/ip/design_1_processing_system7_0_0/design_1_processing_system7_0_0/design_1_processing_system7_0_0_in_context.xdc, line 248).
Applied set_property CLOCK_BUFFER_TYPE = NONE for FIXED_IO_mio[6]. (constraint file  d:/2025/Learning/FPGA_Projects/mini_module_hello_world/mini_module_hello_world.gen/sources_1/bd/design_1/ip/design_1_processing_system7_0_0/design_1_processing_system7_0_0/design_1_processing_system7_0_0_in_context.xdc, line 249).
Applied set_property IO_BUFFER_TYPE = NONE for FIXED_IO_mio[7]. (constraint file  d:/2025/Learning/FPGA_Projects/mini_module_hello_world/mini_module_hello_world.gen/sources_1/bd/design_1/ip/design_1_processing_system7_0_0/design_1_processing_system7_0_0/design_1_processing_system7_0_0_in_context.xdc, line 250).
Applied set_property CLOCK_BUFFER_TYPE = NONE for FIXED_IO_mio[7]. (constraint file  d:/2025/Learning/FPGA_Projects/mini_module_hello_world/mini_module_hello_world.gen/sources_1/bd/design_1/ip/design_1_processing_system7_0_0/design_1_processing_system7_0_0/design_1_processing_system7_0_0_in_context.xdc, line 251).
Applied set_property IO_BUFFER_TYPE = NONE for FIXED_IO_mio[8]. (constraint file  d:/2025/Learning/FPGA_Projects/mini_module_hello_world/mini_module_hello_world.gen/sources_1/bd/design_1/ip/design_1_processing_system7_0_0/design_1_processing_system7_0_0/design_1_processing_system7_0_0_in_context.xdc, line 252).
Applied set_property CLOCK_BUFFER_TYPE = NONE for FIXED_IO_mio[8]. (constraint file  d:/2025/Learning/FPGA_Projects/mini_module_hello_world/mini_module_hello_world.gen/sources_1/bd/design_1/ip/design_1_processing_system7_0_0/design_1_processing_system7_0_0/design_1_processing_system7_0_0_in_context.xdc, line 253).
Applied set_property IO_BUFFER_TYPE = NONE for FIXED_IO_mio[9]. (constraint file  d:/2025/Learning/FPGA_Projects/mini_module_hello_world/mini_module_hello_world.gen/sources_1/bd/design_1/ip/design_1_processing_system7_0_0/design_1_processing_system7_0_0/design_1_processing_system7_0_0_in_context.xdc, line 254).
Applied set_property CLOCK_BUFFER_TYPE = NONE for FIXED_IO_mio[9]. (constraint file  d:/2025/Learning/FPGA_Projects/mini_module_hello_world/mini_module_hello_world.gen/sources_1/bd/design_1/ip/design_1_processing_system7_0_0/design_1_processing_system7_0_0/design_1_processing_system7_0_0_in_context.xdc, line 255).
Applied set_property IO_BUFFER_TYPE = NONE for FIXED_IO_ps_clk. (constraint file  d:/2025/Learning/FPGA_Projects/mini_module_hello_world/mini_module_hello_world.gen/sources_1/bd/design_1/ip/design_1_processing_system7_0_0/design_1_processing_system7_0_0/design_1_processing_system7_0_0_in_context.xdc, line 256).
Applied set_property CLOCK_BUFFER_TYPE = NONE for FIXED_IO_ps_clk. (constraint file  d:/2025/Learning/FPGA_Projects/mini_module_hello_world/mini_module_hello_world.gen/sources_1/bd/design_1/ip/design_1_processing_system7_0_0/design_1_processing_system7_0_0/design_1_processing_system7_0_0_in_context.xdc, line 257).
Applied set_property IO_BUFFER_TYPE = NONE for FIXED_IO_ps_porb. (constraint file  d:/2025/Learning/FPGA_Projects/mini_module_hello_world/mini_module_hello_world.gen/sources_1/bd/design_1/ip/design_1_processing_system7_0_0/design_1_processing_system7_0_0/design_1_processing_system7_0_0_in_context.xdc, line 258).
Applied set_property CLOCK_BUFFER_TYPE = NONE for FIXED_IO_ps_porb. (constraint file  d:/2025/Learning/FPGA_Projects/mini_module_hello_world/mini_module_hello_world.gen/sources_1/bd/design_1/ip/design_1_processing_system7_0_0/design_1_processing_system7_0_0/design_1_processing_system7_0_0_in_context.xdc, line 259).
Applied set_property IO_BUFFER_TYPE = NONE for FIXED_IO_ps_srstb. (constraint file  d:/2025/Learning/FPGA_Projects/mini_module_hello_world/mini_module_hello_world.gen/sources_1/bd/design_1/ip/design_1_processing_system7_0_0/design_1_processing_system7_0_0/design_1_processing_system7_0_0_in_context.xdc, line 260).
Applied set_property CLOCK_BUFFER_TYPE = NONE for FIXED_IO_ps_srstb. (constraint file  d:/2025/Learning/FPGA_Projects/mini_module_hello_world/mini_module_hello_world.gen/sources_1/bd/design_1/ip/design_1_processing_system7_0_0/design_1_processing_system7_0_0/design_1_processing_system7_0_0_in_context.xdc, line 261).
Applied set_property KEEP_HIERARCHY = SOFT for design_1_i. (constraint file  auto generated constraint).
Applied set_property KEEP_HIERARCHY = SOFT for design_1_i/processing_system7_0. (constraint file  auto generated constraint).
Applied set_property KEEP_HIERARCHY = SOFT for design_1_i/axi_gpio_0. (constraint file  auto generated constraint).
Applied set_property KEEP_HIERARCHY = SOFT for design_1_i/ps7_0_axi_periph/xbar. (constraint file  auto generated constraint).
Applied set_property KEEP_HIERARCHY = SOFT for design_1_i/ps7_0_axi_periph/s00_couplers/auto_pc. (constraint file  auto generated constraint).
Applied set_property KEEP_HIERARCHY = SOFT for design_1_i/ps7_0_axi_periph. (constraint file  auto generated constraint).
Applied set_property KEEP_HIERARCHY = SOFT for design_1_i/rst_ps7_0_50M. (constraint file  auto generated constraint).
---------------------------------------------------------------------------------
Finished applying 'set_property' XDC Constraints : Time (s): cpu = 00:00:18 ; elapsed = 00:00:19 . Memory (MB): peak = 1752.402 ; gain = 583.871
---------------------------------------------------------------------------------
---------------------------------------------------------------------------------
Finished RTL Optimization Phase 2 : Time (s): cpu = 00:00:18 ; elapsed = 00:00:19 . Memory (MB): peak = 1752.402 ; gain = 583.871
---------------------------------------------------------------------------------
---------------------------------------------------------------------------------
Start RTL Component Statistics 
---------------------------------------------------------------------------------
Detailed RTL Component Info : 
---------------------------------------------------------------------------------
Finished RTL Component Statistics 
---------------------------------------------------------------------------------
---------------------------------------------------------------------------------
Start Part Resource Summary
---------------------------------------------------------------------------------
Part Resources:
DSPs: 2020 (col length:140)
BRAMs: 1510 (col length: RAMB18 140 RAMB36 70)
---------------------------------------------------------------------------------
Finished Part Resource Summary
---------------------------------------------------------------------------------
---------------------------------------------------------------------------------
Start Cross Boundary and Area Optimization
---------------------------------------------------------------------------------
WARNING: [Synth 8-7080] Parallel synthesis criteria is not met
---------------------------------------------------------------------------------
Finished Cross Boundary and Area Optimization : Time (s): cpu = 00:00:20 ; elapsed = 00:00:21 . Memory (MB): peak = 1752.402 ; gain = 583.871
---------------------------------------------------------------------------------
---------------------------------------------------------------------------------
Start Applying XDC Timing Constraints
---------------------------------------------------------------------------------
---------------------------------------------------------------------------------
Finished Applying XDC Timing Constraints : Time (s): cpu = 00:00:28 ; elapsed = 00:00:29 . Memory (MB): peak = 1752.402 ; gain = 583.871
---------------------------------------------------------------------------------
---------------------------------------------------------------------------------
Start Timing Optimization
---------------------------------------------------------------------------------
---------------------------------------------------------------------------------
Finished Timing Optimization : Time (s): cpu = 00:00:28 ; elapsed = 00:00:29 . Memory (MB): peak = 1752.402 ; gain = 583.871
---------------------------------------------------------------------------------
---------------------------------------------------------------------------------
Start Technology Mapping
---------------------------------------------------------------------------------
---------------------------------------------------------------------------------
Finished Technology Mapping : Time (s): cpu = 00:00:28 ; elapsed = 00:00:29 . Memory (MB): peak = 1752.402 ; gain = 583.871
---------------------------------------------------------------------------------
---------------------------------------------------------------------------------
Start IO Insertion
---------------------------------------------------------------------------------
---------------------------------------------------------------------------------
Start Flattening Before IO Insertion
---------------------------------------------------------------------------------
---------------------------------------------------------------------------------
Finished Flattening Before IO Insertion
---------------------------------------------------------------------------------
---------------------------------------------------------------------------------
Start Final Netlist Cleanup
---------------------------------------------------------------------------------
---------------------------------------------------------------------------------
Finished Final Netlist Cleanup
---------------------------------------------------------------------------------
---------------------------------------------------------------------------------
Finished IO Insertion : Time (s): cpu = 00:00:34 ; elapsed = 00:00:35 . Memory (MB): peak = 1752.402 ; gain = 583.871
---------------------------------------------------------------------------------
---------------------------------------------------------------------------------
Start Renaming Generated Instances
---------------------------------------------------------------------------------
---------------------------------------------------------------------------------
Finished Renaming Generated Instances : Time (s): cpu = 00:00:34 ; elapsed = 00:00:35 . Memory (MB): peak = 1752.402 ; gain = 583.871
---------------------------------------------------------------------------------
---------------------------------------------------------------------------------
Start Rebuilding User Hierarchy
---------------------------------------------------------------------------------
---------------------------------------------------------------------------------
Finished Rebuilding User Hierarchy : Time (s): cpu = 00:00:34 ; elapsed = 00:00:35 . Memory (MB): peak = 1752.402 ; gain = 583.871
---------------------------------------------------------------------------------
---------------------------------------------------------------------------------
Start Renaming Generated Ports
---------------------------------------------------------------------------------
---------------------------------------------------------------------------------
Finished Renaming Generated Ports : Time (s): cpu = 00:00:34 ; elapsed = 00:00:35 . Memory (MB): peak = 1752.402 ; gain = 583.871
---------------------------------------------------------------------------------
---------------------------------------------------------------------------------
Start Handling Custom Attributes
---------------------------------------------------------------------------------
---------------------------------------------------------------------------------
Finished Handling Custom Attributes : Time (s): cpu = 00:00:34 ; elapsed = 00:00:35 . Memory (MB): peak = 1752.402 ; gain = 583.871
---------------------------------------------------------------------------------
---------------------------------------------------------------------------------
Start Renaming Generated Nets
---------------------------------------------------------------------------------
---------------------------------------------------------------------------------
Finished Renaming Generated Nets : Time (s): cpu = 00:00:34 ; elapsed = 00:00:35 . Memory (MB): peak = 1752.402 ; gain = 583.871
---------------------------------------------------------------------------------
---------------------------------------------------------------------------------
Start Writing Synthesis Report
---------------------------------------------------------------------------------

Report BlackBoxes: 
+------+--------------------------------+----------+
|      |BlackBox name                   |Instances |
+------+--------------------------------+----------+
|1     |design_1_axi_gpio_0_1           |         1|
|2     |design_1_processing_system7_0_0 |         1|
|3     |design_1_xbar_0                 |         1|
|4     |design_1_auto_pc_0              |         1|
|5     |design_1_rst_ps7_0_50M_0        |         1|
+------+--------------------------------+----------+

Report Cell Usage: 
+------+------------------------------+------+
|      |Cell                          |Count |
+------+------------------------------+------+
|1     |design_1_auto_pc              |     1|
|2     |design_1_axi_gpio_0           |     1|
|3     |design_1_processing_system7_0 |     1|
|4     |design_1_rst_ps7_0_50M        |     1|
|5     |design_1_xbar                 |     1|
|6     |IBUF                          |     8|
|7     |OBUF                          |     5|
+------+------------------------------+------+
---------------------------------------------------------------------------------
Finished Writing Synthesis Report : Time (s): cpu = 00:00:34 ; elapsed = 00:00:35 . Memory (MB): peak = 1752.402 ; gain = 583.871
---------------------------------------------------------------------------------
Synthesis finished with 0 errors, 0 critical warnings and 136 warnings.
Synthesis Optimization Runtime : Time (s): cpu = 00:00:23 ; elapsed = 00:00:32 . Memory (MB): peak = 1752.402 ; gain = 563.977
Synthesis Optimization Complete : Time (s): cpu = 00:00:34 ; elapsed = 00:00:35 . Memory (MB): peak = 1752.402 ; gain = 583.871
INFO: [Project 1-571] Translating synthesized netlist
Netlist sorting complete. Time (s): cpu = 00:00:00 ; elapsed = 00:00:00.011 . Memory (MB): peak = 1752.402 ; gain = 0.000
INFO: [Project 1-570] Preparing netlist for logic optimization
INFO: [Opt 31-138] Pushed 0 inverter(s) to 0 load pin(s).
Netlist sorting complete. Time (s): cpu = 00:00:00 ; elapsed = 00:00:00 . Memory (MB): peak = 1752.402 ; gain = 0.000
INFO: [Project 1-111] Unisim Transformation Summary:
No Unisim elements were transformed.

Synth Design complete | Checksum: ea3be8cd
INFO: [Common 17-83] Releasing license: Synthesis
46 Infos, 223 Warnings, 25 Critical Warnings and 0 Errors encountered.
synth_design completed successfully
synth_design: Time (s): cpu = 00:00:41 ; elapsed = 00:00:43 . Memory (MB): peak = 1752.402 ; gain = 1106.414
INFO: [runtcl-6] Synthesis results are not added to the cache due to CRITICAL_WARNING
Write ShapeDB Complete: Time (s): cpu = 00:00:00 ; elapsed = 00:00:00.001 . Memory (MB): peak = 1752.402 ; gain = 0.000
INFO: [Common 17-1381] The checkpoint 'D:/2025/Learning/FPGA_Projects/mini_module_hello_world/mini_module_hello_world.runs/synth_1/design_1_wrapper.dcp' has been generated.
INFO: [Vivado 12-24828] Executing command : report_utilization -file design_1_wrapper_utilization_synth.rpt -pb design_1_wrapper_utilization_synth.pb
INFO: [Common 17-206] Exiting Vivado at Tue Oct 21 22:05:04 2025...
