Copyright 1986-2022 Xilinx, Inc. All Rights Reserved. Copyright 2022-2024 Advanced Micro Devices, Inc. All Rights Reserved.
---------------------------------------------------------------------------------------------------------------------------------------------------------------------------------------------------------------------------
| Tool Version : Vivado v.2024.1 (win64) Build 5076996 Wed May 22 18:37:14 MDT 2024
| Date         : Mon May 12 05:49:45 2025
| Host         : Soroush running 64-bit major release  (build 9200)
| Command      : report_timing_summary -max_paths 10 -report_unconstrained -file ALU_Simple_timing_summary_routed.rpt -pb ALU_Simple_timing_summary_routed.pb -rpx ALU_Simple_timing_summary_routed.rpx -warn_on_violation
| Design       : ALU_Simple
| Device       : 7vx485t-ffg1157
| Speed File   : -1  PRODUCTION 1.12 2014-09-11
| Design State : Routed
---------------------------------------------------------------------------------------------------------------------------------------------------------------------------------------------------------------------------

Timing Summary Report

------------------------------------------------------------------------------------------------
| Timer Settings
| --------------
------------------------------------------------------------------------------------------------

  Enable Multi Corner Analysis               :  Yes
  Enable Pessimism Removal                   :  Yes
  Pessimism Removal Resolution               :  Nearest Common Node
  Enable Input Delay Default Clock           :  No
  Enable Preset / Clear Arcs                 :  No
  Disable Flight Delays                      :  No
  Ignore I/O Paths                           :  No
  Timing Early Launch at Borrowing Latches   :  No
  Borrow Time for Max Delay Exceptions       :  Yes
  Merge Timing Exceptions                    :  Yes
  Inter-SLR Compensation                     :  Conservative

  Corner  Analyze    Analyze    
  Name    Max Paths  Min Paths  
  ------  ---------  ---------  
  Slow    Yes        Yes        
  Fast    Yes        Yes        


------------------------------------------------------------------------------------------------
| Report Methodology
| ------------------
------------------------------------------------------------------------------------------------

Rule       Severity          Description                  Violations  
---------  ----------------  ---------------------------  ----------  
TIMING-17  Critical Warning  Non-clocked sequential cell  32          

Note: This report is based on the most recent report_methodology run and may not be up-to-date. Run report_methodology on the current design for the latest report.



check_timing report

Table of Contents
-----------------
1. checking no_clock (32)
2. checking constant_clock (0)
3. checking pulse_width_clock (0)
4. checking unconstrained_internal_endpoints (64)
5. checking no_input_delay (36)
6. checking no_output_delay (32)
7. checking multiple_clock (0)
8. checking generated_clocks (0)
9. checking loops (0)
10. checking partial_input_delay (0)
11. checking partial_output_delay (0)
12. checking latch_loops (0)

1. checking no_clock (32)
-------------------------
 There are 32 register/latch pins with no clock driven by root clock pin: clk (HIGH)


2. checking constant_clock (0)
------------------------------
 There are 0 register/latch pins with constant_clock.


3. checking pulse_width_clock (0)
---------------------------------
 There are 0 register/latch pins which need pulse_width check


4. checking unconstrained_internal_endpoints (64)
-------------------------------------------------
 There are 64 pins that are not constrained for maximum delay. (HIGH)

 There are 0 pins that are not constrained for maximum delay due to constant clock.


5. checking no_input_delay (36)
-------------------------------
 There are 36 input ports with no input delay specified. (HIGH)

 There are 0 input ports with no input delay but user has a false path constraint.


6. checking no_output_delay (32)
--------------------------------
 There are 32 ports with no output delay specified. (HIGH)

 There are 0 ports with no output delay but user has a false path constraint

 There are 0 ports with no output delay but with a timing clock defined on it or propagating through it


7. checking multiple_clock (0)
------------------------------
 There are 0 register/latch pins with multiple clocks.


8. checking generated_clocks (0)
--------------------------------
 There are 0 generated clocks that are not connected to a clock source.


9. checking loops (0)
---------------------
 There are 0 combinational loops in the design.


10. checking partial_input_delay (0)
------------------------------------
 There are 0 input ports with partial input delay specified.


11. checking partial_output_delay (0)
-------------------------------------
 There are 0 ports with partial output delay specified.


12. checking latch_loops (0)
----------------------------
 There are 0 combinational latch loops in the design through latch input



------------------------------------------------------------------------------------------------
| Design Timing Summary
| ---------------------
------------------------------------------------------------------------------------------------

    WNS(ns)      TNS(ns)  TNS Failing Endpoints  TNS Total Endpoints      WHS(ns)      THS(ns)  THS Failing Endpoints  THS Total Endpoints     WPWS(ns)     TPWS(ns)  TPWS Failing Endpoints  TPWS Total Endpoints  
    -------      -------  ---------------------  -------------------      -------      -------  ---------------------  -------------------     --------     --------  ----------------------  --------------------  
        inf        0.000                      0                   96          inf        0.000                      0                   96           NA           NA                      NA                    NA  


There are no user specified timing constraints.


------------------------------------------------------------------------------------------------
| Clock Summary
| -------------
------------------------------------------------------------------------------------------------


------------------------------------------------------------------------------------------------
| Intra Clock Table
| -----------------
------------------------------------------------------------------------------------------------

Clock             WNS(ns)      TNS(ns)  TNS Failing Endpoints  TNS Total Endpoints      WHS(ns)      THS(ns)  THS Failing Endpoints  THS Total Endpoints     WPWS(ns)     TPWS(ns)  TPWS Failing Endpoints  TPWS Total Endpoints  
-----             -------      -------  ---------------------  -------------------      -------      -------  ---------------------  -------------------     --------     --------  ----------------------  --------------------  


------------------------------------------------------------------------------------------------
| Inter Clock Table
| -----------------
------------------------------------------------------------------------------------------------

From Clock    To Clock          WNS(ns)      TNS(ns)  TNS Failing Endpoints  TNS Total Endpoints      WHS(ns)      THS(ns)  THS Failing Endpoints  THS Total Endpoints  
----------    --------          -------      -------  ---------------------  -------------------      -------      -------  ---------------------  -------------------  


------------------------------------------------------------------------------------------------
| Other Path Groups Table
| -----------------------
------------------------------------------------------------------------------------------------

Path Group    From Clock    To Clock          WNS(ns)      TNS(ns)  TNS Failing Endpoints  TNS Total Endpoints      WHS(ns)      THS(ns)  THS Failing Endpoints  THS Total Endpoints  
----------    ----------    --------          -------      -------  ---------------------  -------------------      -------      -------  ---------------------  -------------------  


------------------------------------------------------------------------------------------------
| User Ignored Path Table
| -----------------------
------------------------------------------------------------------------------------------------

Path Group    From Clock    To Clock    
----------    ----------    --------    


------------------------------------------------------------------------------------------------
| Unconstrained Path Table
| ------------------------
------------------------------------------------------------------------------------------------

Path Group    From Clock    To Clock    
----------    ----------    --------    
(none)                                    


------------------------------------------------------------------------------------------------
| Timing Details
| --------------
------------------------------------------------------------------------------------------------


--------------------------------------------------------------------------------------
Path Group:  (none)
From Clock:  
  To Clock:  

Max Delay            96 Endpoints
Min Delay            96 Endpoints
--------------------------------------------------------------------------------------


Max Delay Paths
--------------------------------------------------------------------------------------
Slack:                    inf
  Source:                 B[1]
                            (input port)
  Destination:            sol_reg[0]/D
  Path Group:             (none)
  Path Type:              Max at Slow Process Corner
  Data Path Delay:        36.080ns  (logic 12.483ns (34.599%)  route 23.596ns (65.401%))
  Logic Levels:           98  (CARRY4=79 IBUF=1 LUT1=1 LUT3=15 LUT6=1 MUXF7=1)

    Location             Delay type                Incr(ns)  Path(ns)    Netlist Resource(s)
  -------------------------------------------------------------------    -------------------
    AF28                                              0.000     0.000 f  B[1] (IN)
                         net (fo=0)                   0.000     0.000    B[1]
    AF28                 IBUF (Prop_ibuf_I_O)         0.717     0.717 f  B_IBUF[1]_inst/O
                         net (fo=86, routed)          6.696     7.413    B_IBUF[1]
    SLICE_X46Y66         LUT1 (Prop_lut1_I0_O)        0.053     7.466 r  sol[14]_i_92/O
                         net (fo=1, routed)           0.000     7.466    sol[14]_i_92_n_0
    SLICE_X46Y66         CARRY4 (Prop_carry4_S[1]_CO[3])
                                                      0.310     7.776 r  sol_reg[14]_i_66/CO[3]
                         net (fo=1, routed)           0.000     7.776    sol_reg[14]_i_66_n_0
    SLICE_X46Y67         CARRY4 (Prop_carry4_CI_CO[3])
                                                      0.060     7.836 r  sol_reg[14]_i_47/CO[3]
                         net (fo=1, routed)           0.000     7.836    sol_reg[14]_i_47_n_0
    SLICE_X46Y68         CARRY4 (Prop_carry4_CI_CO[3])
                                                      0.060     7.896 r  sol_reg[14]_i_28/CO[3]
                         net (fo=1, routed)           0.000     7.896    sol_reg[14]_i_28_n_0
    SLICE_X46Y69         CARRY4 (Prop_carry4_CI_CO[3])
                                                      0.060     7.956 r  sol_reg[14]_i_13/CO[3]
                         net (fo=1, routed)           0.000     7.956    sol_reg[14]_i_13_n_0
    SLICE_X46Y70         CARRY4 (Prop_carry4_CI_CO[0])
                                                      0.173     8.129 r  sol_reg[15]_i_24/CO[0]
                         net (fo=20, routed)          0.975     9.105    data6[15]
    SLICE_X44Y66         LUT3 (Prop_lut3_I0_O)        0.153     9.258 r  sol[14]_i_85/O
                         net (fo=1, routed)           0.000     9.258    sol[14]_i_85_n_0
    SLICE_X44Y66         CARRY4 (Prop_carry4_S[1]_CO[3])
                                                      0.324     9.582 r  sol_reg[14]_i_65/CO[3]
                         net (fo=1, routed)           0.000     9.582    sol_reg[14]_i_65_n_0
    SLICE_X44Y67         CARRY4 (Prop_carry4_CI_CO[3])
                                                      0.058     9.640 r  sol_reg[14]_i_46/CO[3]
                         net (fo=1, routed)           0.000     9.640    sol_reg[14]_i_46_n_0
    SLICE_X44Y68         CARRY4 (Prop_carry4_CI_CO[3])
                                                      0.058     9.698 r  sol_reg[14]_i_27/CO[3]
                         net (fo=1, routed)           0.000     9.698    sol_reg[14]_i_27_n_0
    SLICE_X44Y69         CARRY4 (Prop_carry4_CI_CO[3])
                                                      0.058     9.756 r  sol_reg[14]_i_12/CO[3]
                         net (fo=1, routed)           0.000     9.756    sol_reg[14]_i_12_n_0
    SLICE_X44Y70         CARRY4 (Prop_carry4_CI_CO[1])
                                                      0.094     9.850 r  sol_reg[14]_i_6/CO[1]
                         net (fo=20, routed)          1.219    11.068    data6[14]
    SLICE_X41Y66         LUT3 (Prop_lut3_I0_O)        0.152    11.220 r  sol[13]_i_30/O
                         net (fo=1, routed)           0.000    11.220    sol[13]_i_30_n_0
    SLICE_X41Y66         CARRY4 (Prop_carry4_S[1]_CO[3])
                                                      0.324    11.544 r  sol_reg[13]_i_23/CO[3]
                         net (fo=1, routed)           0.000    11.544    sol_reg[13]_i_23_n_0
    SLICE_X41Y67         CARRY4 (Prop_carry4_CI_CO[3])
                                                      0.058    11.602 r  sol_reg[13]_i_18/CO[3]
                         net (fo=1, routed)           0.000    11.602    sol_reg[13]_i_18_n_0
    SLICE_X41Y68         CARRY4 (Prop_carry4_CI_CO[3])
                                                      0.058    11.660 r  sol_reg[13]_i_13/CO[3]
                         net (fo=1, routed)           0.000    11.660    sol_reg[13]_i_13_n_0
    SLICE_X41Y69         CARRY4 (Prop_carry4_CI_CO[3])
                                                      0.058    11.718 r  sol_reg[13]_i_8/CO[3]
                         net (fo=1, routed)           0.000    11.718    sol_reg[13]_i_8_n_0
    SLICE_X41Y70         CARRY4 (Prop_carry4_CI_CO[1])
                                                      0.094    11.812 r  sol_reg[13]_i_6/CO[1]
                         net (fo=20, routed)          0.852    12.665    data6[13]
    SLICE_X40Y65         LUT3 (Prop_lut3_I0_O)        0.152    12.817 r  sol[12]_i_32/O
                         net (fo=1, routed)           0.000    12.817    sol[12]_i_32_n_0
    SLICE_X40Y65         CARRY4 (Prop_carry4_S[1]_CO[3])
                                                      0.310    13.127 r  sol_reg[12]_i_25/CO[3]
                         net (fo=1, routed)           0.000    13.127    sol_reg[12]_i_25_n_0
    SLICE_X40Y66         CARRY4 (Prop_carry4_CI_CO[3])
                                                      0.060    13.187 r  sol_reg[12]_i_20/CO[3]
                         net (fo=1, routed)           0.000    13.187    sol_reg[12]_i_20_n_0
    SLICE_X40Y67         CARRY4 (Prop_carry4_CI_CO[3])
                                                      0.060    13.247 r  sol_reg[12]_i_15/CO[3]
                         net (fo=1, routed)           0.000    13.247    sol_reg[12]_i_15_n_0
    SLICE_X40Y68         CARRY4 (Prop_carry4_CI_CO[3])
                                                      0.060    13.307 r  sol_reg[12]_i_9/CO[3]
                         net (fo=1, routed)           0.000    13.307    sol_reg[12]_i_9_n_0
    SLICE_X40Y69         CARRY4 (Prop_carry4_CI_CO[1])
                                                      0.093    13.400 r  sol_reg[12]_i_5/CO[1]
                         net (fo=20, routed)          1.125    14.525    data6[12]
    SLICE_X45Y65         LUT3 (Prop_lut3_I0_O)        0.153    14.678 r  sol[11]_i_45/O
                         net (fo=1, routed)           0.000    14.678    sol[11]_i_45_n_0
    SLICE_X45Y65         CARRY4 (Prop_carry4_S[1]_CO[3])
                                                      0.324    15.002 r  sol_reg[11]_i_38/CO[3]
                         net (fo=1, routed)           0.000    15.002    sol_reg[11]_i_38_n_0
    SLICE_X45Y66         CARRY4 (Prop_carry4_CI_CO[3])
                                                      0.058    15.060 r  sol_reg[11]_i_33/CO[3]
                         net (fo=1, routed)           0.000    15.060    sol_reg[11]_i_33_n_0
    SLICE_X45Y67         CARRY4 (Prop_carry4_CI_CO[3])
                                                      0.058    15.118 r  sol_reg[11]_i_28/CO[3]
                         net (fo=1, routed)           0.000    15.118    sol_reg[11]_i_28_n_0
    SLICE_X45Y68         CARRY4 (Prop_carry4_CI_CO[3])
                                                      0.058    15.176 r  sol_reg[11]_i_12/CO[3]
                         net (fo=1, routed)           0.000    15.176    sol_reg[11]_i_12_n_0
    SLICE_X45Y69         CARRY4 (Prop_carry4_CI_CO[1])
                                                      0.094    15.270 r  sol_reg[11]_i_6/CO[1]
                         net (fo=20, routed)          1.228    16.497    data6[11]
    SLICE_X43Y65         LUT3 (Prop_lut3_I0_O)        0.152    16.649 r  sol[10]_i_43/O
                         net (fo=1, routed)           0.000    16.649    sol[10]_i_43_n_0
    SLICE_X43Y65         CARRY4 (Prop_carry4_S[3]_CO[3])
                                                      0.233    16.882 r  sol_reg[10]_i_38/CO[3]
                         net (fo=1, routed)           0.000    16.882    sol_reg[10]_i_38_n_0
    SLICE_X43Y66         CARRY4 (Prop_carry4_CI_CO[3])
                                                      0.058    16.940 r  sol_reg[10]_i_30/CO[3]
                         net (fo=1, routed)           0.000    16.940    sol_reg[10]_i_30_n_0
    SLICE_X43Y67         CARRY4 (Prop_carry4_CI_CO[3])
                                                      0.058    16.998 r  sol_reg[10]_i_20/CO[3]
                         net (fo=1, routed)           0.000    16.998    sol_reg[10]_i_20_n_0
    SLICE_X43Y68         CARRY4 (Prop_carry4_CI_CO[3])
                                                      0.058    17.056 r  sol_reg[10]_i_10/CO[3]
                         net (fo=1, routed)           0.000    17.056    sol_reg[10]_i_10_n_0
    SLICE_X43Y69         CARRY4 (Prop_carry4_CI_CO[1])
                                                      0.094    17.150 r  sol_reg[10]_i_5/CO[1]
                         net (fo=20, routed)          0.856    18.006    data6[10]
    SLICE_X42Y65         LUT3 (Prop_lut3_I0_O)        0.152    18.158 r  sol[9]_i_32/O
                         net (fo=1, routed)           0.000    18.158    sol[9]_i_32_n_0
    SLICE_X42Y65         CARRY4 (Prop_carry4_S[1]_CO[3])
                                                      0.310    18.468 r  sol_reg[9]_i_25/CO[3]
                         net (fo=1, routed)           0.000    18.468    sol_reg[9]_i_25_n_0
    SLICE_X42Y66         CARRY4 (Prop_carry4_CI_CO[3])
                                                      0.060    18.528 r  sol_reg[9]_i_20/CO[3]
                         net (fo=1, routed)           0.000    18.528    sol_reg[9]_i_20_n_0
    SLICE_X42Y67         CARRY4 (Prop_carry4_CI_CO[3])
                                                      0.060    18.588 r  sol_reg[9]_i_14/CO[3]
                         net (fo=1, routed)           0.000    18.588    sol_reg[9]_i_14_n_0
    SLICE_X42Y68         CARRY4 (Prop_carry4_CI_CO[3])
                                                      0.060    18.648 r  sol_reg[9]_i_10/CO[3]
                         net (fo=1, routed)           0.000    18.648    sol_reg[9]_i_10_n_0
    SLICE_X42Y69         CARRY4 (Prop_carry4_CI_CO[1])
                                                      0.093    18.741 r  sol_reg[9]_i_6/CO[1]
                         net (fo=20, routed)          1.347    20.087    data6[9]
    SLICE_X38Y64         LUT3 (Prop_lut3_I0_O)        0.153    20.240 r  sol[8]_i_31/O
                         net (fo=1, routed)           0.000    20.240    sol[8]_i_31_n_0
    SLICE_X38Y64         CARRY4 (Prop_carry4_S[3]_CO[3])
                                                      0.216    20.456 r  sol_reg[8]_i_26/CO[3]
                         net (fo=1, routed)           0.000    20.456    sol_reg[8]_i_26_n_0
    SLICE_X38Y65         CARRY4 (Prop_carry4_CI_CO[3])
                                                      0.060    20.516 r  sol_reg[8]_i_21/CO[3]
                         net (fo=1, routed)           0.000    20.516    sol_reg[8]_i_21_n_0
    SLICE_X38Y66         CARRY4 (Prop_carry4_CI_CO[3])
                                                      0.060    20.576 r  sol_reg[8]_i_15/CO[3]
                         net (fo=1, routed)           0.000    20.576    sol_reg[8]_i_15_n_0
    SLICE_X38Y67         CARRY4 (Prop_carry4_CI_CO[3])
                                                      0.060    20.636 r  sol_reg[8]_i_9/CO[3]
                         net (fo=1, routed)           0.000    20.636    sol_reg[8]_i_9_n_0
    SLICE_X38Y68         CARRY4 (Prop_carry4_CI_CO[1])
                                                      0.093    20.729 r  sol_reg[8]_i_6/CO[1]
                         net (fo=20, routed)          1.212    21.942    data6[8]
    SLICE_X37Y63         LUT3 (Prop_lut3_I0_O)        0.153    22.095 r  sol[7]_i_41/O
                         net (fo=1, routed)           0.000    22.095    sol[7]_i_41_n_0
    SLICE_X37Y63         CARRY4 (Prop_carry4_S[3]_CO[3])
                                                      0.233    22.328 r  sol_reg[7]_i_36/CO[3]
                         net (fo=1, routed)           0.000    22.328    sol_reg[7]_i_36_n_0
    SLICE_X37Y64         CARRY4 (Prop_carry4_CI_CO[3])
                                                      0.058    22.386 r  sol_reg[7]_i_31/CO[3]
                         net (fo=1, routed)           0.000    22.386    sol_reg[7]_i_31_n_0
    SLICE_X37Y65         CARRY4 (Prop_carry4_CI_CO[3])
                                                      0.058    22.444 r  sol_reg[7]_i_25/CO[3]
                         net (fo=1, routed)           0.000    22.444    sol_reg[7]_i_25_n_0
    SLICE_X37Y66         CARRY4 (Prop_carry4_CI_CO[3])
                                                      0.058    22.502 r  sol_reg[7]_i_12/CO[3]
                         net (fo=1, routed)           0.000    22.502    sol_reg[7]_i_12_n_0
    SLICE_X37Y67         CARRY4 (Prop_carry4_CI_CO[1])
                                                      0.094    22.596 r  sol_reg[7]_i_6/CO[1]
                         net (fo=20, routed)          1.739    24.334    data6[7]
    SLICE_X47Y59         LUT3 (Prop_lut3_I0_O)        0.152    24.486 r  sol[6]_i_43/O
                         net (fo=1, routed)           0.000    24.486    sol[6]_i_43_n_0
    SLICE_X47Y59         CARRY4 (Prop_carry4_S[3]_CO[3])
                                                      0.233    24.719 r  sol_reg[6]_i_38/CO[3]
                         net (fo=1, routed)           0.000    24.719    sol_reg[6]_i_38_n_0
    SLICE_X47Y60         CARRY4 (Prop_carry4_CI_CO[3])
                                                      0.058    24.777 r  sol_reg[6]_i_33/CO[3]
                         net (fo=1, routed)           0.000    24.777    sol_reg[6]_i_33_n_0
    SLICE_X47Y61         CARRY4 (Prop_carry4_CI_CO[3])
                                                      0.058    24.835 r  sol_reg[6]_i_21/CO[3]
                         net (fo=1, routed)           0.000    24.835    sol_reg[6]_i_21_n_0
    SLICE_X47Y62         CARRY4 (Prop_carry4_CI_CO[3])
                                                      0.058    24.893 r  sol_reg[6]_i_11/CO[3]
                         net (fo=1, routed)           0.000    24.893    sol_reg[6]_i_11_n_0
    SLICE_X47Y63         CARRY4 (Prop_carry4_CI_CO[1])
                                                      0.094    24.987 r  sol_reg[6]_i_6/CO[1]
                         net (fo=20, routed)          1.090    26.078    data6[6]
    SLICE_X46Y57         LUT3 (Prop_lut3_I0_O)        0.152    26.230 r  sol[5]_i_30/O
                         net (fo=1, routed)           0.000    26.230    sol[5]_i_30_n_0
    SLICE_X46Y57         CARRY4 (Prop_carry4_S[1]_CO[3])
                                                      0.310    26.540 r  sol_reg[5]_i_23/CO[3]
                         net (fo=1, routed)           0.000    26.540    sol_reg[5]_i_23_n_0
    SLICE_X46Y58         CARRY4 (Prop_carry4_CI_CO[3])
                                                      0.060    26.600 r  sol_reg[5]_i_18/CO[3]
                         net (fo=1, routed)           0.000    26.600    sol_reg[5]_i_18_n_0
    SLICE_X46Y59         CARRY4 (Prop_carry4_CI_CO[3])
                                                      0.060    26.660 r  sol_reg[5]_i_12/CO[3]
                         net (fo=1, routed)           0.000    26.660    sol_reg[5]_i_12_n_0
    SLICE_X46Y60         CARRY4 (Prop_carry4_CI_CO[3])
                                                      0.060    26.720 r  sol_reg[5]_i_8/CO[3]
                         net (fo=1, routed)           0.000    26.720    sol_reg[5]_i_8_n_0
    SLICE_X46Y61         CARRY4 (Prop_carry4_CI_CO[1])
                                                      0.093    26.813 r  sol_reg[5]_i_5/CO[1]
                         net (fo=20, routed)          1.235    28.048    data6[5]
    SLICE_X45Y57         LUT3 (Prop_lut3_I0_O)        0.153    28.201 r  sol[4]_i_31/O
                         net (fo=1, routed)           0.000    28.201    sol[4]_i_31_n_0
    SLICE_X45Y57         CARRY4 (Prop_carry4_S[1]_CO[3])
                                                      0.324    28.525 r  sol_reg[4]_i_24/CO[3]
                         net (fo=1, routed)           0.000    28.525    sol_reg[4]_i_24_n_0
    SLICE_X45Y58         CARRY4 (Prop_carry4_CI_CO[3])
                                                      0.058    28.583 r  sol_reg[4]_i_19/CO[3]
                         net (fo=1, routed)           0.000    28.583    sol_reg[4]_i_19_n_0
    SLICE_X45Y59         CARRY4 (Prop_carry4_CI_CO[3])
                                                      0.058    28.641 r  sol_reg[4]_i_13/CO[3]
                         net (fo=1, routed)           0.000    28.641    sol_reg[4]_i_13_n_0
    SLICE_X45Y60         CARRY4 (Prop_carry4_CI_CO[3])
                                                      0.058    28.699 r  sol_reg[4]_i_8/CO[3]
                         net (fo=1, routed)           0.000    28.699    sol_reg[4]_i_8_n_0
    SLICE_X45Y61         CARRY4 (Prop_carry4_CI_CO[1])
                                                      0.094    28.793 r  sol_reg[4]_i_5/CO[1]
                         net (fo=20, routed)          0.840    29.633    data6[4]
    SLICE_X44Y58         LUT3 (Prop_lut3_I0_O)        0.152    29.785 r  sol[3]_i_37/O
                         net (fo=1, routed)           0.000    29.785    sol[3]_i_37_n_0
    SLICE_X44Y58         CARRY4 (Prop_carry4_S[0]_CO[3])
                                                      0.313    30.098 r  sol_reg[3]_i_28/CO[3]
                         net (fo=1, routed)           0.000    30.098    sol_reg[3]_i_28_n_0
    SLICE_X44Y59         CARRY4 (Prop_carry4_CI_CO[3])
                                                      0.058    30.156 r  sol_reg[3]_i_22/CO[3]
                         net (fo=1, routed)           0.000    30.156    sol_reg[3]_i_22_n_0
    SLICE_X44Y60         CARRY4 (Prop_carry4_CI_CO[3])
                                                      0.058    30.214 r  sol_reg[3]_i_10/CO[3]
                         net (fo=1, routed)           0.000    30.214    sol_reg[3]_i_10_n_0
    SLICE_X44Y61         CARRY4 (Prop_carry4_CI_CO[1])
                                                      0.094    30.308 r  sol_reg[3]_i_5/CO[1]
                         net (fo=20, routed)          0.724    31.032    data6[3]
    SLICE_X43Y59         LUT3 (Prop_lut3_I0_O)        0.152    31.184 r  sol[2]_i_30/O
                         net (fo=1, routed)           0.000    31.184    sol[2]_i_30_n_0
    SLICE_X43Y59         CARRY4 (Prop_carry4_S[1]_CO[3])
                                                      0.324    31.508 r  sol_reg[2]_i_23/CO[3]
                         net (fo=1, routed)           0.000    31.508    sol_reg[2]_i_23_n_0
    SLICE_X43Y60         CARRY4 (Prop_carry4_CI_CO[3])
                                                      0.058    31.566 r  sol_reg[2]_i_18/CO[3]
                         net (fo=1, routed)           0.000    31.566    sol_reg[2]_i_18_n_0
    SLICE_X43Y61         CARRY4 (Prop_carry4_CI_CO[3])
                                                      0.058    31.624 r  sol_reg[2]_i_13/CO[3]
                         net (fo=1, routed)           0.000    31.624    sol_reg[2]_i_13_n_0
    SLICE_X43Y62         CARRY4 (Prop_carry4_CI_CO[3])
                                                      0.058    31.682 r  sol_reg[2]_i_8/CO[3]
                         net (fo=1, routed)           0.000    31.682    sol_reg[2]_i_8_n_0
    SLICE_X43Y63         CARRY4 (Prop_carry4_CI_CO[1])
                                                      0.094    31.776 r  sol_reg[2]_i_5/CO[1]
                         net (fo=20, routed)          0.836    32.613    data6[2]
    SLICE_X42Y59         LUT3 (Prop_lut3_I0_O)        0.152    32.765 r  sol[1]_i_30/O
                         net (fo=1, routed)           0.000    32.765    sol[1]_i_30_n_0
    SLICE_X42Y59         CARRY4 (Prop_carry4_S[1]_CO[3])
                                                      0.310    33.075 r  sol_reg[1]_i_23/CO[3]
                         net (fo=1, routed)           0.000    33.075    sol_reg[1]_i_23_n_0
    SLICE_X42Y60         CARRY4 (Prop_carry4_CI_CO[3])
                                                      0.060    33.135 r  sol_reg[1]_i_18/CO[3]
                         net (fo=1, routed)           0.000    33.135    sol_reg[1]_i_18_n_0
    SLICE_X42Y61         CARRY4 (Prop_carry4_CI_CO[3])
                                                      0.060    33.195 r  sol_reg[1]_i_13/CO[3]
                         net (fo=1, routed)           0.000    33.195    sol_reg[1]_i_13_n_0
    SLICE_X42Y62         CARRY4 (Prop_carry4_CI_CO[3])
                                                      0.060    33.255 r  sol_reg[1]_i_8/CO[3]
                         net (fo=1, routed)           0.000    33.255    sol_reg[1]_i_8_n_0
    SLICE_X42Y63         CARRY4 (Prop_carry4_CI_CO[1])
                                                      0.093    33.348 r  sol_reg[1]_i_5/CO[1]
                         net (fo=20, routed)          0.847    34.195    data6[1]
    SLICE_X41Y61         LUT3 (Prop_lut3_I0_O)        0.153    34.348 r  sol[0]_i_29/O
                         net (fo=1, routed)           0.000    34.348    sol[0]_i_29_n_0
    SLICE_X41Y61         CARRY4 (Prop_carry4_S[1]_CO[3])
                                                      0.324    34.672 r  sol_reg[0]_i_22/CO[3]
                         net (fo=1, routed)           0.000    34.672    sol_reg[0]_i_22_n_0
    SLICE_X41Y62         CARRY4 (Prop_carry4_CI_CO[3])
                                                      0.058    34.730 r  sol_reg[0]_i_17/CO[3]
                         net (fo=1, routed)           0.000    34.730    sol_reg[0]_i_17_n_0
    SLICE_X41Y63         CARRY4 (Prop_carry4_CI_CO[3])
                                                      0.058    34.788 r  sol_reg[0]_i_12/CO[3]
                         net (fo=1, routed)           0.000    34.788    sol_reg[0]_i_12_n_0
    SLICE_X41Y64         CARRY4 (Prop_carry4_CI_CO[3])
                                                      0.058    34.846 r  sol_reg[0]_i_10/CO[3]
                         net (fo=1, routed)           0.000    34.846    sol_reg[0]_i_10_n_0
    SLICE_X41Y65         CARRY4 (Prop_carry4_CI_CO[0])
                                                      0.179    35.025 r  sol_reg[0]_i_5/CO[0]
                         net (fo=1, routed)           0.775    35.800    data6[0]
    SLICE_X40Y61         LUT6 (Prop_lut6_I3_O)        0.157    35.957 r  sol[0]_i_3/O
                         net (fo=1, routed)           0.000    35.957    sol[0]_i_3_n_0
    SLICE_X40Y61         MUXF7 (Prop_muxf7_I1_O)      0.123    36.080 r  sol_reg[0]_i_1/O
                         net (fo=1, routed)           0.000    36.080    sol_reg[0]_i_1_n_0
    SLICE_X40Y61         FDRE                                         r  sol_reg[0]/D
  -------------------------------------------------------------------    -------------------

Slack:                    inf
  Source:                 B[7]
                            (input port)
  Destination:            sol_reg[13]/D
  Path Group:             (none)
  Path Type:              Max at Slow Process Corner
  Data Path Delay:        34.777ns  (logic 12.044ns (34.632%)  route 22.733ns (65.368%))
  Logic Levels:           95  (CARRY4=74 IBUF=1 LUT1=1 LUT3=14 LUT5=1 LUT6=4)

    Location             Delay type                Incr(ns)  Path(ns)    Netlist Resource(s)
  -------------------------------------------------------------------    -------------------
    AE29                                              0.000     0.000 f  B[7] (IN)
                         net (fo=0)                   0.000     0.000    B[7]
    AE29                 IBUF (Prop_ibuf_I_O)         0.714     0.714 f  B_IBUF[7]_inst/O
                         net (fo=44, routed)          2.434     3.148    B_IBUF[7]
    SLICE_X45Y81         LUT1 (Prop_lut1_I0_O)        0.053     3.201 r  sol[15]_i_332/O
                         net (fo=1, routed)           0.000     3.201    sol[15]_i_332_n_0
    SLICE_X45Y81         CARRY4 (Prop_carry4_S[3]_CO[3])
                                                      0.233     3.434 r  sol_reg[15]_i_299/CO[3]
                         net (fo=1, routed)           0.000     3.434    sol_reg[15]_i_299_n_0
    SLICE_X45Y82         CARRY4 (Prop_carry4_CI_CO[3])
                                                      0.058     3.492 r  sol_reg[15]_i_294/CO[3]
                         net (fo=1, routed)           0.000     3.492    sol_reg[15]_i_294_n_0
    SLICE_X45Y83         CARRY4 (Prop_carry4_CI_CO[3])
                                                      0.058     3.550 r  sol_reg[15]_i_291/CO[3]
                         net (fo=1, routed)           0.000     3.550    sol_reg[15]_i_291_n_0
    SLICE_X45Y84         CARRY4 (Prop_carry4_CI_CO[0])
                                                      0.179     3.729 r  sol_reg[15]_i_290/CO[0]
                         net (fo=19, routed)          1.186     4.916    sol_reg[15]_i_290_n_3
    SLICE_X44Y79         LUT3 (Prop_lut3_I0_O)        0.157     5.073 r  sol[15]_i_311/O
                         net (fo=1, routed)           0.000     5.073    sol[15]_i_311_n_0
    SLICE_X44Y79         CARRY4 (Prop_carry4_S[1]_CO[3])
                                                      0.324     5.397 r  sol_reg[15]_i_282/CO[3]
                         net (fo=1, routed)           0.000     5.397    sol_reg[15]_i_282_n_0
    SLICE_X44Y80         CARRY4 (Prop_carry4_CI_CO[3])
                                                      0.058     5.455 r  sol_reg[15]_i_277/CO[3]
                         net (fo=1, routed)           0.000     5.455    sol_reg[15]_i_277_n_0
    SLICE_X44Y81         CARRY4 (Prop_carry4_CI_CO[3])
                                                      0.058     5.513 r  sol_reg[15]_i_272/CO[3]
                         net (fo=1, routed)           0.000     5.513    sol_reg[15]_i_272_n_0
    SLICE_X44Y82         CARRY4 (Prop_carry4_CI_CO[3])
                                                      0.058     5.571 r  sol_reg[15]_i_269/CO[3]
                         net (fo=1, routed)           0.000     5.571    sol_reg[15]_i_269_n_0
    SLICE_X44Y83         CARRY4 (Prop_carry4_CI_CO[1])
                                                      0.094     5.665 r  sol_reg[15]_i_268/CO[1]
                         net (fo=19, routed)          1.453     7.117    sol_reg[15]_i_268_n_2
    SLICE_X42Y77         LUT3 (Prop_lut3_I0_O)        0.152     7.269 r  sol[15]_i_288/O
                         net (fo=1, routed)           0.000     7.269    sol[15]_i_288_n_0
    SLICE_X42Y77         CARRY4 (Prop_carry4_S[2]_CO[3])
                                                      0.219     7.488 r  sol_reg[15]_i_260/CO[3]
                         net (fo=1, routed)           0.000     7.488    sol_reg[15]_i_260_n_0
    SLICE_X42Y78         CARRY4 (Prop_carry4_CI_CO[3])
                                                      0.060     7.548 r  sol_reg[15]_i_255/CO[3]
                         net (fo=1, routed)           0.000     7.548    sol_reg[15]_i_255_n_0
    SLICE_X42Y79         CARRY4 (Prop_carry4_CI_CO[3])
                                                      0.060     7.608 r  sol_reg[15]_i_250/CO[3]
                         net (fo=1, routed)           0.000     7.608    sol_reg[15]_i_250_n_0
    SLICE_X42Y80         CARRY4 (Prop_carry4_CI_CO[3])
                                                      0.060     7.668 r  sol_reg[15]_i_247/CO[3]
                         net (fo=1, routed)           0.000     7.668    sol_reg[15]_i_247_n_0
    SLICE_X42Y81         CARRY4 (Prop_carry4_CI_CO[1])
                                                      0.093     7.761 r  sol_reg[15]_i_246/CO[1]
                         net (fo=19, routed)          1.185     8.947    sol_reg[15]_i_246_n_2
    SLICE_X43Y76         LUT3 (Prop_lut3_I0_O)        0.153     9.100 r  sol[15]_i_267/O
                         net (fo=1, routed)           0.000     9.100    sol[15]_i_267_n_0
    SLICE_X43Y76         CARRY4 (Prop_carry4_S[1]_CO[3])
                                                      0.324     9.424 r  sol_reg[15]_i_238/CO[3]
                         net (fo=1, routed)           0.000     9.424    sol_reg[15]_i_238_n_0
    SLICE_X43Y77         CARRY4 (Prop_carry4_CI_CO[3])
                                                      0.058     9.482 r  sol_reg[15]_i_233/CO[3]
                         net (fo=1, routed)           0.000     9.482    sol_reg[15]_i_233_n_0
    SLICE_X43Y78         CARRY4 (Prop_carry4_CI_CO[3])
                                                      0.058     9.540 r  sol_reg[15]_i_228/CO[3]
                         net (fo=1, routed)           0.000     9.540    sol_reg[15]_i_228_n_0
    SLICE_X43Y79         CARRY4 (Prop_carry4_CI_CO[3])
                                                      0.058     9.598 r  sol_reg[15]_i_225/CO[3]
                         net (fo=1, routed)           0.000     9.598    sol_reg[15]_i_225_n_0
    SLICE_X43Y80         CARRY4 (Prop_carry4_CI_CO[1])
                                                      0.094     9.692 r  sol_reg[15]_i_224/CO[1]
                         net (fo=19, routed)          0.979    10.671    sol_reg[15]_i_224_n_2
    SLICE_X41Y76         LUT3 (Prop_lut3_I0_O)        0.152    10.823 r  sol[15]_i_241/O
                         net (fo=1, routed)           0.000    10.823    sol[15]_i_241_n_0
    SLICE_X41Y76         CARRY4 (Prop_carry4_S[1]_CO[3])
                                                      0.324    11.147 r  sol_reg[15]_i_211/CO[3]
                         net (fo=1, routed)           0.000    11.147    sol_reg[15]_i_211_n_0
    SLICE_X41Y77         CARRY4 (Prop_carry4_CI_CO[3])
                                                      0.058    11.205 r  sol_reg[15]_i_206/CO[3]
                         net (fo=1, routed)           0.000    11.205    sol_reg[15]_i_206_n_0
    SLICE_X41Y78         CARRY4 (Prop_carry4_CI_CO[3])
                                                      0.058    11.263 r  sol_reg[15]_i_203/CO[3]
                         net (fo=1, routed)           0.000    11.263    sol_reg[15]_i_203_n_0
    SLICE_X41Y79         CARRY4 (Prop_carry4_CI_CO[1])
                                                      0.094    11.357 r  sol_reg[15]_i_202/CO[1]
                         net (fo=19, routed)          0.879    12.236    sol_reg[15]_i_202_n_2
    SLICE_X40Y74         LUT3 (Prop_lut3_I0_O)        0.152    12.388 r  sol[15]_i_223/O
                         net (fo=1, routed)           0.000    12.388    sol[15]_i_223_n_0
    SLICE_X40Y74         CARRY4 (Prop_carry4_S[1]_CO[3])
                                                      0.310    12.698 r  sol_reg[15]_i_194/CO[3]
                         net (fo=1, routed)           0.008    12.706    sol_reg[15]_i_194_n_0
    SLICE_X40Y75         CARRY4 (Prop_carry4_CI_CO[3])
                                                      0.060    12.766 r  sol_reg[15]_i_189/CO[3]
                         net (fo=1, routed)           0.000    12.766    sol_reg[15]_i_189_n_0
    SLICE_X40Y76         CARRY4 (Prop_carry4_CI_CO[3])
                                                      0.060    12.826 r  sol_reg[15]_i_184/CO[3]
                         net (fo=1, routed)           0.000    12.826    sol_reg[15]_i_184_n_0
    SLICE_X40Y77         CARRY4 (Prop_carry4_CI_CO[3])
                                                      0.060    12.886 r  sol_reg[15]_i_181/CO[3]
                         net (fo=1, routed)           0.000    12.886    sol_reg[15]_i_181_n_0
    SLICE_X40Y78         CARRY4 (Prop_carry4_CI_CO[1])
                                                      0.093    12.979 r  sol_reg[15]_i_180/CO[1]
                         net (fo=19, routed)          1.177    14.156    sol_reg[15]_i_180_n_2
    SLICE_X39Y75         LUT3 (Prop_lut3_I0_O)        0.153    14.309 r  sol[15]_i_197/O
                         net (fo=1, routed)           0.000    14.309    sol[15]_i_197_n_0
    SLICE_X39Y75         CARRY4 (Prop_carry4_S[1]_CO[3])
                                                      0.324    14.633 r  sol_reg[15]_i_167/CO[3]
                         net (fo=1, routed)           0.000    14.633    sol_reg[15]_i_167_n_0
    SLICE_X39Y76         CARRY4 (Prop_carry4_CI_CO[3])
                                                      0.058    14.691 r  sol_reg[15]_i_162/CO[3]
                         net (fo=1, routed)           0.000    14.691    sol_reg[15]_i_162_n_0
    SLICE_X39Y77         CARRY4 (Prop_carry4_CI_CO[3])
                                                      0.058    14.749 r  sol_reg[15]_i_159/CO[3]
                         net (fo=1, routed)           0.000    14.749    sol_reg[15]_i_159_n_0
    SLICE_X39Y78         CARRY4 (Prop_carry4_CI_CO[1])
                                                      0.094    14.843 r  sol_reg[15]_i_158/CO[1]
                         net (fo=19, routed)          0.955    15.798    sol_reg[15]_i_158_n_2
    SLICE_X38Y73         LUT3 (Prop_lut3_I0_O)        0.152    15.950 r  sol[15]_i_179/O
                         net (fo=1, routed)           0.000    15.950    sol[15]_i_179_n_0
    SLICE_X38Y73         CARRY4 (Prop_carry4_S[1]_CO[3])
                                                      0.310    16.260 r  sol_reg[15]_i_150/CO[3]
                         net (fo=1, routed)           0.000    16.260    sol_reg[15]_i_150_n_0
    SLICE_X38Y74         CARRY4 (Prop_carry4_CI_CO[3])
                                                      0.060    16.320 r  sol_reg[15]_i_145/CO[3]
                         net (fo=1, routed)           0.008    16.328    sol_reg[15]_i_145_n_0
    SLICE_X38Y75         CARRY4 (Prop_carry4_CI_CO[3])
                                                      0.060    16.388 r  sol_reg[15]_i_140/CO[3]
                         net (fo=1, routed)           0.000    16.388    sol_reg[15]_i_140_n_0
    SLICE_X38Y76         CARRY4 (Prop_carry4_CI_CO[3])
                                                      0.060    16.448 r  sol_reg[15]_i_137/CO[3]
                         net (fo=1, routed)           0.000    16.448    sol_reg[15]_i_137_n_0
    SLICE_X38Y77         CARRY4 (Prop_carry4_CI_CO[1])
                                                      0.093    16.541 r  sol_reg[15]_i_136/CO[1]
                         net (fo=19, routed)          1.197    17.738    sol_reg[15]_i_136_n_2
    SLICE_X37Y73         LUT3 (Prop_lut3_I0_O)        0.153    17.891 r  sol[15]_i_155/O
                         net (fo=1, routed)           0.000    17.891    sol[15]_i_155_n_0
    SLICE_X37Y73         CARRY4 (Prop_carry4_S[3]_CO[3])
                                                      0.233    18.124 r  sol_reg[15]_i_128/CO[3]
                         net (fo=1, routed)           0.000    18.124    sol_reg[15]_i_128_n_0
    SLICE_X37Y74         CARRY4 (Prop_carry4_CI_CO[3])
                                                      0.058    18.182 r  sol_reg[15]_i_123/CO[3]
                         net (fo=1, routed)           0.008    18.190    sol_reg[15]_i_123_n_0
    SLICE_X37Y75         CARRY4 (Prop_carry4_CI_CO[3])
                                                      0.058    18.248 r  sol_reg[15]_i_118/CO[3]
                         net (fo=1, routed)           0.000    18.248    sol_reg[15]_i_118_n_0
    SLICE_X37Y76         CARRY4 (Prop_carry4_CI_CO[3])
                                                      0.058    18.306 r  sol_reg[15]_i_115/CO[3]
                         net (fo=1, routed)           0.000    18.306    sol_reg[15]_i_115_n_0
    SLICE_X37Y77         CARRY4 (Prop_carry4_CI_CO[1])
                                                      0.094    18.400 r  sol_reg[15]_i_114/CO[1]
                         net (fo=19, routed)          1.492    19.892    sol_reg[15]_i_114_n_2
    SLICE_X30Y72         LUT3 (Prop_lut3_I0_O)        0.152    20.044 r  sol[15]_i_133/O
                         net (fo=1, routed)           0.000    20.044    sol[15]_i_133_n_0
    SLICE_X30Y72         CARRY4 (Prop_carry4_S[3]_CO[3])
                                                      0.216    20.260 r  sol_reg[15]_i_106/CO[3]
                         net (fo=1, routed)           0.000    20.260    sol_reg[15]_i_106_n_0
    SLICE_X30Y73         CARRY4 (Prop_carry4_CI_CO[3])
                                                      0.060    20.320 r  sol_reg[15]_i_101/CO[3]
                         net (fo=1, routed)           0.000    20.320    sol_reg[15]_i_101_n_0
    SLICE_X30Y74         CARRY4 (Prop_carry4_CI_CO[3])
                                                      0.060    20.380 r  sol_reg[15]_i_96/CO[3]
                         net (fo=1, routed)           0.008    20.388    sol_reg[15]_i_96_n_0
    SLICE_X30Y75         CARRY4 (Prop_carry4_CI_CO[3])
                                                      0.060    20.448 r  sol_reg[15]_i_93/CO[3]
                         net (fo=1, routed)           0.000    20.448    sol_reg[15]_i_93_n_0
    SLICE_X30Y76         CARRY4 (Prop_carry4_CI_CO[1])
                                                      0.093    20.541 r  sol_reg[15]_i_92/CO[1]
                         net (fo=19, routed)          1.241    21.781    sol_reg[15]_i_92_n_2
    SLICE_X33Y71         LUT3 (Prop_lut3_I0_O)        0.153    21.934 r  sol[15]_i_113/O
                         net (fo=1, routed)           0.000    21.934    sol[15]_i_113_n_0
    SLICE_X33Y71         CARRY4 (Prop_carry4_S[1]_CO[3])
                                                      0.324    22.258 r  sol_reg[15]_i_84/CO[3]
                         net (fo=1, routed)           0.000    22.258    sol_reg[15]_i_84_n_0
    SLICE_X33Y72         CARRY4 (Prop_carry4_CI_CO[3])
                                                      0.058    22.316 r  sol_reg[15]_i_79/CO[3]
                         net (fo=1, routed)           0.000    22.316    sol_reg[15]_i_79_n_0
    SLICE_X33Y73         CARRY4 (Prop_carry4_CI_CO[3])
                                                      0.058    22.374 r  sol_reg[15]_i_74/CO[3]
                         net (fo=1, routed)           0.000    22.374    sol_reg[15]_i_74_n_0
    SLICE_X33Y74         CARRY4 (Prop_carry4_CI_CO[3])
                                                      0.058    22.432 r  sol_reg[15]_i_71/CO[3]
                         net (fo=1, routed)           0.008    22.440    sol_reg[15]_i_71_n_0
    SLICE_X33Y75         CARRY4 (Prop_carry4_CI_CO[1])
                                                      0.094    22.534 r  sol_reg[15]_i_70/CO[1]
                         net (fo=19, routed)          1.201    23.735    sol_reg[15]_i_70_n_2
    SLICE_X32Y69         LUT3 (Prop_lut3_I0_O)        0.152    23.887 r  sol[15]_i_89/O
                         net (fo=1, routed)           0.000    23.887    sol[15]_i_89_n_0
    SLICE_X32Y69         CARRY4 (Prop_carry4_S[3]_CO[3])
                                                      0.216    24.103 r  sol_reg[15]_i_65/CO[3]
                         net (fo=1, routed)           0.000    24.103    sol_reg[15]_i_65_n_0
    SLICE_X32Y70         CARRY4 (Prop_carry4_CI_CO[3])
                                                      0.060    24.163 r  sol_reg[15]_i_60/CO[3]
                         net (fo=1, routed)           0.000    24.163    sol_reg[15]_i_60_n_0
    SLICE_X32Y71         CARRY4 (Prop_carry4_CI_CO[3])
                                                      0.060    24.223 r  sol_reg[15]_i_55/CO[3]
                         net (fo=1, routed)           0.000    24.223    sol_reg[15]_i_55_n_0
    SLICE_X32Y72         CARRY4 (Prop_carry4_CI_CO[3])
                                                      0.060    24.283 r  sol_reg[15]_i_52/CO[3]
                         net (fo=1, routed)           0.000    24.283    sol_reg[15]_i_52_n_0
    SLICE_X32Y73         CARRY4 (Prop_carry4_CI_CO[1])
                                                      0.093    24.376 r  sol_reg[15]_i_51/CO[1]
                         net (fo=19, routed)          0.946    25.322    sol_reg[15]_i_51_n_2
    SLICE_X36Y70         CARRY4 (Prop_carry4_CYINIT_CO[3])
                                                      0.459    25.781 r  sol_reg[14]_i_60/CO[3]
                         net (fo=1, routed)           0.000    25.781    sol_reg[14]_i_60_n_0
    SLICE_X36Y71         CARRY4 (Prop_carry4_CI_CO[3])
                                                      0.060    25.841 r  sol_reg[15]_i_46/CO[3]
                         net (fo=1, routed)           0.000    25.841    sol_reg[15]_i_46_n_0
    SLICE_X36Y72         CARRY4 (Prop_carry4_CI_CO[3])
                                                      0.060    25.901 r  sol_reg[15]_i_41/CO[3]
                         net (fo=1, routed)           0.000    25.901    sol_reg[15]_i_41_n_0
    SLICE_X36Y73         CARRY4 (Prop_carry4_CI_CO[3])
                                                      0.060    25.961 r  sol_reg[15]_i_38/CO[3]
                         net (fo=1, routed)           0.000    25.961    sol_reg[15]_i_38_n_0
    SLICE_X36Y74         CARRY4 (Prop_carry4_CI_CO[1])
                                                      0.093    26.054 r  sol_reg[15]_i_37/CO[1]
                         net (fo=19, routed)          1.123    27.177    sol_reg[15]_i_37_n_2
    SLICE_X35Y70         LUT3 (Prop_lut3_I0_O)        0.153    27.330 r  sol[10]_i_36/O
                         net (fo=1, routed)           0.000    27.330    sol[10]_i_36_n_0
    SLICE_X35Y70         CARRY4 (Prop_carry4_S[2]_CO[3])
                                                      0.235    27.565 r  sol_reg[10]_i_25/CO[3]
                         net (fo=1, routed)           0.000    27.565    sol_reg[10]_i_25_n_0
    SLICE_X35Y71         CARRY4 (Prop_carry4_CI_CO[3])
                                                      0.058    27.623 r  sol_reg[14]_i_41/CO[3]
                         net (fo=1, routed)           0.000    27.623    sol_reg[14]_i_41_n_0
    SLICE_X35Y72         CARRY4 (Prop_carry4_CI_CO[3])
                                                      0.058    27.681 r  sol_reg[15]_i_29/CO[3]
                         net (fo=1, routed)           0.000    27.681    sol_reg[15]_i_29_n_0
    SLICE_X35Y73         CARRY4 (Prop_carry4_CI_CO[3])
                                                      0.058    27.739 r  sol_reg[15]_i_26/CO[3]
                         net (fo=1, routed)           0.000    27.739    sol_reg[15]_i_26_n_0
    SLICE_X35Y74         CARRY4 (Prop_carry4_CI_CO[1])
                                                      0.094    27.833 r  sol_reg[15]_i_25/CO[1]
                         net (fo=19, routed)          0.962    28.795    sol_reg[15]_i_25_n_2
    SLICE_X34Y70         LUT3 (Prop_lut3_I0_O)        0.152    28.947 r  sol[6]_i_31/O
                         net (fo=1, routed)           0.000    28.947    sol[6]_i_31_n_0
    SLICE_X34Y70         CARRY4 (Prop_carry4_S[1]_CO[3])
                                                      0.310    29.257 r  sol_reg[6]_i_15/CO[3]
                         net (fo=1, routed)           0.000    29.257    sol_reg[6]_i_15_n_0
    SLICE_X34Y71         CARRY4 (Prop_carry4_CI_CO[3])
                                                      0.060    29.317 r  sol_reg[10]_i_13/CO[3]
                         net (fo=1, routed)           0.000    29.317    sol_reg[10]_i_13_n_0
    SLICE_X34Y72         CARRY4 (Prop_carry4_CI_CO[3])
                                                      0.060    29.377 r  sol_reg[14]_i_16/CO[3]
                         net (fo=1, routed)           0.000    29.377    sol_reg[14]_i_16_n_0
    SLICE_X34Y73         CARRY4 (Prop_carry4_CI_CO[3])
                                                      0.060    29.437 r  sol_reg[15]_i_14/CO[3]
                         net (fo=1, routed)           0.000    29.437    sol_reg[15]_i_14_n_0
    SLICE_X34Y74         CARRY4 (Prop_carry4_CI_CO[1])
                                                      0.093    29.530 r  sol_reg[15]_i_13/CO[1]
                         net (fo=19, routed)          1.053    30.583    sol_reg[15]_i_13_n_2
    SLICE_X32Y64         LUT3 (Prop_lut3_I0_O)        0.153    30.736 r  sol[6]_i_28/O
                         net (fo=1, routed)           0.000    30.736    sol[6]_i_28_n_0
    SLICE_X32Y64         CARRY4 (Prop_carry4_S[1]_CO[3])
                                                      0.310    31.046 r  sol_reg[6]_i_14/CO[3]
                         net (fo=1, routed)           0.000    31.046    sol_reg[6]_i_14_n_0
    SLICE_X32Y65         CARRY4 (Prop_carry4_CI_O[2])
                                                      0.137    31.183 f  sol_reg[6]_i_9/O[2]
                         net (fo=8, routed)           0.680    31.863    sol_reg[6]_i_9_n_5
    SLICE_X33Y64         LUT6 (Prop_lut6_I3_O)        0.152    32.015 f  sol[12]_i_13/O
                         net (fo=6, routed)           0.735    32.750    sol[12]_i_13_n_0
    SLICE_X32Y63         LUT6 (Prop_lut6_I1_O)        0.053    32.803 f  sol[15]_i_19/O
                         net (fo=5, routed)           0.576    33.380    sol[15]_i_19_n_0
    SLICE_X33Y65         LUT6 (Prop_lut6_I4_O)        0.053    33.433 r  sol[15]_i_6/O
                         net (fo=3, routed)           0.564    33.996    sol[15]_i_6_n_0
    SLICE_X34Y67         LUT5 (Prop_lut5_I1_O)        0.053    34.049 f  sol[13]_i_4/O
                         net (fo=1, routed)           0.674    34.724    sol[13]_i_4_n_0
    SLICE_X36Y67         LUT6 (Prop_lut6_I3_O)        0.053    34.777 r  sol[13]_i_1/O
                         net (fo=1, routed)           0.000    34.777    sol[13]_i_1_n_0
    SLICE_X36Y67         FDRE                                         r  sol_reg[13]/D
  -------------------------------------------------------------------    -------------------

Slack:                    inf
  Source:                 B[7]
                            (input port)
  Destination:            sol_reg[10]/D
  Path Group:             (none)
  Path Type:              Max at Slow Process Corner
  Data Path Delay:        34.764ns  (logic 12.172ns (35.012%)  route 22.593ns (64.988%))
  Logic Levels:           95  (CARRY4=74 IBUF=1 LUT1=1 LUT3=15 LUT5=1 LUT6=3)

    Location             Delay type                Incr(ns)  Path(ns)    Netlist Resource(s)
  -------------------------------------------------------------------    -------------------
    AE29                                              0.000     0.000 f  B[7] (IN)
                         net (fo=0)                   0.000     0.000    B[7]
    AE29                 IBUF (Prop_ibuf_I_O)         0.714     0.714 f  B_IBUF[7]_inst/O
                         net (fo=44, routed)          2.434     3.148    B_IBUF[7]
    SLICE_X45Y81         LUT1 (Prop_lut1_I0_O)        0.053     3.201 r  sol[15]_i_332/O
                         net (fo=1, routed)           0.000     3.201    sol[15]_i_332_n_0
    SLICE_X45Y81         CARRY4 (Prop_carry4_S[3]_CO[3])
                                                      0.233     3.434 r  sol_reg[15]_i_299/CO[3]
                         net (fo=1, routed)           0.000     3.434    sol_reg[15]_i_299_n_0
    SLICE_X45Y82         CARRY4 (Prop_carry4_CI_CO[3])
                                                      0.058     3.492 r  sol_reg[15]_i_294/CO[3]
                         net (fo=1, routed)           0.000     3.492    sol_reg[15]_i_294_n_0
    SLICE_X45Y83         CARRY4 (Prop_carry4_CI_CO[3])
                                                      0.058     3.550 r  sol_reg[15]_i_291/CO[3]
                         net (fo=1, routed)           0.000     3.550    sol_reg[15]_i_291_n_0
    SLICE_X45Y84         CARRY4 (Prop_carry4_CI_CO[0])
                                                      0.179     3.729 r  sol_reg[15]_i_290/CO[0]
                         net (fo=19, routed)          1.186     4.916    sol_reg[15]_i_290_n_3
    SLICE_X44Y79         LUT3 (Prop_lut3_I0_O)        0.157     5.073 r  sol[15]_i_311/O
                         net (fo=1, routed)           0.000     5.073    sol[15]_i_311_n_0
    SLICE_X44Y79         CARRY4 (Prop_carry4_S[1]_CO[3])
                                                      0.324     5.397 r  sol_reg[15]_i_282/CO[3]
                         net (fo=1, routed)           0.000     5.397    sol_reg[15]_i_282_n_0
    SLICE_X44Y80         CARRY4 (Prop_carry4_CI_CO[3])
                                                      0.058     5.455 r  sol_reg[15]_i_277/CO[3]
                         net (fo=1, routed)           0.000     5.455    sol_reg[15]_i_277_n_0
    SLICE_X44Y81         CARRY4 (Prop_carry4_CI_CO[3])
                                                      0.058     5.513 r  sol_reg[15]_i_272/CO[3]
                         net (fo=1, routed)           0.000     5.513    sol_reg[15]_i_272_n_0
    SLICE_X44Y82         CARRY4 (Prop_carry4_CI_CO[3])
                                                      0.058     5.571 r  sol_reg[15]_i_269/CO[3]
                         net (fo=1, routed)           0.000     5.571    sol_reg[15]_i_269_n_0
    SLICE_X44Y83         CARRY4 (Prop_carry4_CI_CO[1])
                                                      0.094     5.665 r  sol_reg[15]_i_268/CO[1]
                         net (fo=19, routed)          1.453     7.117    sol_reg[15]_i_268_n_2
    SLICE_X42Y77         LUT3 (Prop_lut3_I0_O)        0.152     7.269 r  sol[15]_i_288/O
                         net (fo=1, routed)           0.000     7.269    sol[15]_i_288_n_0
    SLICE_X42Y77         CARRY4 (Prop_carry4_S[2]_CO[3])
                                                      0.219     7.488 r  sol_reg[15]_i_260/CO[3]
                         net (fo=1, routed)           0.000     7.488    sol_reg[15]_i_260_n_0
    SLICE_X42Y78         CARRY4 (Prop_carry4_CI_CO[3])
                                                      0.060     7.548 r  sol_reg[15]_i_255/CO[3]
                         net (fo=1, routed)           0.000     7.548    sol_reg[15]_i_255_n_0
    SLICE_X42Y79         CARRY4 (Prop_carry4_CI_CO[3])
                                                      0.060     7.608 r  sol_reg[15]_i_250/CO[3]
                         net (fo=1, routed)           0.000     7.608    sol_reg[15]_i_250_n_0
    SLICE_X42Y80         CARRY4 (Prop_carry4_CI_CO[3])
                                                      0.060     7.668 r  sol_reg[15]_i_247/CO[3]
                         net (fo=1, routed)           0.000     7.668    sol_reg[15]_i_247_n_0
    SLICE_X42Y81         CARRY4 (Prop_carry4_CI_CO[1])
                                                      0.093     7.761 r  sol_reg[15]_i_246/CO[1]
                         net (fo=19, routed)          1.185     8.947    sol_reg[15]_i_246_n_2
    SLICE_X43Y76         LUT3 (Prop_lut3_I0_O)        0.153     9.100 r  sol[15]_i_267/O
                         net (fo=1, routed)           0.000     9.100    sol[15]_i_267_n_0
    SLICE_X43Y76         CARRY4 (Prop_carry4_S[1]_CO[3])
                                                      0.324     9.424 r  sol_reg[15]_i_238/CO[3]
                         net (fo=1, routed)           0.000     9.424    sol_reg[15]_i_238_n_0
    SLICE_X43Y77         CARRY4 (Prop_carry4_CI_CO[3])
                                                      0.058     9.482 r  sol_reg[15]_i_233/CO[3]
                         net (fo=1, routed)           0.000     9.482    sol_reg[15]_i_233_n_0
    SLICE_X43Y78         CARRY4 (Prop_carry4_CI_CO[3])
                                                      0.058     9.540 r  sol_reg[15]_i_228/CO[3]
                         net (fo=1, routed)           0.000     9.540    sol_reg[15]_i_228_n_0
    SLICE_X43Y79         CARRY4 (Prop_carry4_CI_CO[3])
                                                      0.058     9.598 r  sol_reg[15]_i_225/CO[3]
                         net (fo=1, routed)           0.000     9.598    sol_reg[15]_i_225_n_0
    SLICE_X43Y80         CARRY4 (Prop_carry4_CI_CO[1])
                                                      0.094     9.692 r  sol_reg[15]_i_224/CO[1]
                         net (fo=19, routed)          0.979    10.671    sol_reg[15]_i_224_n_2
    SLICE_X41Y76         LUT3 (Prop_lut3_I0_O)        0.152    10.823 r  sol[15]_i_241/O
                         net (fo=1, routed)           0.000    10.823    sol[15]_i_241_n_0
    SLICE_X41Y76         CARRY4 (Prop_carry4_S[1]_CO[3])
                                                      0.324    11.147 r  sol_reg[15]_i_211/CO[3]
                         net (fo=1, routed)           0.000    11.147    sol_reg[15]_i_211_n_0
    SLICE_X41Y77         CARRY4 (Prop_carry4_CI_CO[3])
                                                      0.058    11.205 r  sol_reg[15]_i_206/CO[3]
                         net (fo=1, routed)           0.000    11.205    sol_reg[15]_i_206_n_0
    SLICE_X41Y78         CARRY4 (Prop_carry4_CI_CO[3])
                                                      0.058    11.263 r  sol_reg[15]_i_203/CO[3]
                         net (fo=1, routed)           0.000    11.263    sol_reg[15]_i_203_n_0
    SLICE_X41Y79         CARRY4 (Prop_carry4_CI_CO[1])
                                                      0.094    11.357 r  sol_reg[15]_i_202/CO[1]
                         net (fo=19, routed)          0.879    12.236    sol_reg[15]_i_202_n_2
    SLICE_X40Y74         LUT3 (Prop_lut3_I0_O)        0.152    12.388 r  sol[15]_i_223/O
                         net (fo=1, routed)           0.000    12.388    sol[15]_i_223_n_0
    SLICE_X40Y74         CARRY4 (Prop_carry4_S[1]_CO[3])
                                                      0.310    12.698 r  sol_reg[15]_i_194/CO[3]
                         net (fo=1, routed)           0.008    12.706    sol_reg[15]_i_194_n_0
    SLICE_X40Y75         CARRY4 (Prop_carry4_CI_CO[3])
                                                      0.060    12.766 r  sol_reg[15]_i_189/CO[3]
                         net (fo=1, routed)           0.000    12.766    sol_reg[15]_i_189_n_0
    SLICE_X40Y76         CARRY4 (Prop_carry4_CI_CO[3])
                                                      0.060    12.826 r  sol_reg[15]_i_184/CO[3]
                         net (fo=1, routed)           0.000    12.826    sol_reg[15]_i_184_n_0
    SLICE_X40Y77         CARRY4 (Prop_carry4_CI_CO[3])
                                                      0.060    12.886 r  sol_reg[15]_i_181/CO[3]
                         net (fo=1, routed)           0.000    12.886    sol_reg[15]_i_181_n_0
    SLICE_X40Y78         CARRY4 (Prop_carry4_CI_CO[1])
                                                      0.093    12.979 r  sol_reg[15]_i_180/CO[1]
                         net (fo=19, routed)          1.177    14.156    sol_reg[15]_i_180_n_2
    SLICE_X39Y75         LUT3 (Prop_lut3_I0_O)        0.153    14.309 r  sol[15]_i_197/O
                         net (fo=1, routed)           0.000    14.309    sol[15]_i_197_n_0
    SLICE_X39Y75         CARRY4 (Prop_carry4_S[1]_CO[3])
                                                      0.324    14.633 r  sol_reg[15]_i_167/CO[3]
                         net (fo=1, routed)           0.000    14.633    sol_reg[15]_i_167_n_0
    SLICE_X39Y76         CARRY4 (Prop_carry4_CI_CO[3])
                                                      0.058    14.691 r  sol_reg[15]_i_162/CO[3]
                         net (fo=1, routed)           0.000    14.691    sol_reg[15]_i_162_n_0
    SLICE_X39Y77         CARRY4 (Prop_carry4_CI_CO[3])
                                                      0.058    14.749 r  sol_reg[15]_i_159/CO[3]
                         net (fo=1, routed)           0.000    14.749    sol_reg[15]_i_159_n_0
    SLICE_X39Y78         CARRY4 (Prop_carry4_CI_CO[1])
                                                      0.094    14.843 r  sol_reg[15]_i_158/CO[1]
                         net (fo=19, routed)          0.955    15.798    sol_reg[15]_i_158_n_2
    SLICE_X38Y73         LUT3 (Prop_lut3_I0_O)        0.152    15.950 r  sol[15]_i_179/O
                         net (fo=1, routed)           0.000    15.950    sol[15]_i_179_n_0
    SLICE_X38Y73         CARRY4 (Prop_carry4_S[1]_CO[3])
                                                      0.310    16.260 r  sol_reg[15]_i_150/CO[3]
                         net (fo=1, routed)           0.000    16.260    sol_reg[15]_i_150_n_0
    SLICE_X38Y74         CARRY4 (Prop_carry4_CI_CO[3])
                                                      0.060    16.320 r  sol_reg[15]_i_145/CO[3]
                         net (fo=1, routed)           0.008    16.328    sol_reg[15]_i_145_n_0
    SLICE_X38Y75         CARRY4 (Prop_carry4_CI_CO[3])
                                                      0.060    16.388 r  sol_reg[15]_i_140/CO[3]
                         net (fo=1, routed)           0.000    16.388    sol_reg[15]_i_140_n_0
    SLICE_X38Y76         CARRY4 (Prop_carry4_CI_CO[3])
                                                      0.060    16.448 r  sol_reg[15]_i_137/CO[3]
                         net (fo=1, routed)           0.000    16.448    sol_reg[15]_i_137_n_0
    SLICE_X38Y77         CARRY4 (Prop_carry4_CI_CO[1])
                                                      0.093    16.541 r  sol_reg[15]_i_136/CO[1]
                         net (fo=19, routed)          1.197    17.738    sol_reg[15]_i_136_n_2
    SLICE_X37Y73         LUT3 (Prop_lut3_I0_O)        0.153    17.891 r  sol[15]_i_155/O
                         net (fo=1, routed)           0.000    17.891    sol[15]_i_155_n_0
    SLICE_X37Y73         CARRY4 (Prop_carry4_S[3]_CO[3])
                                                      0.233    18.124 r  sol_reg[15]_i_128/CO[3]
                         net (fo=1, routed)           0.000    18.124    sol_reg[15]_i_128_n_0
    SLICE_X37Y74         CARRY4 (Prop_carry4_CI_CO[3])
                                                      0.058    18.182 r  sol_reg[15]_i_123/CO[3]
                         net (fo=1, routed)           0.008    18.190    sol_reg[15]_i_123_n_0
    SLICE_X37Y75         CARRY4 (Prop_carry4_CI_CO[3])
                                                      0.058    18.248 r  sol_reg[15]_i_118/CO[3]
                         net (fo=1, routed)           0.000    18.248    sol_reg[15]_i_118_n_0
    SLICE_X37Y76         CARRY4 (Prop_carry4_CI_CO[3])
                                                      0.058    18.306 r  sol_reg[15]_i_115/CO[3]
                         net (fo=1, routed)           0.000    18.306    sol_reg[15]_i_115_n_0
    SLICE_X37Y77         CARRY4 (Prop_carry4_CI_CO[1])
                                                      0.094    18.400 r  sol_reg[15]_i_114/CO[1]
                         net (fo=19, routed)          1.492    19.892    sol_reg[15]_i_114_n_2
    SLICE_X30Y72         LUT3 (Prop_lut3_I0_O)        0.152    20.044 r  sol[15]_i_133/O
                         net (fo=1, routed)           0.000    20.044    sol[15]_i_133_n_0
    SLICE_X30Y72         CARRY4 (Prop_carry4_S[3]_CO[3])
                                                      0.216    20.260 r  sol_reg[15]_i_106/CO[3]
                         net (fo=1, routed)           0.000    20.260    sol_reg[15]_i_106_n_0
    SLICE_X30Y73         CARRY4 (Prop_carry4_CI_CO[3])
                                                      0.060    20.320 r  sol_reg[15]_i_101/CO[3]
                         net (fo=1, routed)           0.000    20.320    sol_reg[15]_i_101_n_0
    SLICE_X30Y74         CARRY4 (Prop_carry4_CI_CO[3])
                                                      0.060    20.380 r  sol_reg[15]_i_96/CO[3]
                         net (fo=1, routed)           0.008    20.388    sol_reg[15]_i_96_n_0
    SLICE_X30Y75         CARRY4 (Prop_carry4_CI_CO[3])
                                                      0.060    20.448 r  sol_reg[15]_i_93/CO[3]
                         net (fo=1, routed)           0.000    20.448    sol_reg[15]_i_93_n_0
    SLICE_X30Y76         CARRY4 (Prop_carry4_CI_CO[1])
                                                      0.093    20.541 r  sol_reg[15]_i_92/CO[1]
                         net (fo=19, routed)          1.241    21.781    sol_reg[15]_i_92_n_2
    SLICE_X33Y71         LUT3 (Prop_lut3_I0_O)        0.153    21.934 r  sol[15]_i_113/O
                         net (fo=1, routed)           0.000    21.934    sol[15]_i_113_n_0
    SLICE_X33Y71         CARRY4 (Prop_carry4_S[1]_CO[3])
                                                      0.324    22.258 r  sol_reg[15]_i_84/CO[3]
                         net (fo=1, routed)           0.000    22.258    sol_reg[15]_i_84_n_0
    SLICE_X33Y72         CARRY4 (Prop_carry4_CI_CO[3])
                                                      0.058    22.316 r  sol_reg[15]_i_79/CO[3]
                         net (fo=1, routed)           0.000    22.316    sol_reg[15]_i_79_n_0
    SLICE_X33Y73         CARRY4 (Prop_carry4_CI_CO[3])
                                                      0.058    22.374 r  sol_reg[15]_i_74/CO[3]
                         net (fo=1, routed)           0.000    22.374    sol_reg[15]_i_74_n_0
    SLICE_X33Y74         CARRY4 (Prop_carry4_CI_CO[3])
                                                      0.058    22.432 r  sol_reg[15]_i_71/CO[3]
                         net (fo=1, routed)           0.008    22.440    sol_reg[15]_i_71_n_0
    SLICE_X33Y75         CARRY4 (Prop_carry4_CI_CO[1])
                                                      0.094    22.534 r  sol_reg[15]_i_70/CO[1]
                         net (fo=19, routed)          1.201    23.735    sol_reg[15]_i_70_n_2
    SLICE_X32Y69         LUT3 (Prop_lut3_I0_O)        0.152    23.887 r  sol[15]_i_89/O
                         net (fo=1, routed)           0.000    23.887    sol[15]_i_89_n_0
    SLICE_X32Y69         CARRY4 (Prop_carry4_S[3]_CO[3])
                                                      0.216    24.103 r  sol_reg[15]_i_65/CO[3]
                         net (fo=1, routed)           0.000    24.103    sol_reg[15]_i_65_n_0
    SLICE_X32Y70         CARRY4 (Prop_carry4_CI_CO[3])
                                                      0.060    24.163 r  sol_reg[15]_i_60/CO[3]
                         net (fo=1, routed)           0.000    24.163    sol_reg[15]_i_60_n_0
    SLICE_X32Y71         CARRY4 (Prop_carry4_CI_CO[3])
                                                      0.060    24.223 r  sol_reg[15]_i_55/CO[3]
                         net (fo=1, routed)           0.000    24.223    sol_reg[15]_i_55_n_0
    SLICE_X32Y72         CARRY4 (Prop_carry4_CI_CO[3])
                                                      0.060    24.283 r  sol_reg[15]_i_52/CO[3]
                         net (fo=1, routed)           0.000    24.283    sol_reg[15]_i_52_n_0
    SLICE_X32Y73         CARRY4 (Prop_carry4_CI_CO[1])
                                                      0.093    24.376 r  sol_reg[15]_i_51/CO[1]
                         net (fo=19, routed)          0.946    25.322    sol_reg[15]_i_51_n_2
    SLICE_X36Y70         CARRY4 (Prop_carry4_CYINIT_CO[3])
                                                      0.459    25.781 r  sol_reg[14]_i_60/CO[3]
                         net (fo=1, routed)           0.000    25.781    sol_reg[14]_i_60_n_0
    SLICE_X36Y71         CARRY4 (Prop_carry4_CI_CO[3])
                                                      0.060    25.841 r  sol_reg[15]_i_46/CO[3]
                         net (fo=1, routed)           0.000    25.841    sol_reg[15]_i_46_n_0
    SLICE_X36Y72         CARRY4 (Prop_carry4_CI_CO[3])
                                                      0.060    25.901 r  sol_reg[15]_i_41/CO[3]
                         net (fo=1, routed)           0.000    25.901    sol_reg[15]_i_41_n_0
    SLICE_X36Y73         CARRY4 (Prop_carry4_CI_CO[3])
                                                      0.060    25.961 r  sol_reg[15]_i_38/CO[3]
                         net (fo=1, routed)           0.000    25.961    sol_reg[15]_i_38_n_0
    SLICE_X36Y74         CARRY4 (Prop_carry4_CI_CO[1])
                                                      0.093    26.054 r  sol_reg[15]_i_37/CO[1]
                         net (fo=19, routed)          1.123    27.177    sol_reg[15]_i_37_n_2
    SLICE_X35Y70         LUT3 (Prop_lut3_I0_O)        0.153    27.330 r  sol[10]_i_36/O
                         net (fo=1, routed)           0.000    27.330    sol[10]_i_36_n_0
    SLICE_X35Y70         CARRY4 (Prop_carry4_S[2]_CO[3])
                                                      0.235    27.565 r  sol_reg[10]_i_25/CO[3]
                         net (fo=1, routed)           0.000    27.565    sol_reg[10]_i_25_n_0
    SLICE_X35Y71         CARRY4 (Prop_carry4_CI_CO[3])
                                                      0.058    27.623 r  sol_reg[14]_i_41/CO[3]
                         net (fo=1, routed)           0.000    27.623    sol_reg[14]_i_41_n_0
    SLICE_X35Y72         CARRY4 (Prop_carry4_CI_CO[3])
                                                      0.058    27.681 r  sol_reg[15]_i_29/CO[3]
                         net (fo=1, routed)           0.000    27.681    sol_reg[15]_i_29_n_0
    SLICE_X35Y73         CARRY4 (Prop_carry4_CI_CO[3])
                                                      0.058    27.739 r  sol_reg[15]_i_26/CO[3]
                         net (fo=1, routed)           0.000    27.739    sol_reg[15]_i_26_n_0
    SLICE_X35Y74         CARRY4 (Prop_carry4_CI_CO[1])
                                                      0.094    27.833 r  sol_reg[15]_i_25/CO[1]
                         net (fo=19, routed)          0.962    28.795    sol_reg[15]_i_25_n_2
    SLICE_X34Y70         LUT3 (Prop_lut3_I0_O)        0.152    28.947 r  sol[6]_i_31/O
                         net (fo=1, routed)           0.000    28.947    sol[6]_i_31_n_0
    SLICE_X34Y70         CARRY4 (Prop_carry4_S[1]_CO[3])
                                                      0.310    29.257 r  sol_reg[6]_i_15/CO[3]
                         net (fo=1, routed)           0.000    29.257    sol_reg[6]_i_15_n_0
    SLICE_X34Y71         CARRY4 (Prop_carry4_CI_CO[3])
                                                      0.060    29.317 r  sol_reg[10]_i_13/CO[3]
                         net (fo=1, routed)           0.000    29.317    sol_reg[10]_i_13_n_0
    SLICE_X34Y72         CARRY4 (Prop_carry4_CI_CO[3])
                                                      0.060    29.377 r  sol_reg[14]_i_16/CO[3]
                         net (fo=1, routed)           0.000    29.377    sol_reg[14]_i_16_n_0
    SLICE_X34Y73         CARRY4 (Prop_carry4_CI_CO[3])
                                                      0.060    29.437 r  sol_reg[15]_i_14/CO[3]
                         net (fo=1, routed)           0.000    29.437    sol_reg[15]_i_14_n_0
    SLICE_X34Y74         CARRY4 (Prop_carry4_CI_CO[1])
                                                      0.093    29.530 r  sol_reg[15]_i_13/CO[1]
                         net (fo=19, routed)          1.053    30.583    sol_reg[15]_i_13_n_2
    SLICE_X32Y64         LUT3 (Prop_lut3_I0_O)        0.153    30.736 r  sol[6]_i_28/O
                         net (fo=1, routed)           0.000    30.736    sol[6]_i_28_n_0
    SLICE_X32Y64         CARRY4 (Prop_carry4_S[1]_CO[3])
                                                      0.310    31.046 r  sol_reg[6]_i_14/CO[3]
                         net (fo=1, routed)           0.000    31.046    sol_reg[6]_i_14_n_0
    SLICE_X32Y65         CARRY4 (Prop_carry4_CI_O[2])
                                                      0.137    31.183 f  sol_reg[6]_i_9/O[2]
                         net (fo=8, routed)           0.680    31.863    sol_reg[6]_i_9_n_5
    SLICE_X33Y64         LUT6 (Prop_lut6_I3_O)        0.152    32.015 f  sol[12]_i_13/O
                         net (fo=6, routed)           0.736    32.751    sol[12]_i_13_n_0
    SLICE_X32Y63         LUT3 (Prop_lut3_I2_O)        0.066    32.817 r  sol[10]_i_18/O
                         net (fo=1, routed)           0.446    33.263    sol[10]_i_18_n_0
    SLICE_X33Y63         LUT6 (Prop_lut6_I3_O)        0.168    33.431 r  sol[10]_i_8/O
                         net (fo=1, routed)           0.560    33.991    sol[10]_i_8_n_0
    SLICE_X33Y62         LUT6 (Prop_lut6_I5_O)        0.053    34.044 r  sol[10]_i_3/O
                         net (fo=1, routed)           0.668    34.711    sol[10]_i_3_n_0
    SLICE_X34Y62         LUT5 (Prop_lut5_I2_O)        0.053    34.764 r  sol[10]_i_1/O
                         net (fo=1, routed)           0.000    34.764    sol[10]_i_1_n_0
    SLICE_X34Y62         FDRE                                         r  sol_reg[10]/D
  -------------------------------------------------------------------    -------------------

Slack:                    inf
  Source:                 B[7]
                            (input port)
  Destination:            sol_reg[15]/D
  Path Group:             (none)
  Path Type:              Max at Slow Process Corner
  Data Path Delay:        34.704ns  (logic 12.044ns (34.705%)  route 22.660ns (65.295%))
  Logic Levels:           95  (CARRY4=74 IBUF=1 LUT1=1 LUT3=14 LUT6=5)

    Location             Delay type                Incr(ns)  Path(ns)    Netlist Resource(s)
  -------------------------------------------------------------------    -------------------
    AE29                                              0.000     0.000 f  B[7] (IN)
                         net (fo=0)                   0.000     0.000    B[7]
    AE29                 IBUF (Prop_ibuf_I_O)         0.714     0.714 f  B_IBUF[7]_inst/O
                         net (fo=44, routed)          2.434     3.148    B_IBUF[7]
    SLICE_X45Y81         LUT1 (Prop_lut1_I0_O)        0.053     3.201 r  sol[15]_i_332/O
                         net (fo=1, routed)           0.000     3.201    sol[15]_i_332_n_0
    SLICE_X45Y81         CARRY4 (Prop_carry4_S[3]_CO[3])
                                                      0.233     3.434 r  sol_reg[15]_i_299/CO[3]
                         net (fo=1, routed)           0.000     3.434    sol_reg[15]_i_299_n_0
    SLICE_X45Y82         CARRY4 (Prop_carry4_CI_CO[3])
                                                      0.058     3.492 r  sol_reg[15]_i_294/CO[3]
                         net (fo=1, routed)           0.000     3.492    sol_reg[15]_i_294_n_0
    SLICE_X45Y83         CARRY4 (Prop_carry4_CI_CO[3])
                                                      0.058     3.550 r  sol_reg[15]_i_291/CO[3]
                         net (fo=1, routed)           0.000     3.550    sol_reg[15]_i_291_n_0
    SLICE_X45Y84         CARRY4 (Prop_carry4_CI_CO[0])
                                                      0.179     3.729 r  sol_reg[15]_i_290/CO[0]
                         net (fo=19, routed)          1.186     4.916    sol_reg[15]_i_290_n_3
    SLICE_X44Y79         LUT3 (Prop_lut3_I0_O)        0.157     5.073 r  sol[15]_i_311/O
                         net (fo=1, routed)           0.000     5.073    sol[15]_i_311_n_0
    SLICE_X44Y79         CARRY4 (Prop_carry4_S[1]_CO[3])
                                                      0.324     5.397 r  sol_reg[15]_i_282/CO[3]
                         net (fo=1, routed)           0.000     5.397    sol_reg[15]_i_282_n_0
    SLICE_X44Y80         CARRY4 (Prop_carry4_CI_CO[3])
                                                      0.058     5.455 r  sol_reg[15]_i_277/CO[3]
                         net (fo=1, routed)           0.000     5.455    sol_reg[15]_i_277_n_0
    SLICE_X44Y81         CARRY4 (Prop_carry4_CI_CO[3])
                                                      0.058     5.513 r  sol_reg[15]_i_272/CO[3]
                         net (fo=1, routed)           0.000     5.513    sol_reg[15]_i_272_n_0
    SLICE_X44Y82         CARRY4 (Prop_carry4_CI_CO[3])
                                                      0.058     5.571 r  sol_reg[15]_i_269/CO[3]
                         net (fo=1, routed)           0.000     5.571    sol_reg[15]_i_269_n_0
    SLICE_X44Y83         CARRY4 (Prop_carry4_CI_CO[1])
                                                      0.094     5.665 r  sol_reg[15]_i_268/CO[1]
                         net (fo=19, routed)          1.453     7.117    sol_reg[15]_i_268_n_2
    SLICE_X42Y77         LUT3 (Prop_lut3_I0_O)        0.152     7.269 r  sol[15]_i_288/O
                         net (fo=1, routed)           0.000     7.269    sol[15]_i_288_n_0
    SLICE_X42Y77         CARRY4 (Prop_carry4_S[2]_CO[3])
                                                      0.219     7.488 r  sol_reg[15]_i_260/CO[3]
                         net (fo=1, routed)           0.000     7.488    sol_reg[15]_i_260_n_0
    SLICE_X42Y78         CARRY4 (Prop_carry4_CI_CO[3])
                                                      0.060     7.548 r  sol_reg[15]_i_255/CO[3]
                         net (fo=1, routed)           0.000     7.548    sol_reg[15]_i_255_n_0
    SLICE_X42Y79         CARRY4 (Prop_carry4_CI_CO[3])
                                                      0.060     7.608 r  sol_reg[15]_i_250/CO[3]
                         net (fo=1, routed)           0.000     7.608    sol_reg[15]_i_250_n_0
    SLICE_X42Y80         CARRY4 (Prop_carry4_CI_CO[3])
                                                      0.060     7.668 r  sol_reg[15]_i_247/CO[3]
                         net (fo=1, routed)           0.000     7.668    sol_reg[15]_i_247_n_0
    SLICE_X42Y81         CARRY4 (Prop_carry4_CI_CO[1])
                                                      0.093     7.761 r  sol_reg[15]_i_246/CO[1]
                         net (fo=19, routed)          1.185     8.947    sol_reg[15]_i_246_n_2
    SLICE_X43Y76         LUT3 (Prop_lut3_I0_O)        0.153     9.100 r  sol[15]_i_267/O
                         net (fo=1, routed)           0.000     9.100    sol[15]_i_267_n_0
    SLICE_X43Y76         CARRY4 (Prop_carry4_S[1]_CO[3])
                                                      0.324     9.424 r  sol_reg[15]_i_238/CO[3]
                         net (fo=1, routed)           0.000     9.424    sol_reg[15]_i_238_n_0
    SLICE_X43Y77         CARRY4 (Prop_carry4_CI_CO[3])
                                                      0.058     9.482 r  sol_reg[15]_i_233/CO[3]
                         net (fo=1, routed)           0.000     9.482    sol_reg[15]_i_233_n_0
    SLICE_X43Y78         CARRY4 (Prop_carry4_CI_CO[3])
                                                      0.058     9.540 r  sol_reg[15]_i_228/CO[3]
                         net (fo=1, routed)           0.000     9.540    sol_reg[15]_i_228_n_0
    SLICE_X43Y79         CARRY4 (Prop_carry4_CI_CO[3])
                                                      0.058     9.598 r  sol_reg[15]_i_225/CO[3]
                         net (fo=1, routed)           0.000     9.598    sol_reg[15]_i_225_n_0
    SLICE_X43Y80         CARRY4 (Prop_carry4_CI_CO[1])
                                                      0.094     9.692 r  sol_reg[15]_i_224/CO[1]
                         net (fo=19, routed)          0.979    10.671    sol_reg[15]_i_224_n_2
    SLICE_X41Y76         LUT3 (Prop_lut3_I0_O)        0.152    10.823 r  sol[15]_i_241/O
                         net (fo=1, routed)           0.000    10.823    sol[15]_i_241_n_0
    SLICE_X41Y76         CARRY4 (Prop_carry4_S[1]_CO[3])
                                                      0.324    11.147 r  sol_reg[15]_i_211/CO[3]
                         net (fo=1, routed)           0.000    11.147    sol_reg[15]_i_211_n_0
    SLICE_X41Y77         CARRY4 (Prop_carry4_CI_CO[3])
                                                      0.058    11.205 r  sol_reg[15]_i_206/CO[3]
                         net (fo=1, routed)           0.000    11.205    sol_reg[15]_i_206_n_0
    SLICE_X41Y78         CARRY4 (Prop_carry4_CI_CO[3])
                                                      0.058    11.263 r  sol_reg[15]_i_203/CO[3]
                         net (fo=1, routed)           0.000    11.263    sol_reg[15]_i_203_n_0
    SLICE_X41Y79         CARRY4 (Prop_carry4_CI_CO[1])
                                                      0.094    11.357 r  sol_reg[15]_i_202/CO[1]
                         net (fo=19, routed)          0.879    12.236    sol_reg[15]_i_202_n_2
    SLICE_X40Y74         LUT3 (Prop_lut3_I0_O)        0.152    12.388 r  sol[15]_i_223/O
                         net (fo=1, routed)           0.000    12.388    sol[15]_i_223_n_0
    SLICE_X40Y74         CARRY4 (Prop_carry4_S[1]_CO[3])
                                                      0.310    12.698 r  sol_reg[15]_i_194/CO[3]
                         net (fo=1, routed)           0.008    12.706    sol_reg[15]_i_194_n_0
    SLICE_X40Y75         CARRY4 (Prop_carry4_CI_CO[3])
                                                      0.060    12.766 r  sol_reg[15]_i_189/CO[3]
                         net (fo=1, routed)           0.000    12.766    sol_reg[15]_i_189_n_0
    SLICE_X40Y76         CARRY4 (Prop_carry4_CI_CO[3])
                                                      0.060    12.826 r  sol_reg[15]_i_184/CO[3]
                         net (fo=1, routed)           0.000    12.826    sol_reg[15]_i_184_n_0
    SLICE_X40Y77         CARRY4 (Prop_carry4_CI_CO[3])
                                                      0.060    12.886 r  sol_reg[15]_i_181/CO[3]
                         net (fo=1, routed)           0.000    12.886    sol_reg[15]_i_181_n_0
    SLICE_X40Y78         CARRY4 (Prop_carry4_CI_CO[1])
                                                      0.093    12.979 r  sol_reg[15]_i_180/CO[1]
                         net (fo=19, routed)          1.177    14.156    sol_reg[15]_i_180_n_2
    SLICE_X39Y75         LUT3 (Prop_lut3_I0_O)        0.153    14.309 r  sol[15]_i_197/O
                         net (fo=1, routed)           0.000    14.309    sol[15]_i_197_n_0
    SLICE_X39Y75         CARRY4 (Prop_carry4_S[1]_CO[3])
                                                      0.324    14.633 r  sol_reg[15]_i_167/CO[3]
                         net (fo=1, routed)           0.000    14.633    sol_reg[15]_i_167_n_0
    SLICE_X39Y76         CARRY4 (Prop_carry4_CI_CO[3])
                                                      0.058    14.691 r  sol_reg[15]_i_162/CO[3]
                         net (fo=1, routed)           0.000    14.691    sol_reg[15]_i_162_n_0
    SLICE_X39Y77         CARRY4 (Prop_carry4_CI_CO[3])
                                                      0.058    14.749 r  sol_reg[15]_i_159/CO[3]
                         net (fo=1, routed)           0.000    14.749    sol_reg[15]_i_159_n_0
    SLICE_X39Y78         CARRY4 (Prop_carry4_CI_CO[1])
                                                      0.094    14.843 r  sol_reg[15]_i_158/CO[1]
                         net (fo=19, routed)          0.955    15.798    sol_reg[15]_i_158_n_2
    SLICE_X38Y73         LUT3 (Prop_lut3_I0_O)        0.152    15.950 r  sol[15]_i_179/O
                         net (fo=1, routed)           0.000    15.950    sol[15]_i_179_n_0
    SLICE_X38Y73         CARRY4 (Prop_carry4_S[1]_CO[3])
                                                      0.310    16.260 r  sol_reg[15]_i_150/CO[3]
                         net (fo=1, routed)           0.000    16.260    sol_reg[15]_i_150_n_0
    SLICE_X38Y74         CARRY4 (Prop_carry4_CI_CO[3])
                                                      0.060    16.320 r  sol_reg[15]_i_145/CO[3]
                         net (fo=1, routed)           0.008    16.328    sol_reg[15]_i_145_n_0
    SLICE_X38Y75         CARRY4 (Prop_carry4_CI_CO[3])
                                                      0.060    16.388 r  sol_reg[15]_i_140/CO[3]
                         net (fo=1, routed)           0.000    16.388    sol_reg[15]_i_140_n_0
    SLICE_X38Y76         CARRY4 (Prop_carry4_CI_CO[3])
                                                      0.060    16.448 r  sol_reg[15]_i_137/CO[3]
                         net (fo=1, routed)           0.000    16.448    sol_reg[15]_i_137_n_0
    SLICE_X38Y77         CARRY4 (Prop_carry4_CI_CO[1])
                                                      0.093    16.541 r  sol_reg[15]_i_136/CO[1]
                         net (fo=19, routed)          1.197    17.738    sol_reg[15]_i_136_n_2
    SLICE_X37Y73         LUT3 (Prop_lut3_I0_O)        0.153    17.891 r  sol[15]_i_155/O
                         net (fo=1, routed)           0.000    17.891    sol[15]_i_155_n_0
    SLICE_X37Y73         CARRY4 (Prop_carry4_S[3]_CO[3])
                                                      0.233    18.124 r  sol_reg[15]_i_128/CO[3]
                         net (fo=1, routed)           0.000    18.124    sol_reg[15]_i_128_n_0
    SLICE_X37Y74         CARRY4 (Prop_carry4_CI_CO[3])
                                                      0.058    18.182 r  sol_reg[15]_i_123/CO[3]
                         net (fo=1, routed)           0.008    18.190    sol_reg[15]_i_123_n_0
    SLICE_X37Y75         CARRY4 (Prop_carry4_CI_CO[3])
                                                      0.058    18.248 r  sol_reg[15]_i_118/CO[3]
                         net (fo=1, routed)           0.000    18.248    sol_reg[15]_i_118_n_0
    SLICE_X37Y76         CARRY4 (Prop_carry4_CI_CO[3])
                                                      0.058    18.306 r  sol_reg[15]_i_115/CO[3]
                         net (fo=1, routed)           0.000    18.306    sol_reg[15]_i_115_n_0
    SLICE_X37Y77         CARRY4 (Prop_carry4_CI_CO[1])
                                                      0.094    18.400 r  sol_reg[15]_i_114/CO[1]
                         net (fo=19, routed)          1.492    19.892    sol_reg[15]_i_114_n_2
    SLICE_X30Y72         LUT3 (Prop_lut3_I0_O)        0.152    20.044 r  sol[15]_i_133/O
                         net (fo=1, routed)           0.000    20.044    sol[15]_i_133_n_0
    SLICE_X30Y72         CARRY4 (Prop_carry4_S[3]_CO[3])
                                                      0.216    20.260 r  sol_reg[15]_i_106/CO[3]
                         net (fo=1, routed)           0.000    20.260    sol_reg[15]_i_106_n_0
    SLICE_X30Y73         CARRY4 (Prop_carry4_CI_CO[3])
                                                      0.060    20.320 r  sol_reg[15]_i_101/CO[3]
                         net (fo=1, routed)           0.000    20.320    sol_reg[15]_i_101_n_0
    SLICE_X30Y74         CARRY4 (Prop_carry4_CI_CO[3])
                                                      0.060    20.380 r  sol_reg[15]_i_96/CO[3]
                         net (fo=1, routed)           0.008    20.388    sol_reg[15]_i_96_n_0
    SLICE_X30Y75         CARRY4 (Prop_carry4_CI_CO[3])
                                                      0.060    20.448 r  sol_reg[15]_i_93/CO[3]
                         net (fo=1, routed)           0.000    20.448    sol_reg[15]_i_93_n_0
    SLICE_X30Y76         CARRY4 (Prop_carry4_CI_CO[1])
                                                      0.093    20.541 r  sol_reg[15]_i_92/CO[1]
                         net (fo=19, routed)          1.241    21.781    sol_reg[15]_i_92_n_2
    SLICE_X33Y71         LUT3 (Prop_lut3_I0_O)        0.153    21.934 r  sol[15]_i_113/O
                         net (fo=1, routed)           0.000    21.934    sol[15]_i_113_n_0
    SLICE_X33Y71         CARRY4 (Prop_carry4_S[1]_CO[3])
                                                      0.324    22.258 r  sol_reg[15]_i_84/CO[3]
                         net (fo=1, routed)           0.000    22.258    sol_reg[15]_i_84_n_0
    SLICE_X33Y72         CARRY4 (Prop_carry4_CI_CO[3])
                                                      0.058    22.316 r  sol_reg[15]_i_79/CO[3]
                         net (fo=1, routed)           0.000    22.316    sol_reg[15]_i_79_n_0
    SLICE_X33Y73         CARRY4 (Prop_carry4_CI_CO[3])
                                                      0.058    22.374 r  sol_reg[15]_i_74/CO[3]
                         net (fo=1, routed)           0.000    22.374    sol_reg[15]_i_74_n_0
    SLICE_X33Y74         CARRY4 (Prop_carry4_CI_CO[3])
                                                      0.058    22.432 r  sol_reg[15]_i_71/CO[3]
                         net (fo=1, routed)           0.008    22.440    sol_reg[15]_i_71_n_0
    SLICE_X33Y75         CARRY4 (Prop_carry4_CI_CO[1])
                                                      0.094    22.534 r  sol_reg[15]_i_70/CO[1]
                         net (fo=19, routed)          1.201    23.735    sol_reg[15]_i_70_n_2
    SLICE_X32Y69         LUT3 (Prop_lut3_I0_O)        0.152    23.887 r  sol[15]_i_89/O
                         net (fo=1, routed)           0.000    23.887    sol[15]_i_89_n_0
    SLICE_X32Y69         CARRY4 (Prop_carry4_S[3]_CO[3])
                                                      0.216    24.103 r  sol_reg[15]_i_65/CO[3]
                         net (fo=1, routed)           0.000    24.103    sol_reg[15]_i_65_n_0
    SLICE_X32Y70         CARRY4 (Prop_carry4_CI_CO[3])
                                                      0.060    24.163 r  sol_reg[15]_i_60/CO[3]
                         net (fo=1, routed)           0.000    24.163    sol_reg[15]_i_60_n_0
    SLICE_X32Y71         CARRY4 (Prop_carry4_CI_CO[3])
                                                      0.060    24.223 r  sol_reg[15]_i_55/CO[3]
                         net (fo=1, routed)           0.000    24.223    sol_reg[15]_i_55_n_0
    SLICE_X32Y72         CARRY4 (Prop_carry4_CI_CO[3])
                                                      0.060    24.283 r  sol_reg[15]_i_52/CO[3]
                         net (fo=1, routed)           0.000    24.283    sol_reg[15]_i_52_n_0
    SLICE_X32Y73         CARRY4 (Prop_carry4_CI_CO[1])
                                                      0.093    24.376 r  sol_reg[15]_i_51/CO[1]
                         net (fo=19, routed)          0.946    25.322    sol_reg[15]_i_51_n_2
    SLICE_X36Y70         CARRY4 (Prop_carry4_CYINIT_CO[3])
                                                      0.459    25.781 r  sol_reg[14]_i_60/CO[3]
                         net (fo=1, routed)           0.000    25.781    sol_reg[14]_i_60_n_0
    SLICE_X36Y71         CARRY4 (Prop_carry4_CI_CO[3])
                                                      0.060    25.841 r  sol_reg[15]_i_46/CO[3]
                         net (fo=1, routed)           0.000    25.841    sol_reg[15]_i_46_n_0
    SLICE_X36Y72         CARRY4 (Prop_carry4_CI_CO[3])
                                                      0.060    25.901 r  sol_reg[15]_i_41/CO[3]
                         net (fo=1, routed)           0.000    25.901    sol_reg[15]_i_41_n_0
    SLICE_X36Y73         CARRY4 (Prop_carry4_CI_CO[3])
                                                      0.060    25.961 r  sol_reg[15]_i_38/CO[3]
                         net (fo=1, routed)           0.000    25.961    sol_reg[15]_i_38_n_0
    SLICE_X36Y74         CARRY4 (Prop_carry4_CI_CO[1])
                                                      0.093    26.054 r  sol_reg[15]_i_37/CO[1]
                         net (fo=19, routed)          1.123    27.177    sol_reg[15]_i_37_n_2
    SLICE_X35Y70         LUT3 (Prop_lut3_I0_O)        0.153    27.330 r  sol[10]_i_36/O
                         net (fo=1, routed)           0.000    27.330    sol[10]_i_36_n_0
    SLICE_X35Y70         CARRY4 (Prop_carry4_S[2]_CO[3])
                                                      0.235    27.565 r  sol_reg[10]_i_25/CO[3]
                         net (fo=1, routed)           0.000    27.565    sol_reg[10]_i_25_n_0
    SLICE_X35Y71         CARRY4 (Prop_carry4_CI_CO[3])
                                                      0.058    27.623 r  sol_reg[14]_i_41/CO[3]
                         net (fo=1, routed)           0.000    27.623    sol_reg[14]_i_41_n_0
    SLICE_X35Y72         CARRY4 (Prop_carry4_CI_CO[3])
                                                      0.058    27.681 r  sol_reg[15]_i_29/CO[3]
                         net (fo=1, routed)           0.000    27.681    sol_reg[15]_i_29_n_0
    SLICE_X35Y73         CARRY4 (Prop_carry4_CI_CO[3])
                                                      0.058    27.739 r  sol_reg[15]_i_26/CO[3]
                         net (fo=1, routed)           0.000    27.739    sol_reg[15]_i_26_n_0
    SLICE_X35Y74         CARRY4 (Prop_carry4_CI_CO[1])
                                                      0.094    27.833 r  sol_reg[15]_i_25/CO[1]
                         net (fo=19, routed)          0.962    28.795    sol_reg[15]_i_25_n_2
    SLICE_X34Y70         LUT3 (Prop_lut3_I0_O)        0.152    28.947 r  sol[6]_i_31/O
                         net (fo=1, routed)           0.000    28.947    sol[6]_i_31_n_0
    SLICE_X34Y70         CARRY4 (Prop_carry4_S[1]_CO[3])
                                                      0.310    29.257 r  sol_reg[6]_i_15/CO[3]
                         net (fo=1, routed)           0.000    29.257    sol_reg[6]_i_15_n_0
    SLICE_X34Y71         CARRY4 (Prop_carry4_CI_CO[3])
                                                      0.060    29.317 r  sol_reg[10]_i_13/CO[3]
                         net (fo=1, routed)           0.000    29.317    sol_reg[10]_i_13_n_0
    SLICE_X34Y72         CARRY4 (Prop_carry4_CI_CO[3])
                                                      0.060    29.377 r  sol_reg[14]_i_16/CO[3]
                         net (fo=1, routed)           0.000    29.377    sol_reg[14]_i_16_n_0
    SLICE_X34Y73         CARRY4 (Prop_carry4_CI_CO[3])
                                                      0.060    29.437 r  sol_reg[15]_i_14/CO[3]
                         net (fo=1, routed)           0.000    29.437    sol_reg[15]_i_14_n_0
    SLICE_X34Y74         CARRY4 (Prop_carry4_CI_CO[1])
                                                      0.093    29.530 r  sol_reg[15]_i_13/CO[1]
                         net (fo=19, routed)          1.053    30.583    sol_reg[15]_i_13_n_2
    SLICE_X32Y64         LUT3 (Prop_lut3_I0_O)        0.153    30.736 r  sol[6]_i_28/O
                         net (fo=1, routed)           0.000    30.736    sol[6]_i_28_n_0
    SLICE_X32Y64         CARRY4 (Prop_carry4_S[1]_CO[3])
                                                      0.310    31.046 r  sol_reg[6]_i_14/CO[3]
                         net (fo=1, routed)           0.000    31.046    sol_reg[6]_i_14_n_0
    SLICE_X32Y65         CARRY4 (Prop_carry4_CI_O[2])
                                                      0.137    31.183 f  sol_reg[6]_i_9/O[2]
                         net (fo=8, routed)           0.680    31.863    sol_reg[6]_i_9_n_5
    SLICE_X33Y64         LUT6 (Prop_lut6_I3_O)        0.152    32.015 f  sol[12]_i_13/O
                         net (fo=6, routed)           0.735    32.750    sol[12]_i_13_n_0
    SLICE_X32Y63         LUT6 (Prop_lut6_I1_O)        0.053    32.803 f  sol[15]_i_19/O
                         net (fo=5, routed)           0.576    33.380    sol[15]_i_19_n_0
    SLICE_X33Y65         LUT6 (Prop_lut6_I4_O)        0.053    33.433 r  sol[15]_i_6/O
                         net (fo=3, routed)           0.465    33.898    sol[15]_i_6_n_0
    SLICE_X33Y67         LUT6 (Prop_lut6_I2_O)        0.053    33.951 f  sol[15]_i_2/O
                         net (fo=1, routed)           0.700    34.651    sol[15]_i_2_n_0
    SLICE_X39Y67         LUT6 (Prop_lut6_I0_O)        0.053    34.704 r  sol[15]_i_1/O
                         net (fo=1, routed)           0.000    34.704    sol[15]_i_1_n_0
    SLICE_X39Y67         FDRE                                         r  sol_reg[15]/D
  -------------------------------------------------------------------    -------------------

Slack:                    inf
  Source:                 B[1]
                            (input port)
  Destination:            sol_reg[1]/D
  Path Group:             (none)
  Path Type:              Max at Slow Process Corner
  Data Path Delay:        34.683ns  (logic 11.655ns (33.605%)  route 23.028ns (66.395%))
  Logic Levels:           92  (CARRY4=74 IBUF=1 LUT1=1 LUT3=14 LUT6=1 MUXF7=1)

    Location             Delay type                Incr(ns)  Path(ns)    Netlist Resource(s)
  -------------------------------------------------------------------    -------------------
    AF28                                              0.000     0.000 f  B[1] (IN)
                         net (fo=0)                   0.000     0.000    B[1]
    AF28                 IBUF (Prop_ibuf_I_O)         0.717     0.717 f  B_IBUF[1]_inst/O
                         net (fo=86, routed)          6.696     7.413    B_IBUF[1]
    SLICE_X46Y66         LUT1 (Prop_lut1_I0_O)        0.053     7.466 r  sol[14]_i_92/O
                         net (fo=1, routed)           0.000     7.466    sol[14]_i_92_n_0
    SLICE_X46Y66         CARRY4 (Prop_carry4_S[1]_CO[3])
                                                      0.310     7.776 r  sol_reg[14]_i_66/CO[3]
                         net (fo=1, routed)           0.000     7.776    sol_reg[14]_i_66_n_0
    SLICE_X46Y67         CARRY4 (Prop_carry4_CI_CO[3])
                                                      0.060     7.836 r  sol_reg[14]_i_47/CO[3]
                         net (fo=1, routed)           0.000     7.836    sol_reg[14]_i_47_n_0
    SLICE_X46Y68         CARRY4 (Prop_carry4_CI_CO[3])
                                                      0.060     7.896 r  sol_reg[14]_i_28/CO[3]
                         net (fo=1, routed)           0.000     7.896    sol_reg[14]_i_28_n_0
    SLICE_X46Y69         CARRY4 (Prop_carry4_CI_CO[3])
                                                      0.060     7.956 r  sol_reg[14]_i_13/CO[3]
                         net (fo=1, routed)           0.000     7.956    sol_reg[14]_i_13_n_0
    SLICE_X46Y70         CARRY4 (Prop_carry4_CI_CO[0])
                                                      0.173     8.129 r  sol_reg[15]_i_24/CO[0]
                         net (fo=20, routed)          0.975     9.105    data6[15]
    SLICE_X44Y66         LUT3 (Prop_lut3_I0_O)        0.153     9.258 r  sol[14]_i_85/O
                         net (fo=1, routed)           0.000     9.258    sol[14]_i_85_n_0
    SLICE_X44Y66         CARRY4 (Prop_carry4_S[1]_CO[3])
                                                      0.324     9.582 r  sol_reg[14]_i_65/CO[3]
                         net (fo=1, routed)           0.000     9.582    sol_reg[14]_i_65_n_0
    SLICE_X44Y67         CARRY4 (Prop_carry4_CI_CO[3])
                                                      0.058     9.640 r  sol_reg[14]_i_46/CO[3]
                         net (fo=1, routed)           0.000     9.640    sol_reg[14]_i_46_n_0
    SLICE_X44Y68         CARRY4 (Prop_carry4_CI_CO[3])
                                                      0.058     9.698 r  sol_reg[14]_i_27/CO[3]
                         net (fo=1, routed)           0.000     9.698    sol_reg[14]_i_27_n_0
    SLICE_X44Y69         CARRY4 (Prop_carry4_CI_CO[3])
                                                      0.058     9.756 r  sol_reg[14]_i_12/CO[3]
                         net (fo=1, routed)           0.000     9.756    sol_reg[14]_i_12_n_0
    SLICE_X44Y70         CARRY4 (Prop_carry4_CI_CO[1])
                                                      0.094     9.850 r  sol_reg[14]_i_6/CO[1]
                         net (fo=20, routed)          1.219    11.068    data6[14]
    SLICE_X41Y66         LUT3 (Prop_lut3_I0_O)        0.152    11.220 r  sol[13]_i_30/O
                         net (fo=1, routed)           0.000    11.220    sol[13]_i_30_n_0
    SLICE_X41Y66         CARRY4 (Prop_carry4_S[1]_CO[3])
                                                      0.324    11.544 r  sol_reg[13]_i_23/CO[3]
                         net (fo=1, routed)           0.000    11.544    sol_reg[13]_i_23_n_0
    SLICE_X41Y67         CARRY4 (Prop_carry4_CI_CO[3])
                                                      0.058    11.602 r  sol_reg[13]_i_18/CO[3]
                         net (fo=1, routed)           0.000    11.602    sol_reg[13]_i_18_n_0
    SLICE_X41Y68         CARRY4 (Prop_carry4_CI_CO[3])
                                                      0.058    11.660 r  sol_reg[13]_i_13/CO[3]
                         net (fo=1, routed)           0.000    11.660    sol_reg[13]_i_13_n_0
    SLICE_X41Y69         CARRY4 (Prop_carry4_CI_CO[3])
                                                      0.058    11.718 r  sol_reg[13]_i_8/CO[3]
                         net (fo=1, routed)           0.000    11.718    sol_reg[13]_i_8_n_0
    SLICE_X41Y70         CARRY4 (Prop_carry4_CI_CO[1])
                                                      0.094    11.812 r  sol_reg[13]_i_6/CO[1]
                         net (fo=20, routed)          0.852    12.665    data6[13]
    SLICE_X40Y65         LUT3 (Prop_lut3_I0_O)        0.152    12.817 r  sol[12]_i_32/O
                         net (fo=1, routed)           0.000    12.817    sol[12]_i_32_n_0
    SLICE_X40Y65         CARRY4 (Prop_carry4_S[1]_CO[3])
                                                      0.310    13.127 r  sol_reg[12]_i_25/CO[3]
                         net (fo=1, routed)           0.000    13.127    sol_reg[12]_i_25_n_0
    SLICE_X40Y66         CARRY4 (Prop_carry4_CI_CO[3])
                                                      0.060    13.187 r  sol_reg[12]_i_20/CO[3]
                         net (fo=1, routed)           0.000    13.187    sol_reg[12]_i_20_n_0
    SLICE_X40Y67         CARRY4 (Prop_carry4_CI_CO[3])
                                                      0.060    13.247 r  sol_reg[12]_i_15/CO[3]
                         net (fo=1, routed)           0.000    13.247    sol_reg[12]_i_15_n_0
    SLICE_X40Y68         CARRY4 (Prop_carry4_CI_CO[3])
                                                      0.060    13.307 r  sol_reg[12]_i_9/CO[3]
                         net (fo=1, routed)           0.000    13.307    sol_reg[12]_i_9_n_0
    SLICE_X40Y69         CARRY4 (Prop_carry4_CI_CO[1])
                                                      0.093    13.400 r  sol_reg[12]_i_5/CO[1]
                         net (fo=20, routed)          1.125    14.525    data6[12]
    SLICE_X45Y65         LUT3 (Prop_lut3_I0_O)        0.153    14.678 r  sol[11]_i_45/O
                         net (fo=1, routed)           0.000    14.678    sol[11]_i_45_n_0
    SLICE_X45Y65         CARRY4 (Prop_carry4_S[1]_CO[3])
                                                      0.324    15.002 r  sol_reg[11]_i_38/CO[3]
                         net (fo=1, routed)           0.000    15.002    sol_reg[11]_i_38_n_0
    SLICE_X45Y66         CARRY4 (Prop_carry4_CI_CO[3])
                                                      0.058    15.060 r  sol_reg[11]_i_33/CO[3]
                         net (fo=1, routed)           0.000    15.060    sol_reg[11]_i_33_n_0
    SLICE_X45Y67         CARRY4 (Prop_carry4_CI_CO[3])
                                                      0.058    15.118 r  sol_reg[11]_i_28/CO[3]
                         net (fo=1, routed)           0.000    15.118    sol_reg[11]_i_28_n_0
    SLICE_X45Y68         CARRY4 (Prop_carry4_CI_CO[3])
                                                      0.058    15.176 r  sol_reg[11]_i_12/CO[3]
                         net (fo=1, routed)           0.000    15.176    sol_reg[11]_i_12_n_0
    SLICE_X45Y69         CARRY4 (Prop_carry4_CI_CO[1])
                                                      0.094    15.270 r  sol_reg[11]_i_6/CO[1]
                         net (fo=20, routed)          1.228    16.497    data6[11]
    SLICE_X43Y65         LUT3 (Prop_lut3_I0_O)        0.152    16.649 r  sol[10]_i_43/O
                         net (fo=1, routed)           0.000    16.649    sol[10]_i_43_n_0
    SLICE_X43Y65         CARRY4 (Prop_carry4_S[3]_CO[3])
                                                      0.233    16.882 r  sol_reg[10]_i_38/CO[3]
                         net (fo=1, routed)           0.000    16.882    sol_reg[10]_i_38_n_0
    SLICE_X43Y66         CARRY4 (Prop_carry4_CI_CO[3])
                                                      0.058    16.940 r  sol_reg[10]_i_30/CO[3]
                         net (fo=1, routed)           0.000    16.940    sol_reg[10]_i_30_n_0
    SLICE_X43Y67         CARRY4 (Prop_carry4_CI_CO[3])
                                                      0.058    16.998 r  sol_reg[10]_i_20/CO[3]
                         net (fo=1, routed)           0.000    16.998    sol_reg[10]_i_20_n_0
    SLICE_X43Y68         CARRY4 (Prop_carry4_CI_CO[3])
                                                      0.058    17.056 r  sol_reg[10]_i_10/CO[3]
                         net (fo=1, routed)           0.000    17.056    sol_reg[10]_i_10_n_0
    SLICE_X43Y69         CARRY4 (Prop_carry4_CI_CO[1])
                                                      0.094    17.150 r  sol_reg[10]_i_5/CO[1]
                         net (fo=20, routed)          0.856    18.006    data6[10]
    SLICE_X42Y65         LUT3 (Prop_lut3_I0_O)        0.152    18.158 r  sol[9]_i_32/O
                         net (fo=1, routed)           0.000    18.158    sol[9]_i_32_n_0
    SLICE_X42Y65         CARRY4 (Prop_carry4_S[1]_CO[3])
                                                      0.310    18.468 r  sol_reg[9]_i_25/CO[3]
                         net (fo=1, routed)           0.000    18.468    sol_reg[9]_i_25_n_0
    SLICE_X42Y66         CARRY4 (Prop_carry4_CI_CO[3])
                                                      0.060    18.528 r  sol_reg[9]_i_20/CO[3]
                         net (fo=1, routed)           0.000    18.528    sol_reg[9]_i_20_n_0
    SLICE_X42Y67         CARRY4 (Prop_carry4_CI_CO[3])
                                                      0.060    18.588 r  sol_reg[9]_i_14/CO[3]
                         net (fo=1, routed)           0.000    18.588    sol_reg[9]_i_14_n_0
    SLICE_X42Y68         CARRY4 (Prop_carry4_CI_CO[3])
                                                      0.060    18.648 r  sol_reg[9]_i_10/CO[3]
                         net (fo=1, routed)           0.000    18.648    sol_reg[9]_i_10_n_0
    SLICE_X42Y69         CARRY4 (Prop_carry4_CI_CO[1])
                                                      0.093    18.741 r  sol_reg[9]_i_6/CO[1]
                         net (fo=20, routed)          1.347    20.087    data6[9]
    SLICE_X38Y64         LUT3 (Prop_lut3_I0_O)        0.153    20.240 r  sol[8]_i_31/O
                         net (fo=1, routed)           0.000    20.240    sol[8]_i_31_n_0
    SLICE_X38Y64         CARRY4 (Prop_carry4_S[3]_CO[3])
                                                      0.216    20.456 r  sol_reg[8]_i_26/CO[3]
                         net (fo=1, routed)           0.000    20.456    sol_reg[8]_i_26_n_0
    SLICE_X38Y65         CARRY4 (Prop_carry4_CI_CO[3])
                                                      0.060    20.516 r  sol_reg[8]_i_21/CO[3]
                         net (fo=1, routed)           0.000    20.516    sol_reg[8]_i_21_n_0
    SLICE_X38Y66         CARRY4 (Prop_carry4_CI_CO[3])
                                                      0.060    20.576 r  sol_reg[8]_i_15/CO[3]
                         net (fo=1, routed)           0.000    20.576    sol_reg[8]_i_15_n_0
    SLICE_X38Y67         CARRY4 (Prop_carry4_CI_CO[3])
                                                      0.060    20.636 r  sol_reg[8]_i_9/CO[3]
                         net (fo=1, routed)           0.000    20.636    sol_reg[8]_i_9_n_0
    SLICE_X38Y68         CARRY4 (Prop_carry4_CI_CO[1])
                                                      0.093    20.729 r  sol_reg[8]_i_6/CO[1]
                         net (fo=20, routed)          1.212    21.942    data6[8]
    SLICE_X37Y63         LUT3 (Prop_lut3_I0_O)        0.153    22.095 r  sol[7]_i_41/O
                         net (fo=1, routed)           0.000    22.095    sol[7]_i_41_n_0
    SLICE_X37Y63         CARRY4 (Prop_carry4_S[3]_CO[3])
                                                      0.233    22.328 r  sol_reg[7]_i_36/CO[3]
                         net (fo=1, routed)           0.000    22.328    sol_reg[7]_i_36_n_0
    SLICE_X37Y64         CARRY4 (Prop_carry4_CI_CO[3])
                                                      0.058    22.386 r  sol_reg[7]_i_31/CO[3]
                         net (fo=1, routed)           0.000    22.386    sol_reg[7]_i_31_n_0
    SLICE_X37Y65         CARRY4 (Prop_carry4_CI_CO[3])
                                                      0.058    22.444 r  sol_reg[7]_i_25/CO[3]
                         net (fo=1, routed)           0.000    22.444    sol_reg[7]_i_25_n_0
    SLICE_X37Y66         CARRY4 (Prop_carry4_CI_CO[3])
                                                      0.058    22.502 r  sol_reg[7]_i_12/CO[3]
                         net (fo=1, routed)           0.000    22.502    sol_reg[7]_i_12_n_0
    SLICE_X37Y67         CARRY4 (Prop_carry4_CI_CO[1])
                                                      0.094    22.596 r  sol_reg[7]_i_6/CO[1]
                         net (fo=20, routed)          1.739    24.334    data6[7]
    SLICE_X47Y59         LUT3 (Prop_lut3_I0_O)        0.152    24.486 r  sol[6]_i_43/O
                         net (fo=1, routed)           0.000    24.486    sol[6]_i_43_n_0
    SLICE_X47Y59         CARRY4 (Prop_carry4_S[3]_CO[3])
                                                      0.233    24.719 r  sol_reg[6]_i_38/CO[3]
                         net (fo=1, routed)           0.000    24.719    sol_reg[6]_i_38_n_0
    SLICE_X47Y60         CARRY4 (Prop_carry4_CI_CO[3])
                                                      0.058    24.777 r  sol_reg[6]_i_33/CO[3]
                         net (fo=1, routed)           0.000    24.777    sol_reg[6]_i_33_n_0
    SLICE_X47Y61         CARRY4 (Prop_carry4_CI_CO[3])
                                                      0.058    24.835 r  sol_reg[6]_i_21/CO[3]
                         net (fo=1, routed)           0.000    24.835    sol_reg[6]_i_21_n_0
    SLICE_X47Y62         CARRY4 (Prop_carry4_CI_CO[3])
                                                      0.058    24.893 r  sol_reg[6]_i_11/CO[3]
                         net (fo=1, routed)           0.000    24.893    sol_reg[6]_i_11_n_0
    SLICE_X47Y63         CARRY4 (Prop_carry4_CI_CO[1])
                                                      0.094    24.987 r  sol_reg[6]_i_6/CO[1]
                         net (fo=20, routed)          1.090    26.078    data6[6]
    SLICE_X46Y57         LUT3 (Prop_lut3_I0_O)        0.152    26.230 r  sol[5]_i_30/O
                         net (fo=1, routed)           0.000    26.230    sol[5]_i_30_n_0
    SLICE_X46Y57         CARRY4 (Prop_carry4_S[1]_CO[3])
                                                      0.310    26.540 r  sol_reg[5]_i_23/CO[3]
                         net (fo=1, routed)           0.000    26.540    sol_reg[5]_i_23_n_0
    SLICE_X46Y58         CARRY4 (Prop_carry4_CI_CO[3])
                                                      0.060    26.600 r  sol_reg[5]_i_18/CO[3]
                         net (fo=1, routed)           0.000    26.600    sol_reg[5]_i_18_n_0
    SLICE_X46Y59         CARRY4 (Prop_carry4_CI_CO[3])
                                                      0.060    26.660 r  sol_reg[5]_i_12/CO[3]
                         net (fo=1, routed)           0.000    26.660    sol_reg[5]_i_12_n_0
    SLICE_X46Y60         CARRY4 (Prop_carry4_CI_CO[3])
                                                      0.060    26.720 r  sol_reg[5]_i_8/CO[3]
                         net (fo=1, routed)           0.000    26.720    sol_reg[5]_i_8_n_0
    SLICE_X46Y61         CARRY4 (Prop_carry4_CI_CO[1])
                                                      0.093    26.813 r  sol_reg[5]_i_5/CO[1]
                         net (fo=20, routed)          1.235    28.048    data6[5]
    SLICE_X45Y57         LUT3 (Prop_lut3_I0_O)        0.153    28.201 r  sol[4]_i_31/O
                         net (fo=1, routed)           0.000    28.201    sol[4]_i_31_n_0
    SLICE_X45Y57         CARRY4 (Prop_carry4_S[1]_CO[3])
                                                      0.324    28.525 r  sol_reg[4]_i_24/CO[3]
                         net (fo=1, routed)           0.000    28.525    sol_reg[4]_i_24_n_0
    SLICE_X45Y58         CARRY4 (Prop_carry4_CI_CO[3])
                                                      0.058    28.583 r  sol_reg[4]_i_19/CO[3]
                         net (fo=1, routed)           0.000    28.583    sol_reg[4]_i_19_n_0
    SLICE_X45Y59         CARRY4 (Prop_carry4_CI_CO[3])
                                                      0.058    28.641 r  sol_reg[4]_i_13/CO[3]
                         net (fo=1, routed)           0.000    28.641    sol_reg[4]_i_13_n_0
    SLICE_X45Y60         CARRY4 (Prop_carry4_CI_CO[3])
                                                      0.058    28.699 r  sol_reg[4]_i_8/CO[3]
                         net (fo=1, routed)           0.000    28.699    sol_reg[4]_i_8_n_0
    SLICE_X45Y61         CARRY4 (Prop_carry4_CI_CO[1])
                                                      0.094    28.793 r  sol_reg[4]_i_5/CO[1]
                         net (fo=20, routed)          0.840    29.633    data6[4]
    SLICE_X44Y58         LUT3 (Prop_lut3_I0_O)        0.152    29.785 r  sol[3]_i_37/O
                         net (fo=1, routed)           0.000    29.785    sol[3]_i_37_n_0
    SLICE_X44Y58         CARRY4 (Prop_carry4_S[0]_CO[3])
                                                      0.313    30.098 r  sol_reg[3]_i_28/CO[3]
                         net (fo=1, routed)           0.000    30.098    sol_reg[3]_i_28_n_0
    SLICE_X44Y59         CARRY4 (Prop_carry4_CI_CO[3])
                                                      0.058    30.156 r  sol_reg[3]_i_22/CO[3]
                         net (fo=1, routed)           0.000    30.156    sol_reg[3]_i_22_n_0
    SLICE_X44Y60         CARRY4 (Prop_carry4_CI_CO[3])
                                                      0.058    30.214 r  sol_reg[3]_i_10/CO[3]
                         net (fo=1, routed)           0.000    30.214    sol_reg[3]_i_10_n_0
    SLICE_X44Y61         CARRY4 (Prop_carry4_CI_CO[1])
                                                      0.094    30.308 r  sol_reg[3]_i_5/CO[1]
                         net (fo=20, routed)          0.724    31.032    data6[3]
    SLICE_X43Y59         LUT3 (Prop_lut3_I0_O)        0.152    31.184 r  sol[2]_i_30/O
                         net (fo=1, routed)           0.000    31.184    sol[2]_i_30_n_0
    SLICE_X43Y59         CARRY4 (Prop_carry4_S[1]_CO[3])
                                                      0.324    31.508 r  sol_reg[2]_i_23/CO[3]
                         net (fo=1, routed)           0.000    31.508    sol_reg[2]_i_23_n_0
    SLICE_X43Y60         CARRY4 (Prop_carry4_CI_CO[3])
                                                      0.058    31.566 r  sol_reg[2]_i_18/CO[3]
                         net (fo=1, routed)           0.000    31.566    sol_reg[2]_i_18_n_0
    SLICE_X43Y61         CARRY4 (Prop_carry4_CI_CO[3])
                                                      0.058    31.624 r  sol_reg[2]_i_13/CO[3]
                         net (fo=1, routed)           0.000    31.624    sol_reg[2]_i_13_n_0
    SLICE_X43Y62         CARRY4 (Prop_carry4_CI_CO[3])
                                                      0.058    31.682 r  sol_reg[2]_i_8/CO[3]
                         net (fo=1, routed)           0.000    31.682    sol_reg[2]_i_8_n_0
    SLICE_X43Y63         CARRY4 (Prop_carry4_CI_CO[1])
                                                      0.094    31.776 r  sol_reg[2]_i_5/CO[1]
                         net (fo=20, routed)          0.836    32.613    data6[2]
    SLICE_X42Y59         LUT3 (Prop_lut3_I0_O)        0.152    32.765 r  sol[1]_i_30/O
                         net (fo=1, routed)           0.000    32.765    sol[1]_i_30_n_0
    SLICE_X42Y59         CARRY4 (Prop_carry4_S[1]_CO[3])
                                                      0.310    33.075 r  sol_reg[1]_i_23/CO[3]
                         net (fo=1, routed)           0.000    33.075    sol_reg[1]_i_23_n_0
    SLICE_X42Y60         CARRY4 (Prop_carry4_CI_CO[3])
                                                      0.060    33.135 r  sol_reg[1]_i_18/CO[3]
                         net (fo=1, routed)           0.000    33.135    sol_reg[1]_i_18_n_0
    SLICE_X42Y61         CARRY4 (Prop_carry4_CI_CO[3])
                                                      0.060    33.195 r  sol_reg[1]_i_13/CO[3]
                         net (fo=1, routed)           0.000    33.195    sol_reg[1]_i_13_n_0
    SLICE_X42Y62         CARRY4 (Prop_carry4_CI_CO[3])
                                                      0.060    33.255 r  sol_reg[1]_i_8/CO[3]
                         net (fo=1, routed)           0.000    33.255    sol_reg[1]_i_8_n_0
    SLICE_X42Y63         CARRY4 (Prop_carry4_CI_CO[1])
                                                      0.093    33.348 r  sol_reg[1]_i_5/CO[1]
                         net (fo=20, routed)          1.054    34.401    data6[1]
    SLICE_X39Y59         LUT6 (Prop_lut6_I3_O)        0.153    34.554 r  sol[1]_i_3/O
                         net (fo=1, routed)           0.000    34.554    sol[1]_i_3_n_0
    SLICE_X39Y59         MUXF7 (Prop_muxf7_I1_O)      0.129    34.683 r  sol_reg[1]_i_1/O
                         net (fo=1, routed)           0.000    34.683    sol_reg[1]_i_1_n_0
    SLICE_X39Y59         FDRE                                         r  sol_reg[1]/D
  -------------------------------------------------------------------    -------------------

Slack:                    inf
  Source:                 B[7]
                            (input port)
  Destination:            sol_reg[11]/D
  Path Group:             (none)
  Path Type:              Max at Slow Process Corner
  Data Path Delay:        34.657ns  (logic 12.044ns (34.751%)  route 22.614ns (65.249%))
  Logic Levels:           95  (CARRY4=74 IBUF=1 LUT1=1 LUT3=14 LUT6=5)

    Location             Delay type                Incr(ns)  Path(ns)    Netlist Resource(s)
  -------------------------------------------------------------------    -------------------
    AE29                                              0.000     0.000 f  B[7] (IN)
                         net (fo=0)                   0.000     0.000    B[7]
    AE29                 IBUF (Prop_ibuf_I_O)         0.714     0.714 f  B_IBUF[7]_inst/O
                         net (fo=44, routed)          2.434     3.148    B_IBUF[7]
    SLICE_X45Y81         LUT1 (Prop_lut1_I0_O)        0.053     3.201 r  sol[15]_i_332/O
                         net (fo=1, routed)           0.000     3.201    sol[15]_i_332_n_0
    SLICE_X45Y81         CARRY4 (Prop_carry4_S[3]_CO[3])
                                                      0.233     3.434 r  sol_reg[15]_i_299/CO[3]
                         net (fo=1, routed)           0.000     3.434    sol_reg[15]_i_299_n_0
    SLICE_X45Y82         CARRY4 (Prop_carry4_CI_CO[3])
                                                      0.058     3.492 r  sol_reg[15]_i_294/CO[3]
                         net (fo=1, routed)           0.000     3.492    sol_reg[15]_i_294_n_0
    SLICE_X45Y83         CARRY4 (Prop_carry4_CI_CO[3])
                                                      0.058     3.550 r  sol_reg[15]_i_291/CO[3]
                         net (fo=1, routed)           0.000     3.550    sol_reg[15]_i_291_n_0
    SLICE_X45Y84         CARRY4 (Prop_carry4_CI_CO[0])
                                                      0.179     3.729 r  sol_reg[15]_i_290/CO[0]
                         net (fo=19, routed)          1.186     4.916    sol_reg[15]_i_290_n_3
    SLICE_X44Y79         LUT3 (Prop_lut3_I0_O)        0.157     5.073 r  sol[15]_i_311/O
                         net (fo=1, routed)           0.000     5.073    sol[15]_i_311_n_0
    SLICE_X44Y79         CARRY4 (Prop_carry4_S[1]_CO[3])
                                                      0.324     5.397 r  sol_reg[15]_i_282/CO[3]
                         net (fo=1, routed)           0.000     5.397    sol_reg[15]_i_282_n_0
    SLICE_X44Y80         CARRY4 (Prop_carry4_CI_CO[3])
                                                      0.058     5.455 r  sol_reg[15]_i_277/CO[3]
                         net (fo=1, routed)           0.000     5.455    sol_reg[15]_i_277_n_0
    SLICE_X44Y81         CARRY4 (Prop_carry4_CI_CO[3])
                                                      0.058     5.513 r  sol_reg[15]_i_272/CO[3]
                         net (fo=1, routed)           0.000     5.513    sol_reg[15]_i_272_n_0
    SLICE_X44Y82         CARRY4 (Prop_carry4_CI_CO[3])
                                                      0.058     5.571 r  sol_reg[15]_i_269/CO[3]
                         net (fo=1, routed)           0.000     5.571    sol_reg[15]_i_269_n_0
    SLICE_X44Y83         CARRY4 (Prop_carry4_CI_CO[1])
                                                      0.094     5.665 r  sol_reg[15]_i_268/CO[1]
                         net (fo=19, routed)          1.453     7.117    sol_reg[15]_i_268_n_2
    SLICE_X42Y77         LUT3 (Prop_lut3_I0_O)        0.152     7.269 r  sol[15]_i_288/O
                         net (fo=1, routed)           0.000     7.269    sol[15]_i_288_n_0
    SLICE_X42Y77         CARRY4 (Prop_carry4_S[2]_CO[3])
                                                      0.219     7.488 r  sol_reg[15]_i_260/CO[3]
                         net (fo=1, routed)           0.000     7.488    sol_reg[15]_i_260_n_0
    SLICE_X42Y78         CARRY4 (Prop_carry4_CI_CO[3])
                                                      0.060     7.548 r  sol_reg[15]_i_255/CO[3]
                         net (fo=1, routed)           0.000     7.548    sol_reg[15]_i_255_n_0
    SLICE_X42Y79         CARRY4 (Prop_carry4_CI_CO[3])
                                                      0.060     7.608 r  sol_reg[15]_i_250/CO[3]
                         net (fo=1, routed)           0.000     7.608    sol_reg[15]_i_250_n_0
    SLICE_X42Y80         CARRY4 (Prop_carry4_CI_CO[3])
                                                      0.060     7.668 r  sol_reg[15]_i_247/CO[3]
                         net (fo=1, routed)           0.000     7.668    sol_reg[15]_i_247_n_0
    SLICE_X42Y81         CARRY4 (Prop_carry4_CI_CO[1])
                                                      0.093     7.761 r  sol_reg[15]_i_246/CO[1]
                         net (fo=19, routed)          1.185     8.947    sol_reg[15]_i_246_n_2
    SLICE_X43Y76         LUT3 (Prop_lut3_I0_O)        0.153     9.100 r  sol[15]_i_267/O
                         net (fo=1, routed)           0.000     9.100    sol[15]_i_267_n_0
    SLICE_X43Y76         CARRY4 (Prop_carry4_S[1]_CO[3])
                                                      0.324     9.424 r  sol_reg[15]_i_238/CO[3]
                         net (fo=1, routed)           0.000     9.424    sol_reg[15]_i_238_n_0
    SLICE_X43Y77         CARRY4 (Prop_carry4_CI_CO[3])
                                                      0.058     9.482 r  sol_reg[15]_i_233/CO[3]
                         net (fo=1, routed)           0.000     9.482    sol_reg[15]_i_233_n_0
    SLICE_X43Y78         CARRY4 (Prop_carry4_CI_CO[3])
                                                      0.058     9.540 r  sol_reg[15]_i_228/CO[3]
                         net (fo=1, routed)           0.000     9.540    sol_reg[15]_i_228_n_0
    SLICE_X43Y79         CARRY4 (Prop_carry4_CI_CO[3])
                                                      0.058     9.598 r  sol_reg[15]_i_225/CO[3]
                         net (fo=1, routed)           0.000     9.598    sol_reg[15]_i_225_n_0
    SLICE_X43Y80         CARRY4 (Prop_carry4_CI_CO[1])
                                                      0.094     9.692 r  sol_reg[15]_i_224/CO[1]
                         net (fo=19, routed)          0.979    10.671    sol_reg[15]_i_224_n_2
    SLICE_X41Y76         LUT3 (Prop_lut3_I0_O)        0.152    10.823 r  sol[15]_i_241/O
                         net (fo=1, routed)           0.000    10.823    sol[15]_i_241_n_0
    SLICE_X41Y76         CARRY4 (Prop_carry4_S[1]_CO[3])
                                                      0.324    11.147 r  sol_reg[15]_i_211/CO[3]
                         net (fo=1, routed)           0.000    11.147    sol_reg[15]_i_211_n_0
    SLICE_X41Y77         CARRY4 (Prop_carry4_CI_CO[3])
                                                      0.058    11.205 r  sol_reg[15]_i_206/CO[3]
                         net (fo=1, routed)           0.000    11.205    sol_reg[15]_i_206_n_0
    SLICE_X41Y78         CARRY4 (Prop_carry4_CI_CO[3])
                                                      0.058    11.263 r  sol_reg[15]_i_203/CO[3]
                         net (fo=1, routed)           0.000    11.263    sol_reg[15]_i_203_n_0
    SLICE_X41Y79         CARRY4 (Prop_carry4_CI_CO[1])
                                                      0.094    11.357 r  sol_reg[15]_i_202/CO[1]
                         net (fo=19, routed)          0.879    12.236    sol_reg[15]_i_202_n_2
    SLICE_X40Y74         LUT3 (Prop_lut3_I0_O)        0.152    12.388 r  sol[15]_i_223/O
                         net (fo=1, routed)           0.000    12.388    sol[15]_i_223_n_0
    SLICE_X40Y74         CARRY4 (Prop_carry4_S[1]_CO[3])
                                                      0.310    12.698 r  sol_reg[15]_i_194/CO[3]
                         net (fo=1, routed)           0.008    12.706    sol_reg[15]_i_194_n_0
    SLICE_X40Y75         CARRY4 (Prop_carry4_CI_CO[3])
                                                      0.060    12.766 r  sol_reg[15]_i_189/CO[3]
                         net (fo=1, routed)           0.000    12.766    sol_reg[15]_i_189_n_0
    SLICE_X40Y76         CARRY4 (Prop_carry4_CI_CO[3])
                                                      0.060    12.826 r  sol_reg[15]_i_184/CO[3]
                         net (fo=1, routed)           0.000    12.826    sol_reg[15]_i_184_n_0
    SLICE_X40Y77         CARRY4 (Prop_carry4_CI_CO[3])
                                                      0.060    12.886 r  sol_reg[15]_i_181/CO[3]
                         net (fo=1, routed)           0.000    12.886    sol_reg[15]_i_181_n_0
    SLICE_X40Y78         CARRY4 (Prop_carry4_CI_CO[1])
                                                      0.093    12.979 r  sol_reg[15]_i_180/CO[1]
                         net (fo=19, routed)          1.177    14.156    sol_reg[15]_i_180_n_2
    SLICE_X39Y75         LUT3 (Prop_lut3_I0_O)        0.153    14.309 r  sol[15]_i_197/O
                         net (fo=1, routed)           0.000    14.309    sol[15]_i_197_n_0
    SLICE_X39Y75         CARRY4 (Prop_carry4_S[1]_CO[3])
                                                      0.324    14.633 r  sol_reg[15]_i_167/CO[3]
                         net (fo=1, routed)           0.000    14.633    sol_reg[15]_i_167_n_0
    SLICE_X39Y76         CARRY4 (Prop_carry4_CI_CO[3])
                                                      0.058    14.691 r  sol_reg[15]_i_162/CO[3]
                         net (fo=1, routed)           0.000    14.691    sol_reg[15]_i_162_n_0
    SLICE_X39Y77         CARRY4 (Prop_carry4_CI_CO[3])
                                                      0.058    14.749 r  sol_reg[15]_i_159/CO[3]
                         net (fo=1, routed)           0.000    14.749    sol_reg[15]_i_159_n_0
    SLICE_X39Y78         CARRY4 (Prop_carry4_CI_CO[1])
                                                      0.094    14.843 r  sol_reg[15]_i_158/CO[1]
                         net (fo=19, routed)          0.955    15.798    sol_reg[15]_i_158_n_2
    SLICE_X38Y73         LUT3 (Prop_lut3_I0_O)        0.152    15.950 r  sol[15]_i_179/O
                         net (fo=1, routed)           0.000    15.950    sol[15]_i_179_n_0
    SLICE_X38Y73         CARRY4 (Prop_carry4_S[1]_CO[3])
                                                      0.310    16.260 r  sol_reg[15]_i_150/CO[3]
                         net (fo=1, routed)           0.000    16.260    sol_reg[15]_i_150_n_0
    SLICE_X38Y74         CARRY4 (Prop_carry4_CI_CO[3])
                                                      0.060    16.320 r  sol_reg[15]_i_145/CO[3]
                         net (fo=1, routed)           0.008    16.328    sol_reg[15]_i_145_n_0
    SLICE_X38Y75         CARRY4 (Prop_carry4_CI_CO[3])
                                                      0.060    16.388 r  sol_reg[15]_i_140/CO[3]
                         net (fo=1, routed)           0.000    16.388    sol_reg[15]_i_140_n_0
    SLICE_X38Y76         CARRY4 (Prop_carry4_CI_CO[3])
                                                      0.060    16.448 r  sol_reg[15]_i_137/CO[3]
                         net (fo=1, routed)           0.000    16.448    sol_reg[15]_i_137_n_0
    SLICE_X38Y77         CARRY4 (Prop_carry4_CI_CO[1])
                                                      0.093    16.541 r  sol_reg[15]_i_136/CO[1]
                         net (fo=19, routed)          1.197    17.738    sol_reg[15]_i_136_n_2
    SLICE_X37Y73         LUT3 (Prop_lut3_I0_O)        0.153    17.891 r  sol[15]_i_155/O
                         net (fo=1, routed)           0.000    17.891    sol[15]_i_155_n_0
    SLICE_X37Y73         CARRY4 (Prop_carry4_S[3]_CO[3])
                                                      0.233    18.124 r  sol_reg[15]_i_128/CO[3]
                         net (fo=1, routed)           0.000    18.124    sol_reg[15]_i_128_n_0
    SLICE_X37Y74         CARRY4 (Prop_carry4_CI_CO[3])
                                                      0.058    18.182 r  sol_reg[15]_i_123/CO[3]
                         net (fo=1, routed)           0.008    18.190    sol_reg[15]_i_123_n_0
    SLICE_X37Y75         CARRY4 (Prop_carry4_CI_CO[3])
                                                      0.058    18.248 r  sol_reg[15]_i_118/CO[3]
                         net (fo=1, routed)           0.000    18.248    sol_reg[15]_i_118_n_0
    SLICE_X37Y76         CARRY4 (Prop_carry4_CI_CO[3])
                                                      0.058    18.306 r  sol_reg[15]_i_115/CO[3]
                         net (fo=1, routed)           0.000    18.306    sol_reg[15]_i_115_n_0
    SLICE_X37Y77         CARRY4 (Prop_carry4_CI_CO[1])
                                                      0.094    18.400 r  sol_reg[15]_i_114/CO[1]
                         net (fo=19, routed)          1.492    19.892    sol_reg[15]_i_114_n_2
    SLICE_X30Y72         LUT3 (Prop_lut3_I0_O)        0.152    20.044 r  sol[15]_i_133/O
                         net (fo=1, routed)           0.000    20.044    sol[15]_i_133_n_0
    SLICE_X30Y72         CARRY4 (Prop_carry4_S[3]_CO[3])
                                                      0.216    20.260 r  sol_reg[15]_i_106/CO[3]
                         net (fo=1, routed)           0.000    20.260    sol_reg[15]_i_106_n_0
    SLICE_X30Y73         CARRY4 (Prop_carry4_CI_CO[3])
                                                      0.060    20.320 r  sol_reg[15]_i_101/CO[3]
                         net (fo=1, routed)           0.000    20.320    sol_reg[15]_i_101_n_0
    SLICE_X30Y74         CARRY4 (Prop_carry4_CI_CO[3])
                                                      0.060    20.380 r  sol_reg[15]_i_96/CO[3]
                         net (fo=1, routed)           0.008    20.388    sol_reg[15]_i_96_n_0
    SLICE_X30Y75         CARRY4 (Prop_carry4_CI_CO[3])
                                                      0.060    20.448 r  sol_reg[15]_i_93/CO[3]
                         net (fo=1, routed)           0.000    20.448    sol_reg[15]_i_93_n_0
    SLICE_X30Y76         CARRY4 (Prop_carry4_CI_CO[1])
                                                      0.093    20.541 r  sol_reg[15]_i_92/CO[1]
                         net (fo=19, routed)          1.241    21.781    sol_reg[15]_i_92_n_2
    SLICE_X33Y71         LUT3 (Prop_lut3_I0_O)        0.153    21.934 r  sol[15]_i_113/O
                         net (fo=1, routed)           0.000    21.934    sol[15]_i_113_n_0
    SLICE_X33Y71         CARRY4 (Prop_carry4_S[1]_CO[3])
                                                      0.324    22.258 r  sol_reg[15]_i_84/CO[3]
                         net (fo=1, routed)           0.000    22.258    sol_reg[15]_i_84_n_0
    SLICE_X33Y72         CARRY4 (Prop_carry4_CI_CO[3])
                                                      0.058    22.316 r  sol_reg[15]_i_79/CO[3]
                         net (fo=1, routed)           0.000    22.316    sol_reg[15]_i_79_n_0
    SLICE_X33Y73         CARRY4 (Prop_carry4_CI_CO[3])
                                                      0.058    22.374 r  sol_reg[15]_i_74/CO[3]
                         net (fo=1, routed)           0.000    22.374    sol_reg[15]_i_74_n_0
    SLICE_X33Y74         CARRY4 (Prop_carry4_CI_CO[3])
                                                      0.058    22.432 r  sol_reg[15]_i_71/CO[3]
                         net (fo=1, routed)           0.008    22.440    sol_reg[15]_i_71_n_0
    SLICE_X33Y75         CARRY4 (Prop_carry4_CI_CO[1])
                                                      0.094    22.534 r  sol_reg[15]_i_70/CO[1]
                         net (fo=19, routed)          1.201    23.735    sol_reg[15]_i_70_n_2
    SLICE_X32Y69         LUT3 (Prop_lut3_I0_O)        0.152    23.887 r  sol[15]_i_89/O
                         net (fo=1, routed)           0.000    23.887    sol[15]_i_89_n_0
    SLICE_X32Y69         CARRY4 (Prop_carry4_S[3]_CO[3])
                                                      0.216    24.103 r  sol_reg[15]_i_65/CO[3]
                         net (fo=1, routed)           0.000    24.103    sol_reg[15]_i_65_n_0
    SLICE_X32Y70         CARRY4 (Prop_carry4_CI_CO[3])
                                                      0.060    24.163 r  sol_reg[15]_i_60/CO[3]
                         net (fo=1, routed)           0.000    24.163    sol_reg[15]_i_60_n_0
    SLICE_X32Y71         CARRY4 (Prop_carry4_CI_CO[3])
                                                      0.060    24.223 r  sol_reg[15]_i_55/CO[3]
                         net (fo=1, routed)           0.000    24.223    sol_reg[15]_i_55_n_0
    SLICE_X32Y72         CARRY4 (Prop_carry4_CI_CO[3])
                                                      0.060    24.283 r  sol_reg[15]_i_52/CO[3]
                         net (fo=1, routed)           0.000    24.283    sol_reg[15]_i_52_n_0
    SLICE_X32Y73         CARRY4 (Prop_carry4_CI_CO[1])
                                                      0.093    24.376 r  sol_reg[15]_i_51/CO[1]
                         net (fo=19, routed)          0.946    25.322    sol_reg[15]_i_51_n_2
    SLICE_X36Y70         CARRY4 (Prop_carry4_CYINIT_CO[3])
                                                      0.459    25.781 r  sol_reg[14]_i_60/CO[3]
                         net (fo=1, routed)           0.000    25.781    sol_reg[14]_i_60_n_0
    SLICE_X36Y71         CARRY4 (Prop_carry4_CI_CO[3])
                                                      0.060    25.841 r  sol_reg[15]_i_46/CO[3]
                         net (fo=1, routed)           0.000    25.841    sol_reg[15]_i_46_n_0
    SLICE_X36Y72         CARRY4 (Prop_carry4_CI_CO[3])
                                                      0.060    25.901 r  sol_reg[15]_i_41/CO[3]
                         net (fo=1, routed)           0.000    25.901    sol_reg[15]_i_41_n_0
    SLICE_X36Y73         CARRY4 (Prop_carry4_CI_CO[3])
                                                      0.060    25.961 r  sol_reg[15]_i_38/CO[3]
                         net (fo=1, routed)           0.000    25.961    sol_reg[15]_i_38_n_0
    SLICE_X36Y74         CARRY4 (Prop_carry4_CI_CO[1])
                                                      0.093    26.054 r  sol_reg[15]_i_37/CO[1]
                         net (fo=19, routed)          1.123    27.177    sol_reg[15]_i_37_n_2
    SLICE_X35Y70         LUT3 (Prop_lut3_I0_O)        0.153    27.330 r  sol[10]_i_36/O
                         net (fo=1, routed)           0.000    27.330    sol[10]_i_36_n_0
    SLICE_X35Y70         CARRY4 (Prop_carry4_S[2]_CO[3])
                                                      0.235    27.565 r  sol_reg[10]_i_25/CO[3]
                         net (fo=1, routed)           0.000    27.565    sol_reg[10]_i_25_n_0
    SLICE_X35Y71         CARRY4 (Prop_carry4_CI_CO[3])
                                                      0.058    27.623 r  sol_reg[14]_i_41/CO[3]
                         net (fo=1, routed)           0.000    27.623    sol_reg[14]_i_41_n_0
    SLICE_X35Y72         CARRY4 (Prop_carry4_CI_CO[3])
                                                      0.058    27.681 r  sol_reg[15]_i_29/CO[3]
                         net (fo=1, routed)           0.000    27.681    sol_reg[15]_i_29_n_0
    SLICE_X35Y73         CARRY4 (Prop_carry4_CI_CO[3])
                                                      0.058    27.739 r  sol_reg[15]_i_26/CO[3]
                         net (fo=1, routed)           0.000    27.739    sol_reg[15]_i_26_n_0
    SLICE_X35Y74         CARRY4 (Prop_carry4_CI_CO[1])
                                                      0.094    27.833 r  sol_reg[15]_i_25/CO[1]
                         net (fo=19, routed)          0.962    28.795    sol_reg[15]_i_25_n_2
    SLICE_X34Y70         LUT3 (Prop_lut3_I0_O)        0.152    28.947 r  sol[6]_i_31/O
                         net (fo=1, routed)           0.000    28.947    sol[6]_i_31_n_0
    SLICE_X34Y70         CARRY4 (Prop_carry4_S[1]_CO[3])
                                                      0.310    29.257 r  sol_reg[6]_i_15/CO[3]
                         net (fo=1, routed)           0.000    29.257    sol_reg[6]_i_15_n_0
    SLICE_X34Y71         CARRY4 (Prop_carry4_CI_CO[3])
                                                      0.060    29.317 r  sol_reg[10]_i_13/CO[3]
                         net (fo=1, routed)           0.000    29.317    sol_reg[10]_i_13_n_0
    SLICE_X34Y72         CARRY4 (Prop_carry4_CI_CO[3])
                                                      0.060    29.377 r  sol_reg[14]_i_16/CO[3]
                         net (fo=1, routed)           0.000    29.377    sol_reg[14]_i_16_n_0
    SLICE_X34Y73         CARRY4 (Prop_carry4_CI_CO[3])
                                                      0.060    29.437 r  sol_reg[15]_i_14/CO[3]
                         net (fo=1, routed)           0.000    29.437    sol_reg[15]_i_14_n_0
    SLICE_X34Y74         CARRY4 (Prop_carry4_CI_CO[1])
                                                      0.093    29.530 r  sol_reg[15]_i_13/CO[1]
                         net (fo=19, routed)          1.053    30.583    sol_reg[15]_i_13_n_2
    SLICE_X32Y64         LUT3 (Prop_lut3_I0_O)        0.153    30.736 r  sol[6]_i_28/O
                         net (fo=1, routed)           0.000    30.736    sol[6]_i_28_n_0
    SLICE_X32Y64         CARRY4 (Prop_carry4_S[1]_CO[3])
                                                      0.310    31.046 r  sol_reg[6]_i_14/CO[3]
                         net (fo=1, routed)           0.000    31.046    sol_reg[6]_i_14_n_0
    SLICE_X32Y65         CARRY4 (Prop_carry4_CI_O[2])
                                                      0.137    31.183 f  sol_reg[6]_i_9/O[2]
                         net (fo=8, routed)           0.680    31.863    sol_reg[6]_i_9_n_5
    SLICE_X33Y64         LUT6 (Prop_lut6_I3_O)        0.152    32.015 f  sol[12]_i_13/O
                         net (fo=6, routed)           0.735    32.750    sol[12]_i_13_n_0
    SLICE_X32Y63         LUT6 (Prop_lut6_I1_O)        0.053    32.803 f  sol[15]_i_19/O
                         net (fo=5, routed)           0.501    33.305    sol[15]_i_19_n_0
    SLICE_X33Y63         LUT6 (Prop_lut6_I4_O)        0.053    33.358 r  sol[11]_i_8/O
                         net (fo=1, routed)           0.556    33.914    sol[11]_i_8_n_0
    SLICE_X34Y65         LUT6 (Prop_lut6_I4_O)        0.053    33.967 f  sol[11]_i_4/O
                         net (fo=1, routed)           0.637    34.604    sol[11]_i_4_n_0
    SLICE_X43Y64         LUT6 (Prop_lut6_I3_O)        0.053    34.657 r  sol[11]_i_1/O
                         net (fo=1, routed)           0.000    34.657    sol[11]_i_1_n_0
    SLICE_X43Y64         FDRE                                         r  sol_reg[11]/D
  -------------------------------------------------------------------    -------------------

Slack:                    inf
  Source:                 B[7]
                            (input port)
  Destination:            sol_reg[14]/D
  Path Group:             (none)
  Path Type:              Max at Slow Process Corner
  Data Path Delay:        34.589ns  (logic 12.044ns (34.820%)  route 22.545ns (65.180%))
  Logic Levels:           95  (CARRY4=74 IBUF=1 LUT1=1 LUT3=14 LUT6=5)

    Location             Delay type                Incr(ns)  Path(ns)    Netlist Resource(s)
  -------------------------------------------------------------------    -------------------
    AE29                                              0.000     0.000 f  B[7] (IN)
                         net (fo=0)                   0.000     0.000    B[7]
    AE29                 IBUF (Prop_ibuf_I_O)         0.714     0.714 f  B_IBUF[7]_inst/O
                         net (fo=44, routed)          2.434     3.148    B_IBUF[7]
    SLICE_X45Y81         LUT1 (Prop_lut1_I0_O)        0.053     3.201 r  sol[15]_i_332/O
                         net (fo=1, routed)           0.000     3.201    sol[15]_i_332_n_0
    SLICE_X45Y81         CARRY4 (Prop_carry4_S[3]_CO[3])
                                                      0.233     3.434 r  sol_reg[15]_i_299/CO[3]
                         net (fo=1, routed)           0.000     3.434    sol_reg[15]_i_299_n_0
    SLICE_X45Y82         CARRY4 (Prop_carry4_CI_CO[3])
                                                      0.058     3.492 r  sol_reg[15]_i_294/CO[3]
                         net (fo=1, routed)           0.000     3.492    sol_reg[15]_i_294_n_0
    SLICE_X45Y83         CARRY4 (Prop_carry4_CI_CO[3])
                                                      0.058     3.550 r  sol_reg[15]_i_291/CO[3]
                         net (fo=1, routed)           0.000     3.550    sol_reg[15]_i_291_n_0
    SLICE_X45Y84         CARRY4 (Prop_carry4_CI_CO[0])
                                                      0.179     3.729 r  sol_reg[15]_i_290/CO[0]
                         net (fo=19, routed)          1.186     4.916    sol_reg[15]_i_290_n_3
    SLICE_X44Y79         LUT3 (Prop_lut3_I0_O)        0.157     5.073 r  sol[15]_i_311/O
                         net (fo=1, routed)           0.000     5.073    sol[15]_i_311_n_0
    SLICE_X44Y79         CARRY4 (Prop_carry4_S[1]_CO[3])
                                                      0.324     5.397 r  sol_reg[15]_i_282/CO[3]
                         net (fo=1, routed)           0.000     5.397    sol_reg[15]_i_282_n_0
    SLICE_X44Y80         CARRY4 (Prop_carry4_CI_CO[3])
                                                      0.058     5.455 r  sol_reg[15]_i_277/CO[3]
                         net (fo=1, routed)           0.000     5.455    sol_reg[15]_i_277_n_0
    SLICE_X44Y81         CARRY4 (Prop_carry4_CI_CO[3])
                                                      0.058     5.513 r  sol_reg[15]_i_272/CO[3]
                         net (fo=1, routed)           0.000     5.513    sol_reg[15]_i_272_n_0
    SLICE_X44Y82         CARRY4 (Prop_carry4_CI_CO[3])
                                                      0.058     5.571 r  sol_reg[15]_i_269/CO[3]
                         net (fo=1, routed)           0.000     5.571    sol_reg[15]_i_269_n_0
    SLICE_X44Y83         CARRY4 (Prop_carry4_CI_CO[1])
                                                      0.094     5.665 r  sol_reg[15]_i_268/CO[1]
                         net (fo=19, routed)          1.453     7.117    sol_reg[15]_i_268_n_2
    SLICE_X42Y77         LUT3 (Prop_lut3_I0_O)        0.152     7.269 r  sol[15]_i_288/O
                         net (fo=1, routed)           0.000     7.269    sol[15]_i_288_n_0
    SLICE_X42Y77         CARRY4 (Prop_carry4_S[2]_CO[3])
                                                      0.219     7.488 r  sol_reg[15]_i_260/CO[3]
                         net (fo=1, routed)           0.000     7.488    sol_reg[15]_i_260_n_0
    SLICE_X42Y78         CARRY4 (Prop_carry4_CI_CO[3])
                                                      0.060     7.548 r  sol_reg[15]_i_255/CO[3]
                         net (fo=1, routed)           0.000     7.548    sol_reg[15]_i_255_n_0
    SLICE_X42Y79         CARRY4 (Prop_carry4_CI_CO[3])
                                                      0.060     7.608 r  sol_reg[15]_i_250/CO[3]
                         net (fo=1, routed)           0.000     7.608    sol_reg[15]_i_250_n_0
    SLICE_X42Y80         CARRY4 (Prop_carry4_CI_CO[3])
                                                      0.060     7.668 r  sol_reg[15]_i_247/CO[3]
                         net (fo=1, routed)           0.000     7.668    sol_reg[15]_i_247_n_0
    SLICE_X42Y81         CARRY4 (Prop_carry4_CI_CO[1])
                                                      0.093     7.761 r  sol_reg[15]_i_246/CO[1]
                         net (fo=19, routed)          1.185     8.947    sol_reg[15]_i_246_n_2
    SLICE_X43Y76         LUT3 (Prop_lut3_I0_O)        0.153     9.100 r  sol[15]_i_267/O
                         net (fo=1, routed)           0.000     9.100    sol[15]_i_267_n_0
    SLICE_X43Y76         CARRY4 (Prop_carry4_S[1]_CO[3])
                                                      0.324     9.424 r  sol_reg[15]_i_238/CO[3]
                         net (fo=1, routed)           0.000     9.424    sol_reg[15]_i_238_n_0
    SLICE_X43Y77         CARRY4 (Prop_carry4_CI_CO[3])
                                                      0.058     9.482 r  sol_reg[15]_i_233/CO[3]
                         net (fo=1, routed)           0.000     9.482    sol_reg[15]_i_233_n_0
    SLICE_X43Y78         CARRY4 (Prop_carry4_CI_CO[3])
                                                      0.058     9.540 r  sol_reg[15]_i_228/CO[3]
                         net (fo=1, routed)           0.000     9.540    sol_reg[15]_i_228_n_0
    SLICE_X43Y79         CARRY4 (Prop_carry4_CI_CO[3])
                                                      0.058     9.598 r  sol_reg[15]_i_225/CO[3]
                         net (fo=1, routed)           0.000     9.598    sol_reg[15]_i_225_n_0
    SLICE_X43Y80         CARRY4 (Prop_carry4_CI_CO[1])
                                                      0.094     9.692 r  sol_reg[15]_i_224/CO[1]
                         net (fo=19, routed)          0.979    10.671    sol_reg[15]_i_224_n_2
    SLICE_X41Y76         LUT3 (Prop_lut3_I0_O)        0.152    10.823 r  sol[15]_i_241/O
                         net (fo=1, routed)           0.000    10.823    sol[15]_i_241_n_0
    SLICE_X41Y76         CARRY4 (Prop_carry4_S[1]_CO[3])
                                                      0.324    11.147 r  sol_reg[15]_i_211/CO[3]
                         net (fo=1, routed)           0.000    11.147    sol_reg[15]_i_211_n_0
    SLICE_X41Y77         CARRY4 (Prop_carry4_CI_CO[3])
                                                      0.058    11.205 r  sol_reg[15]_i_206/CO[3]
                         net (fo=1, routed)           0.000    11.205    sol_reg[15]_i_206_n_0
    SLICE_X41Y78         CARRY4 (Prop_carry4_CI_CO[3])
                                                      0.058    11.263 r  sol_reg[15]_i_203/CO[3]
                         net (fo=1, routed)           0.000    11.263    sol_reg[15]_i_203_n_0
    SLICE_X41Y79         CARRY4 (Prop_carry4_CI_CO[1])
                                                      0.094    11.357 r  sol_reg[15]_i_202/CO[1]
                         net (fo=19, routed)          0.879    12.236    sol_reg[15]_i_202_n_2
    SLICE_X40Y74         LUT3 (Prop_lut3_I0_O)        0.152    12.388 r  sol[15]_i_223/O
                         net (fo=1, routed)           0.000    12.388    sol[15]_i_223_n_0
    SLICE_X40Y74         CARRY4 (Prop_carry4_S[1]_CO[3])
                                                      0.310    12.698 r  sol_reg[15]_i_194/CO[3]
                         net (fo=1, routed)           0.008    12.706    sol_reg[15]_i_194_n_0
    SLICE_X40Y75         CARRY4 (Prop_carry4_CI_CO[3])
                                                      0.060    12.766 r  sol_reg[15]_i_189/CO[3]
                         net (fo=1, routed)           0.000    12.766    sol_reg[15]_i_189_n_0
    SLICE_X40Y76         CARRY4 (Prop_carry4_CI_CO[3])
                                                      0.060    12.826 r  sol_reg[15]_i_184/CO[3]
                         net (fo=1, routed)           0.000    12.826    sol_reg[15]_i_184_n_0
    SLICE_X40Y77         CARRY4 (Prop_carry4_CI_CO[3])
                                                      0.060    12.886 r  sol_reg[15]_i_181/CO[3]
                         net (fo=1, routed)           0.000    12.886    sol_reg[15]_i_181_n_0
    SLICE_X40Y78         CARRY4 (Prop_carry4_CI_CO[1])
                                                      0.093    12.979 r  sol_reg[15]_i_180/CO[1]
                         net (fo=19, routed)          1.177    14.156    sol_reg[15]_i_180_n_2
    SLICE_X39Y75         LUT3 (Prop_lut3_I0_O)        0.153    14.309 r  sol[15]_i_197/O
                         net (fo=1, routed)           0.000    14.309    sol[15]_i_197_n_0
    SLICE_X39Y75         CARRY4 (Prop_carry4_S[1]_CO[3])
                                                      0.324    14.633 r  sol_reg[15]_i_167/CO[3]
                         net (fo=1, routed)           0.000    14.633    sol_reg[15]_i_167_n_0
    SLICE_X39Y76         CARRY4 (Prop_carry4_CI_CO[3])
                                                      0.058    14.691 r  sol_reg[15]_i_162/CO[3]
                         net (fo=1, routed)           0.000    14.691    sol_reg[15]_i_162_n_0
    SLICE_X39Y77         CARRY4 (Prop_carry4_CI_CO[3])
                                                      0.058    14.749 r  sol_reg[15]_i_159/CO[3]
                         net (fo=1, routed)           0.000    14.749    sol_reg[15]_i_159_n_0
    SLICE_X39Y78         CARRY4 (Prop_carry4_CI_CO[1])
                                                      0.094    14.843 r  sol_reg[15]_i_158/CO[1]
                         net (fo=19, routed)          0.955    15.798    sol_reg[15]_i_158_n_2
    SLICE_X38Y73         LUT3 (Prop_lut3_I0_O)        0.152    15.950 r  sol[15]_i_179/O
                         net (fo=1, routed)           0.000    15.950    sol[15]_i_179_n_0
    SLICE_X38Y73         CARRY4 (Prop_carry4_S[1]_CO[3])
                                                      0.310    16.260 r  sol_reg[15]_i_150/CO[3]
                         net (fo=1, routed)           0.000    16.260    sol_reg[15]_i_150_n_0
    SLICE_X38Y74         CARRY4 (Prop_carry4_CI_CO[3])
                                                      0.060    16.320 r  sol_reg[15]_i_145/CO[3]
                         net (fo=1, routed)           0.008    16.328    sol_reg[15]_i_145_n_0
    SLICE_X38Y75         CARRY4 (Prop_carry4_CI_CO[3])
                                                      0.060    16.388 r  sol_reg[15]_i_140/CO[3]
                         net (fo=1, routed)           0.000    16.388    sol_reg[15]_i_140_n_0
    SLICE_X38Y76         CARRY4 (Prop_carry4_CI_CO[3])
                                                      0.060    16.448 r  sol_reg[15]_i_137/CO[3]
                         net (fo=1, routed)           0.000    16.448    sol_reg[15]_i_137_n_0
    SLICE_X38Y77         CARRY4 (Prop_carry4_CI_CO[1])
                                                      0.093    16.541 r  sol_reg[15]_i_136/CO[1]
                         net (fo=19, routed)          1.197    17.738    sol_reg[15]_i_136_n_2
    SLICE_X37Y73         LUT3 (Prop_lut3_I0_O)        0.153    17.891 r  sol[15]_i_155/O
                         net (fo=1, routed)           0.000    17.891    sol[15]_i_155_n_0
    SLICE_X37Y73         CARRY4 (Prop_carry4_S[3]_CO[3])
                                                      0.233    18.124 r  sol_reg[15]_i_128/CO[3]
                         net (fo=1, routed)           0.000    18.124    sol_reg[15]_i_128_n_0
    SLICE_X37Y74         CARRY4 (Prop_carry4_CI_CO[3])
                                                      0.058    18.182 r  sol_reg[15]_i_123/CO[3]
                         net (fo=1, routed)           0.008    18.190    sol_reg[15]_i_123_n_0
    SLICE_X37Y75         CARRY4 (Prop_carry4_CI_CO[3])
                                                      0.058    18.248 r  sol_reg[15]_i_118/CO[3]
                         net (fo=1, routed)           0.000    18.248    sol_reg[15]_i_118_n_0
    SLICE_X37Y76         CARRY4 (Prop_carry4_CI_CO[3])
                                                      0.058    18.306 r  sol_reg[15]_i_115/CO[3]
                         net (fo=1, routed)           0.000    18.306    sol_reg[15]_i_115_n_0
    SLICE_X37Y77         CARRY4 (Prop_carry4_CI_CO[1])
                                                      0.094    18.400 r  sol_reg[15]_i_114/CO[1]
                         net (fo=19, routed)          1.492    19.892    sol_reg[15]_i_114_n_2
    SLICE_X30Y72         LUT3 (Prop_lut3_I0_O)        0.152    20.044 r  sol[15]_i_133/O
                         net (fo=1, routed)           0.000    20.044    sol[15]_i_133_n_0
    SLICE_X30Y72         CARRY4 (Prop_carry4_S[3]_CO[3])
                                                      0.216    20.260 r  sol_reg[15]_i_106/CO[3]
                         net (fo=1, routed)           0.000    20.260    sol_reg[15]_i_106_n_0
    SLICE_X30Y73         CARRY4 (Prop_carry4_CI_CO[3])
                                                      0.060    20.320 r  sol_reg[15]_i_101/CO[3]
                         net (fo=1, routed)           0.000    20.320    sol_reg[15]_i_101_n_0
    SLICE_X30Y74         CARRY4 (Prop_carry4_CI_CO[3])
                                                      0.060    20.380 r  sol_reg[15]_i_96/CO[3]
                         net (fo=1, routed)           0.008    20.388    sol_reg[15]_i_96_n_0
    SLICE_X30Y75         CARRY4 (Prop_carry4_CI_CO[3])
                                                      0.060    20.448 r  sol_reg[15]_i_93/CO[3]
                         net (fo=1, routed)           0.000    20.448    sol_reg[15]_i_93_n_0
    SLICE_X30Y76         CARRY4 (Prop_carry4_CI_CO[1])
                                                      0.093    20.541 r  sol_reg[15]_i_92/CO[1]
                         net (fo=19, routed)          1.241    21.781    sol_reg[15]_i_92_n_2
    SLICE_X33Y71         LUT3 (Prop_lut3_I0_O)        0.153    21.934 r  sol[15]_i_113/O
                         net (fo=1, routed)           0.000    21.934    sol[15]_i_113_n_0
    SLICE_X33Y71         CARRY4 (Prop_carry4_S[1]_CO[3])
                                                      0.324    22.258 r  sol_reg[15]_i_84/CO[3]
                         net (fo=1, routed)           0.000    22.258    sol_reg[15]_i_84_n_0
    SLICE_X33Y72         CARRY4 (Prop_carry4_CI_CO[3])
                                                      0.058    22.316 r  sol_reg[15]_i_79/CO[3]
                         net (fo=1, routed)           0.000    22.316    sol_reg[15]_i_79_n_0
    SLICE_X33Y73         CARRY4 (Prop_carry4_CI_CO[3])
                                                      0.058    22.374 r  sol_reg[15]_i_74/CO[3]
                         net (fo=1, routed)           0.000    22.374    sol_reg[15]_i_74_n_0
    SLICE_X33Y74         CARRY4 (Prop_carry4_CI_CO[3])
                                                      0.058    22.432 r  sol_reg[15]_i_71/CO[3]
                         net (fo=1, routed)           0.008    22.440    sol_reg[15]_i_71_n_0
    SLICE_X33Y75         CARRY4 (Prop_carry4_CI_CO[1])
                                                      0.094    22.534 r  sol_reg[15]_i_70/CO[1]
                         net (fo=19, routed)          1.201    23.735    sol_reg[15]_i_70_n_2
    SLICE_X32Y69         LUT3 (Prop_lut3_I0_O)        0.152    23.887 r  sol[15]_i_89/O
                         net (fo=1, routed)           0.000    23.887    sol[15]_i_89_n_0
    SLICE_X32Y69         CARRY4 (Prop_carry4_S[3]_CO[3])
                                                      0.216    24.103 r  sol_reg[15]_i_65/CO[3]
                         net (fo=1, routed)           0.000    24.103    sol_reg[15]_i_65_n_0
    SLICE_X32Y70         CARRY4 (Prop_carry4_CI_CO[3])
                                                      0.060    24.163 r  sol_reg[15]_i_60/CO[3]
                         net (fo=1, routed)           0.000    24.163    sol_reg[15]_i_60_n_0
    SLICE_X32Y71         CARRY4 (Prop_carry4_CI_CO[3])
                                                      0.060    24.223 r  sol_reg[15]_i_55/CO[3]
                         net (fo=1, routed)           0.000    24.223    sol_reg[15]_i_55_n_0
    SLICE_X32Y72         CARRY4 (Prop_carry4_CI_CO[3])
                                                      0.060    24.283 r  sol_reg[15]_i_52/CO[3]
                         net (fo=1, routed)           0.000    24.283    sol_reg[15]_i_52_n_0
    SLICE_X32Y73         CARRY4 (Prop_carry4_CI_CO[1])
                                                      0.093    24.376 r  sol_reg[15]_i_51/CO[1]
                         net (fo=19, routed)          0.946    25.322    sol_reg[15]_i_51_n_2
    SLICE_X36Y70         CARRY4 (Prop_carry4_CYINIT_CO[3])
                                                      0.459    25.781 r  sol_reg[14]_i_60/CO[3]
                         net (fo=1, routed)           0.000    25.781    sol_reg[14]_i_60_n_0
    SLICE_X36Y71         CARRY4 (Prop_carry4_CI_CO[3])
                                                      0.060    25.841 r  sol_reg[15]_i_46/CO[3]
                         net (fo=1, routed)           0.000    25.841    sol_reg[15]_i_46_n_0
    SLICE_X36Y72         CARRY4 (Prop_carry4_CI_CO[3])
                                                      0.060    25.901 r  sol_reg[15]_i_41/CO[3]
                         net (fo=1, routed)           0.000    25.901    sol_reg[15]_i_41_n_0
    SLICE_X36Y73         CARRY4 (Prop_carry4_CI_CO[3])
                                                      0.060    25.961 r  sol_reg[15]_i_38/CO[3]
                         net (fo=1, routed)           0.000    25.961    sol_reg[15]_i_38_n_0
    SLICE_X36Y74         CARRY4 (Prop_carry4_CI_CO[1])
                                                      0.093    26.054 r  sol_reg[15]_i_37/CO[1]
                         net (fo=19, routed)          1.123    27.177    sol_reg[15]_i_37_n_2
    SLICE_X35Y70         LUT3 (Prop_lut3_I0_O)        0.153    27.330 r  sol[10]_i_36/O
                         net (fo=1, routed)           0.000    27.330    sol[10]_i_36_n_0
    SLICE_X35Y70         CARRY4 (Prop_carry4_S[2]_CO[3])
                                                      0.235    27.565 r  sol_reg[10]_i_25/CO[3]
                         net (fo=1, routed)           0.000    27.565    sol_reg[10]_i_25_n_0
    SLICE_X35Y71         CARRY4 (Prop_carry4_CI_CO[3])
                                                      0.058    27.623 r  sol_reg[14]_i_41/CO[3]
                         net (fo=1, routed)           0.000    27.623    sol_reg[14]_i_41_n_0
    SLICE_X35Y72         CARRY4 (Prop_carry4_CI_CO[3])
                                                      0.058    27.681 r  sol_reg[15]_i_29/CO[3]
                         net (fo=1, routed)           0.000    27.681    sol_reg[15]_i_29_n_0
    SLICE_X35Y73         CARRY4 (Prop_carry4_CI_CO[3])
                                                      0.058    27.739 r  sol_reg[15]_i_26/CO[3]
                         net (fo=1, routed)           0.000    27.739    sol_reg[15]_i_26_n_0
    SLICE_X35Y74         CARRY4 (Prop_carry4_CI_CO[1])
                                                      0.094    27.833 r  sol_reg[15]_i_25/CO[1]
                         net (fo=19, routed)          0.962    28.795    sol_reg[15]_i_25_n_2
    SLICE_X34Y70         LUT3 (Prop_lut3_I0_O)        0.152    28.947 r  sol[6]_i_31/O
                         net (fo=1, routed)           0.000    28.947    sol[6]_i_31_n_0
    SLICE_X34Y70         CARRY4 (Prop_carry4_S[1]_CO[3])
                                                      0.310    29.257 r  sol_reg[6]_i_15/CO[3]
                         net (fo=1, routed)           0.000    29.257    sol_reg[6]_i_15_n_0
    SLICE_X34Y71         CARRY4 (Prop_carry4_CI_CO[3])
                                                      0.060    29.317 r  sol_reg[10]_i_13/CO[3]
                         net (fo=1, routed)           0.000    29.317    sol_reg[10]_i_13_n_0
    SLICE_X34Y72         CARRY4 (Prop_carry4_CI_CO[3])
                                                      0.060    29.377 r  sol_reg[14]_i_16/CO[3]
                         net (fo=1, routed)           0.000    29.377    sol_reg[14]_i_16_n_0
    SLICE_X34Y73         CARRY4 (Prop_carry4_CI_CO[3])
                                                      0.060    29.437 r  sol_reg[15]_i_14/CO[3]
                         net (fo=1, routed)           0.000    29.437    sol_reg[15]_i_14_n_0
    SLICE_X34Y74         CARRY4 (Prop_carry4_CI_CO[1])
                                                      0.093    29.530 r  sol_reg[15]_i_13/CO[1]
                         net (fo=19, routed)          1.053    30.583    sol_reg[15]_i_13_n_2
    SLICE_X32Y64         LUT3 (Prop_lut3_I0_O)        0.153    30.736 r  sol[6]_i_28/O
                         net (fo=1, routed)           0.000    30.736    sol[6]_i_28_n_0
    SLICE_X32Y64         CARRY4 (Prop_carry4_S[1]_CO[3])
                                                      0.310    31.046 r  sol_reg[6]_i_14/CO[3]
                         net (fo=1, routed)           0.000    31.046    sol_reg[6]_i_14_n_0
    SLICE_X32Y65         CARRY4 (Prop_carry4_CI_O[2])
                                                      0.137    31.183 f  sol_reg[6]_i_9/O[2]
                         net (fo=8, routed)           0.680    31.863    sol_reg[6]_i_9_n_5
    SLICE_X33Y64         LUT6 (Prop_lut6_I3_O)        0.152    32.015 f  sol[12]_i_13/O
                         net (fo=6, routed)           0.735    32.750    sol[12]_i_13_n_0
    SLICE_X32Y63         LUT6 (Prop_lut6_I1_O)        0.053    32.803 f  sol[15]_i_19/O
                         net (fo=5, routed)           0.576    33.380    sol[15]_i_19_n_0
    SLICE_X33Y65         LUT6 (Prop_lut6_I4_O)        0.053    33.433 r  sol[15]_i_6/O
                         net (fo=3, routed)           0.550    33.982    sol[15]_i_6_n_0
    SLICE_X34Y67         LUT6 (Prop_lut6_I3_O)        0.053    34.035 f  sol[14]_i_4/O
                         net (fo=1, routed)           0.500    34.536    sol[14]_i_4_n_0
    SLICE_X39Y65         LUT6 (Prop_lut6_I4_O)        0.053    34.589 r  sol[14]_i_1/O
                         net (fo=1, routed)           0.000    34.589    sol[14]_i_1_n_0
    SLICE_X39Y65         FDRE                                         r  sol_reg[14]/D
  -------------------------------------------------------------------    -------------------

Slack:                    inf
  Source:                 B[7]
                            (input port)
  Destination:            sol_reg[5]/D
  Path Group:             (none)
  Path Type:              Max at Slow Process Corner
  Data Path Delay:        34.453ns  (logic 11.937ns (34.646%)  route 22.516ns (65.354%))
  Logic Levels:           94  (CARRY4=73 IBUF=1 LUT1=1 LUT3=14 LUT4=1 LUT5=2 LUT6=2)

    Location             Delay type                Incr(ns)  Path(ns)    Netlist Resource(s)
  -------------------------------------------------------------------    -------------------
    AE29                                              0.000     0.000 f  B[7] (IN)
                         net (fo=0)                   0.000     0.000    B[7]
    AE29                 IBUF (Prop_ibuf_I_O)         0.714     0.714 f  B_IBUF[7]_inst/O
                         net (fo=44, routed)          2.434     3.148    B_IBUF[7]
    SLICE_X45Y81         LUT1 (Prop_lut1_I0_O)        0.053     3.201 r  sol[15]_i_332/O
                         net (fo=1, routed)           0.000     3.201    sol[15]_i_332_n_0
    SLICE_X45Y81         CARRY4 (Prop_carry4_S[3]_CO[3])
                                                      0.233     3.434 r  sol_reg[15]_i_299/CO[3]
                         net (fo=1, routed)           0.000     3.434    sol_reg[15]_i_299_n_0
    SLICE_X45Y82         CARRY4 (Prop_carry4_CI_CO[3])
                                                      0.058     3.492 r  sol_reg[15]_i_294/CO[3]
                         net (fo=1, routed)           0.000     3.492    sol_reg[15]_i_294_n_0
    SLICE_X45Y83         CARRY4 (Prop_carry4_CI_CO[3])
                                                      0.058     3.550 r  sol_reg[15]_i_291/CO[3]
                         net (fo=1, routed)           0.000     3.550    sol_reg[15]_i_291_n_0
    SLICE_X45Y84         CARRY4 (Prop_carry4_CI_CO[0])
                                                      0.179     3.729 r  sol_reg[15]_i_290/CO[0]
                         net (fo=19, routed)          1.186     4.916    sol_reg[15]_i_290_n_3
    SLICE_X44Y79         LUT3 (Prop_lut3_I0_O)        0.157     5.073 r  sol[15]_i_311/O
                         net (fo=1, routed)           0.000     5.073    sol[15]_i_311_n_0
    SLICE_X44Y79         CARRY4 (Prop_carry4_S[1]_CO[3])
                                                      0.324     5.397 r  sol_reg[15]_i_282/CO[3]
                         net (fo=1, routed)           0.000     5.397    sol_reg[15]_i_282_n_0
    SLICE_X44Y80         CARRY4 (Prop_carry4_CI_CO[3])
                                                      0.058     5.455 r  sol_reg[15]_i_277/CO[3]
                         net (fo=1, routed)           0.000     5.455    sol_reg[15]_i_277_n_0
    SLICE_X44Y81         CARRY4 (Prop_carry4_CI_CO[3])
                                                      0.058     5.513 r  sol_reg[15]_i_272/CO[3]
                         net (fo=1, routed)           0.000     5.513    sol_reg[15]_i_272_n_0
    SLICE_X44Y82         CARRY4 (Prop_carry4_CI_CO[3])
                                                      0.058     5.571 r  sol_reg[15]_i_269/CO[3]
                         net (fo=1, routed)           0.000     5.571    sol_reg[15]_i_269_n_0
    SLICE_X44Y83         CARRY4 (Prop_carry4_CI_CO[1])
                                                      0.094     5.665 r  sol_reg[15]_i_268/CO[1]
                         net (fo=19, routed)          1.453     7.117    sol_reg[15]_i_268_n_2
    SLICE_X42Y77         LUT3 (Prop_lut3_I0_O)        0.152     7.269 r  sol[15]_i_288/O
                         net (fo=1, routed)           0.000     7.269    sol[15]_i_288_n_0
    SLICE_X42Y77         CARRY4 (Prop_carry4_S[2]_CO[3])
                                                      0.219     7.488 r  sol_reg[15]_i_260/CO[3]
                         net (fo=1, routed)           0.000     7.488    sol_reg[15]_i_260_n_0
    SLICE_X42Y78         CARRY4 (Prop_carry4_CI_CO[3])
                                                      0.060     7.548 r  sol_reg[15]_i_255/CO[3]
                         net (fo=1, routed)           0.000     7.548    sol_reg[15]_i_255_n_0
    SLICE_X42Y79         CARRY4 (Prop_carry4_CI_CO[3])
                                                      0.060     7.608 r  sol_reg[15]_i_250/CO[3]
                         net (fo=1, routed)           0.000     7.608    sol_reg[15]_i_250_n_0
    SLICE_X42Y80         CARRY4 (Prop_carry4_CI_CO[3])
                                                      0.060     7.668 r  sol_reg[15]_i_247/CO[3]
                         net (fo=1, routed)           0.000     7.668    sol_reg[15]_i_247_n_0
    SLICE_X42Y81         CARRY4 (Prop_carry4_CI_CO[1])
                                                      0.093     7.761 r  sol_reg[15]_i_246/CO[1]
                         net (fo=19, routed)          1.185     8.947    sol_reg[15]_i_246_n_2
    SLICE_X43Y76         LUT3 (Prop_lut3_I0_O)        0.153     9.100 r  sol[15]_i_267/O
                         net (fo=1, routed)           0.000     9.100    sol[15]_i_267_n_0
    SLICE_X43Y76         CARRY4 (Prop_carry4_S[1]_CO[3])
                                                      0.324     9.424 r  sol_reg[15]_i_238/CO[3]
                         net (fo=1, routed)           0.000     9.424    sol_reg[15]_i_238_n_0
    SLICE_X43Y77         CARRY4 (Prop_carry4_CI_CO[3])
                                                      0.058     9.482 r  sol_reg[15]_i_233/CO[3]
                         net (fo=1, routed)           0.000     9.482    sol_reg[15]_i_233_n_0
    SLICE_X43Y78         CARRY4 (Prop_carry4_CI_CO[3])
                                                      0.058     9.540 r  sol_reg[15]_i_228/CO[3]
                         net (fo=1, routed)           0.000     9.540    sol_reg[15]_i_228_n_0
    SLICE_X43Y79         CARRY4 (Prop_carry4_CI_CO[3])
                                                      0.058     9.598 r  sol_reg[15]_i_225/CO[3]
                         net (fo=1, routed)           0.000     9.598    sol_reg[15]_i_225_n_0
    SLICE_X43Y80         CARRY4 (Prop_carry4_CI_CO[1])
                                                      0.094     9.692 r  sol_reg[15]_i_224/CO[1]
                         net (fo=19, routed)          0.979    10.671    sol_reg[15]_i_224_n_2
    SLICE_X41Y76         LUT3 (Prop_lut3_I0_O)        0.152    10.823 r  sol[15]_i_241/O
                         net (fo=1, routed)           0.000    10.823    sol[15]_i_241_n_0
    SLICE_X41Y76         CARRY4 (Prop_carry4_S[1]_CO[3])
                                                      0.324    11.147 r  sol_reg[15]_i_211/CO[3]
                         net (fo=1, routed)           0.000    11.147    sol_reg[15]_i_211_n_0
    SLICE_X41Y77         CARRY4 (Prop_carry4_CI_CO[3])
                                                      0.058    11.205 r  sol_reg[15]_i_206/CO[3]
                         net (fo=1, routed)           0.000    11.205    sol_reg[15]_i_206_n_0
    SLICE_X41Y78         CARRY4 (Prop_carry4_CI_CO[3])
                                                      0.058    11.263 r  sol_reg[15]_i_203/CO[3]
                         net (fo=1, routed)           0.000    11.263    sol_reg[15]_i_203_n_0
    SLICE_X41Y79         CARRY4 (Prop_carry4_CI_CO[1])
                                                      0.094    11.357 r  sol_reg[15]_i_202/CO[1]
                         net (fo=19, routed)          0.879    12.236    sol_reg[15]_i_202_n_2
    SLICE_X40Y74         LUT3 (Prop_lut3_I0_O)        0.152    12.388 r  sol[15]_i_223/O
                         net (fo=1, routed)           0.000    12.388    sol[15]_i_223_n_0
    SLICE_X40Y74         CARRY4 (Prop_carry4_S[1]_CO[3])
                                                      0.310    12.698 r  sol_reg[15]_i_194/CO[3]
                         net (fo=1, routed)           0.008    12.706    sol_reg[15]_i_194_n_0
    SLICE_X40Y75         CARRY4 (Prop_carry4_CI_CO[3])
                                                      0.060    12.766 r  sol_reg[15]_i_189/CO[3]
                         net (fo=1, routed)           0.000    12.766    sol_reg[15]_i_189_n_0
    SLICE_X40Y76         CARRY4 (Prop_carry4_CI_CO[3])
                                                      0.060    12.826 r  sol_reg[15]_i_184/CO[3]
                         net (fo=1, routed)           0.000    12.826    sol_reg[15]_i_184_n_0
    SLICE_X40Y77         CARRY4 (Prop_carry4_CI_CO[3])
                                                      0.060    12.886 r  sol_reg[15]_i_181/CO[3]
                         net (fo=1, routed)           0.000    12.886    sol_reg[15]_i_181_n_0
    SLICE_X40Y78         CARRY4 (Prop_carry4_CI_CO[1])
                                                      0.093    12.979 r  sol_reg[15]_i_180/CO[1]
                         net (fo=19, routed)          1.177    14.156    sol_reg[15]_i_180_n_2
    SLICE_X39Y75         LUT3 (Prop_lut3_I0_O)        0.153    14.309 r  sol[15]_i_197/O
                         net (fo=1, routed)           0.000    14.309    sol[15]_i_197_n_0
    SLICE_X39Y75         CARRY4 (Prop_carry4_S[1]_CO[3])
                                                      0.324    14.633 r  sol_reg[15]_i_167/CO[3]
                         net (fo=1, routed)           0.000    14.633    sol_reg[15]_i_167_n_0
    SLICE_X39Y76         CARRY4 (Prop_carry4_CI_CO[3])
                                                      0.058    14.691 r  sol_reg[15]_i_162/CO[3]
                         net (fo=1, routed)           0.000    14.691    sol_reg[15]_i_162_n_0
    SLICE_X39Y77         CARRY4 (Prop_carry4_CI_CO[3])
                                                      0.058    14.749 r  sol_reg[15]_i_159/CO[3]
                         net (fo=1, routed)           0.000    14.749    sol_reg[15]_i_159_n_0
    SLICE_X39Y78         CARRY4 (Prop_carry4_CI_CO[1])
                                                      0.094    14.843 r  sol_reg[15]_i_158/CO[1]
                         net (fo=19, routed)          0.955    15.798    sol_reg[15]_i_158_n_2
    SLICE_X38Y73         LUT3 (Prop_lut3_I0_O)        0.152    15.950 r  sol[15]_i_179/O
                         net (fo=1, routed)           0.000    15.950    sol[15]_i_179_n_0
    SLICE_X38Y73         CARRY4 (Prop_carry4_S[1]_CO[3])
                                                      0.310    16.260 r  sol_reg[15]_i_150/CO[3]
                         net (fo=1, routed)           0.000    16.260    sol_reg[15]_i_150_n_0
    SLICE_X38Y74         CARRY4 (Prop_carry4_CI_CO[3])
                                                      0.060    16.320 r  sol_reg[15]_i_145/CO[3]
                         net (fo=1, routed)           0.008    16.328    sol_reg[15]_i_145_n_0
    SLICE_X38Y75         CARRY4 (Prop_carry4_CI_CO[3])
                                                      0.060    16.388 r  sol_reg[15]_i_140/CO[3]
                         net (fo=1, routed)           0.000    16.388    sol_reg[15]_i_140_n_0
    SLICE_X38Y76         CARRY4 (Prop_carry4_CI_CO[3])
                                                      0.060    16.448 r  sol_reg[15]_i_137/CO[3]
                         net (fo=1, routed)           0.000    16.448    sol_reg[15]_i_137_n_0
    SLICE_X38Y77         CARRY4 (Prop_carry4_CI_CO[1])
                                                      0.093    16.541 r  sol_reg[15]_i_136/CO[1]
                         net (fo=19, routed)          1.197    17.738    sol_reg[15]_i_136_n_2
    SLICE_X37Y73         LUT3 (Prop_lut3_I0_O)        0.153    17.891 r  sol[15]_i_155/O
                         net (fo=1, routed)           0.000    17.891    sol[15]_i_155_n_0
    SLICE_X37Y73         CARRY4 (Prop_carry4_S[3]_CO[3])
                                                      0.233    18.124 r  sol_reg[15]_i_128/CO[3]
                         net (fo=1, routed)           0.000    18.124    sol_reg[15]_i_128_n_0
    SLICE_X37Y74         CARRY4 (Prop_carry4_CI_CO[3])
                                                      0.058    18.182 r  sol_reg[15]_i_123/CO[3]
                         net (fo=1, routed)           0.008    18.190    sol_reg[15]_i_123_n_0
    SLICE_X37Y75         CARRY4 (Prop_carry4_CI_CO[3])
                                                      0.058    18.248 r  sol_reg[15]_i_118/CO[3]
                         net (fo=1, routed)           0.000    18.248    sol_reg[15]_i_118_n_0
    SLICE_X37Y76         CARRY4 (Prop_carry4_CI_CO[3])
                                                      0.058    18.306 r  sol_reg[15]_i_115/CO[3]
                         net (fo=1, routed)           0.000    18.306    sol_reg[15]_i_115_n_0
    SLICE_X37Y77         CARRY4 (Prop_carry4_CI_CO[1])
                                                      0.094    18.400 r  sol_reg[15]_i_114/CO[1]
                         net (fo=19, routed)          1.492    19.892    sol_reg[15]_i_114_n_2
    SLICE_X30Y72         LUT3 (Prop_lut3_I0_O)        0.152    20.044 r  sol[15]_i_133/O
                         net (fo=1, routed)           0.000    20.044    sol[15]_i_133_n_0
    SLICE_X30Y72         CARRY4 (Prop_carry4_S[3]_CO[3])
                                                      0.216    20.260 r  sol_reg[15]_i_106/CO[3]
                         net (fo=1, routed)           0.000    20.260    sol_reg[15]_i_106_n_0
    SLICE_X30Y73         CARRY4 (Prop_carry4_CI_CO[3])
                                                      0.060    20.320 r  sol_reg[15]_i_101/CO[3]
                         net (fo=1, routed)           0.000    20.320    sol_reg[15]_i_101_n_0
    SLICE_X30Y74         CARRY4 (Prop_carry4_CI_CO[3])
                                                      0.060    20.380 r  sol_reg[15]_i_96/CO[3]
                         net (fo=1, routed)           0.008    20.388    sol_reg[15]_i_96_n_0
    SLICE_X30Y75         CARRY4 (Prop_carry4_CI_CO[3])
                                                      0.060    20.448 r  sol_reg[15]_i_93/CO[3]
                         net (fo=1, routed)           0.000    20.448    sol_reg[15]_i_93_n_0
    SLICE_X30Y76         CARRY4 (Prop_carry4_CI_CO[1])
                                                      0.093    20.541 r  sol_reg[15]_i_92/CO[1]
                         net (fo=19, routed)          1.241    21.781    sol_reg[15]_i_92_n_2
    SLICE_X33Y71         LUT3 (Prop_lut3_I0_O)        0.153    21.934 r  sol[15]_i_113/O
                         net (fo=1, routed)           0.000    21.934    sol[15]_i_113_n_0
    SLICE_X33Y71         CARRY4 (Prop_carry4_S[1]_CO[3])
                                                      0.324    22.258 r  sol_reg[15]_i_84/CO[3]
                         net (fo=1, routed)           0.000    22.258    sol_reg[15]_i_84_n_0
    SLICE_X33Y72         CARRY4 (Prop_carry4_CI_CO[3])
                                                      0.058    22.316 r  sol_reg[15]_i_79/CO[3]
                         net (fo=1, routed)           0.000    22.316    sol_reg[15]_i_79_n_0
    SLICE_X33Y73         CARRY4 (Prop_carry4_CI_CO[3])
                                                      0.058    22.374 r  sol_reg[15]_i_74/CO[3]
                         net (fo=1, routed)           0.000    22.374    sol_reg[15]_i_74_n_0
    SLICE_X33Y74         CARRY4 (Prop_carry4_CI_CO[3])
                                                      0.058    22.432 r  sol_reg[15]_i_71/CO[3]
                         net (fo=1, routed)           0.008    22.440    sol_reg[15]_i_71_n_0
    SLICE_X33Y75         CARRY4 (Prop_carry4_CI_CO[1])
                                                      0.094    22.534 r  sol_reg[15]_i_70/CO[1]
                         net (fo=19, routed)          1.201    23.735    sol_reg[15]_i_70_n_2
    SLICE_X32Y69         LUT3 (Prop_lut3_I0_O)        0.152    23.887 r  sol[15]_i_89/O
                         net (fo=1, routed)           0.000    23.887    sol[15]_i_89_n_0
    SLICE_X32Y69         CARRY4 (Prop_carry4_S[3]_CO[3])
                                                      0.216    24.103 r  sol_reg[15]_i_65/CO[3]
                         net (fo=1, routed)           0.000    24.103    sol_reg[15]_i_65_n_0
    SLICE_X32Y70         CARRY4 (Prop_carry4_CI_CO[3])
                                                      0.060    24.163 r  sol_reg[15]_i_60/CO[3]
                         net (fo=1, routed)           0.000    24.163    sol_reg[15]_i_60_n_0
    SLICE_X32Y71         CARRY4 (Prop_carry4_CI_CO[3])
                                                      0.060    24.223 r  sol_reg[15]_i_55/CO[3]
                         net (fo=1, routed)           0.000    24.223    sol_reg[15]_i_55_n_0
    SLICE_X32Y72         CARRY4 (Prop_carry4_CI_CO[3])
                                                      0.060    24.283 r  sol_reg[15]_i_52/CO[3]
                         net (fo=1, routed)           0.000    24.283    sol_reg[15]_i_52_n_0
    SLICE_X32Y73         CARRY4 (Prop_carry4_CI_CO[1])
                                                      0.093    24.376 r  sol_reg[15]_i_51/CO[1]
                         net (fo=19, routed)          0.946    25.322    sol_reg[15]_i_51_n_2
    SLICE_X36Y70         CARRY4 (Prop_carry4_CYINIT_CO[3])
                                                      0.459    25.781 r  sol_reg[14]_i_60/CO[3]
                         net (fo=1, routed)           0.000    25.781    sol_reg[14]_i_60_n_0
    SLICE_X36Y71         CARRY4 (Prop_carry4_CI_CO[3])
                                                      0.060    25.841 r  sol_reg[15]_i_46/CO[3]
                         net (fo=1, routed)           0.000    25.841    sol_reg[15]_i_46_n_0
    SLICE_X36Y72         CARRY4 (Prop_carry4_CI_CO[3])
                                                      0.060    25.901 r  sol_reg[15]_i_41/CO[3]
                         net (fo=1, routed)           0.000    25.901    sol_reg[15]_i_41_n_0
    SLICE_X36Y73         CARRY4 (Prop_carry4_CI_CO[3])
                                                      0.060    25.961 r  sol_reg[15]_i_38/CO[3]
                         net (fo=1, routed)           0.000    25.961    sol_reg[15]_i_38_n_0
    SLICE_X36Y74         CARRY4 (Prop_carry4_CI_CO[1])
                                                      0.093    26.054 r  sol_reg[15]_i_37/CO[1]
                         net (fo=19, routed)          1.123    27.177    sol_reg[15]_i_37_n_2
    SLICE_X35Y70         LUT3 (Prop_lut3_I0_O)        0.153    27.330 r  sol[10]_i_36/O
                         net (fo=1, routed)           0.000    27.330    sol[10]_i_36_n_0
    SLICE_X35Y70         CARRY4 (Prop_carry4_S[2]_CO[3])
                                                      0.235    27.565 r  sol_reg[10]_i_25/CO[3]
                         net (fo=1, routed)           0.000    27.565    sol_reg[10]_i_25_n_0
    SLICE_X35Y71         CARRY4 (Prop_carry4_CI_CO[3])
                                                      0.058    27.623 r  sol_reg[14]_i_41/CO[3]
                         net (fo=1, routed)           0.000    27.623    sol_reg[14]_i_41_n_0
    SLICE_X35Y72         CARRY4 (Prop_carry4_CI_CO[3])
                                                      0.058    27.681 r  sol_reg[15]_i_29/CO[3]
                         net (fo=1, routed)           0.000    27.681    sol_reg[15]_i_29_n_0
    SLICE_X35Y73         CARRY4 (Prop_carry4_CI_CO[3])
                                                      0.058    27.739 r  sol_reg[15]_i_26/CO[3]
                         net (fo=1, routed)           0.000    27.739    sol_reg[15]_i_26_n_0
    SLICE_X35Y74         CARRY4 (Prop_carry4_CI_CO[1])
                                                      0.094    27.833 r  sol_reg[15]_i_25/CO[1]
                         net (fo=19, routed)          0.962    28.795    sol_reg[15]_i_25_n_2
    SLICE_X34Y70         LUT3 (Prop_lut3_I0_O)        0.152    28.947 r  sol[6]_i_31/O
                         net (fo=1, routed)           0.000    28.947    sol[6]_i_31_n_0
    SLICE_X34Y70         CARRY4 (Prop_carry4_S[1]_CO[3])
                                                      0.310    29.257 r  sol_reg[6]_i_15/CO[3]
                         net (fo=1, routed)           0.000    29.257    sol_reg[6]_i_15_n_0
    SLICE_X34Y71         CARRY4 (Prop_carry4_CI_CO[3])
                                                      0.060    29.317 r  sol_reg[10]_i_13/CO[3]
                         net (fo=1, routed)           0.000    29.317    sol_reg[10]_i_13_n_0
    SLICE_X34Y72         CARRY4 (Prop_carry4_CI_CO[3])
                                                      0.060    29.377 r  sol_reg[14]_i_16/CO[3]
                         net (fo=1, routed)           0.000    29.377    sol_reg[14]_i_16_n_0
    SLICE_X34Y73         CARRY4 (Prop_carry4_CI_CO[3])
                                                      0.060    29.437 r  sol_reg[15]_i_14/CO[3]
                         net (fo=1, routed)           0.000    29.437    sol_reg[15]_i_14_n_0
    SLICE_X34Y74         CARRY4 (Prop_carry4_CI_CO[1])
                                                      0.093    29.530 r  sol_reg[15]_i_13/CO[1]
                         net (fo=19, routed)          1.053    30.583    sol_reg[15]_i_13_n_2
    SLICE_X32Y64         LUT3 (Prop_lut3_I0_O)        0.153    30.736 r  sol[6]_i_28/O
                         net (fo=1, routed)           0.000    30.736    sol[6]_i_28_n_0
    SLICE_X32Y64         CARRY4 (Prop_carry4_S[1]_O[2])
                                                      0.340    31.076 r  sol_reg[6]_i_14/O[2]
                         net (fo=3, routed)           0.585    31.661    sol_reg[6]_i_14_n_5
    SLICE_X34Y64         LUT4 (Prop_lut4_I1_O)        0.152    31.813 f  sol[4]_i_11/O
                         net (fo=3, routed)           0.540    32.353    sol[4]_i_11_n_0
    SLICE_X33Y64         LUT5 (Prop_lut5_I0_O)        0.053    32.406 r  sol[4]_i_6/O
                         net (fo=8, routed)           0.997    33.403    sol[4]_i_6_n_0
    SLICE_X38Y60         LUT6 (Prop_lut6_I4_O)        0.053    33.456 f  sol[5]_i_6/O
                         net (fo=1, routed)           0.212    33.668    sol[5]_i_6_n_0
    SLICE_X38Y60         LUT6 (Prop_lut6_I5_O)        0.053    33.721 r  sol[5]_i_3/O
                         net (fo=1, routed)           0.680    34.400    sol[5]_i_3_n_0
    SLICE_X41Y59         LUT5 (Prop_lut5_I2_O)        0.053    34.453 r  sol[5]_i_1/O
                         net (fo=1, routed)           0.000    34.453    sol[5]_i_1_n_0
    SLICE_X41Y59         FDRE                                         r  sol_reg[5]/D
  -------------------------------------------------------------------    -------------------

Slack:                    inf
  Source:                 B[7]
                            (input port)
  Destination:            sol_reg[6]/D
  Path Group:             (none)
  Path Type:              Max at Slow Process Corner
  Data Path Delay:        34.453ns  (logic 11.937ns (34.647%)  route 22.516ns (65.353%))
  Logic Levels:           94  (CARRY4=73 IBUF=1 LUT1=1 LUT3=14 LUT4=1 LUT5=2 LUT6=2)

    Location             Delay type                Incr(ns)  Path(ns)    Netlist Resource(s)
  -------------------------------------------------------------------    -------------------
    AE29                                              0.000     0.000 f  B[7] (IN)
                         net (fo=0)                   0.000     0.000    B[7]
    AE29                 IBUF (Prop_ibuf_I_O)         0.714     0.714 f  B_IBUF[7]_inst/O
                         net (fo=44, routed)          2.434     3.148    B_IBUF[7]
    SLICE_X45Y81         LUT1 (Prop_lut1_I0_O)        0.053     3.201 r  sol[15]_i_332/O
                         net (fo=1, routed)           0.000     3.201    sol[15]_i_332_n_0
    SLICE_X45Y81         CARRY4 (Prop_carry4_S[3]_CO[3])
                                                      0.233     3.434 r  sol_reg[15]_i_299/CO[3]
                         net (fo=1, routed)           0.000     3.434    sol_reg[15]_i_299_n_0
    SLICE_X45Y82         CARRY4 (Prop_carry4_CI_CO[3])
                                                      0.058     3.492 r  sol_reg[15]_i_294/CO[3]
                         net (fo=1, routed)           0.000     3.492    sol_reg[15]_i_294_n_0
    SLICE_X45Y83         CARRY4 (Prop_carry4_CI_CO[3])
                                                      0.058     3.550 r  sol_reg[15]_i_291/CO[3]
                         net (fo=1, routed)           0.000     3.550    sol_reg[15]_i_291_n_0
    SLICE_X45Y84         CARRY4 (Prop_carry4_CI_CO[0])
                                                      0.179     3.729 r  sol_reg[15]_i_290/CO[0]
                         net (fo=19, routed)          1.186     4.916    sol_reg[15]_i_290_n_3
    SLICE_X44Y79         LUT3 (Prop_lut3_I0_O)        0.157     5.073 r  sol[15]_i_311/O
                         net (fo=1, routed)           0.000     5.073    sol[15]_i_311_n_0
    SLICE_X44Y79         CARRY4 (Prop_carry4_S[1]_CO[3])
                                                      0.324     5.397 r  sol_reg[15]_i_282/CO[3]
                         net (fo=1, routed)           0.000     5.397    sol_reg[15]_i_282_n_0
    SLICE_X44Y80         CARRY4 (Prop_carry4_CI_CO[3])
                                                      0.058     5.455 r  sol_reg[15]_i_277/CO[3]
                         net (fo=1, routed)           0.000     5.455    sol_reg[15]_i_277_n_0
    SLICE_X44Y81         CARRY4 (Prop_carry4_CI_CO[3])
                                                      0.058     5.513 r  sol_reg[15]_i_272/CO[3]
                         net (fo=1, routed)           0.000     5.513    sol_reg[15]_i_272_n_0
    SLICE_X44Y82         CARRY4 (Prop_carry4_CI_CO[3])
                                                      0.058     5.571 r  sol_reg[15]_i_269/CO[3]
                         net (fo=1, routed)           0.000     5.571    sol_reg[15]_i_269_n_0
    SLICE_X44Y83         CARRY4 (Prop_carry4_CI_CO[1])
                                                      0.094     5.665 r  sol_reg[15]_i_268/CO[1]
                         net (fo=19, routed)          1.453     7.117    sol_reg[15]_i_268_n_2
    SLICE_X42Y77         LUT3 (Prop_lut3_I0_O)        0.152     7.269 r  sol[15]_i_288/O
                         net (fo=1, routed)           0.000     7.269    sol[15]_i_288_n_0
    SLICE_X42Y77         CARRY4 (Prop_carry4_S[2]_CO[3])
                                                      0.219     7.488 r  sol_reg[15]_i_260/CO[3]
                         net (fo=1, routed)           0.000     7.488    sol_reg[15]_i_260_n_0
    SLICE_X42Y78         CARRY4 (Prop_carry4_CI_CO[3])
                                                      0.060     7.548 r  sol_reg[15]_i_255/CO[3]
                         net (fo=1, routed)           0.000     7.548    sol_reg[15]_i_255_n_0
    SLICE_X42Y79         CARRY4 (Prop_carry4_CI_CO[3])
                                                      0.060     7.608 r  sol_reg[15]_i_250/CO[3]
                         net (fo=1, routed)           0.000     7.608    sol_reg[15]_i_250_n_0
    SLICE_X42Y80         CARRY4 (Prop_carry4_CI_CO[3])
                                                      0.060     7.668 r  sol_reg[15]_i_247/CO[3]
                         net (fo=1, routed)           0.000     7.668    sol_reg[15]_i_247_n_0
    SLICE_X42Y81         CARRY4 (Prop_carry4_CI_CO[1])
                                                      0.093     7.761 r  sol_reg[15]_i_246/CO[1]
                         net (fo=19, routed)          1.185     8.947    sol_reg[15]_i_246_n_2
    SLICE_X43Y76         LUT3 (Prop_lut3_I0_O)        0.153     9.100 r  sol[15]_i_267/O
                         net (fo=1, routed)           0.000     9.100    sol[15]_i_267_n_0
    SLICE_X43Y76         CARRY4 (Prop_carry4_S[1]_CO[3])
                                                      0.324     9.424 r  sol_reg[15]_i_238/CO[3]
                         net (fo=1, routed)           0.000     9.424    sol_reg[15]_i_238_n_0
    SLICE_X43Y77         CARRY4 (Prop_carry4_CI_CO[3])
                                                      0.058     9.482 r  sol_reg[15]_i_233/CO[3]
                         net (fo=1, routed)           0.000     9.482    sol_reg[15]_i_233_n_0
    SLICE_X43Y78         CARRY4 (Prop_carry4_CI_CO[3])
                                                      0.058     9.540 r  sol_reg[15]_i_228/CO[3]
                         net (fo=1, routed)           0.000     9.540    sol_reg[15]_i_228_n_0
    SLICE_X43Y79         CARRY4 (Prop_carry4_CI_CO[3])
                                                      0.058     9.598 r  sol_reg[15]_i_225/CO[3]
                         net (fo=1, routed)           0.000     9.598    sol_reg[15]_i_225_n_0
    SLICE_X43Y80         CARRY4 (Prop_carry4_CI_CO[1])
                                                      0.094     9.692 r  sol_reg[15]_i_224/CO[1]
                         net (fo=19, routed)          0.979    10.671    sol_reg[15]_i_224_n_2
    SLICE_X41Y76         LUT3 (Prop_lut3_I0_O)        0.152    10.823 r  sol[15]_i_241/O
                         net (fo=1, routed)           0.000    10.823    sol[15]_i_241_n_0
    SLICE_X41Y76         CARRY4 (Prop_carry4_S[1]_CO[3])
                                                      0.324    11.147 r  sol_reg[15]_i_211/CO[3]
                         net (fo=1, routed)           0.000    11.147    sol_reg[15]_i_211_n_0
    SLICE_X41Y77         CARRY4 (Prop_carry4_CI_CO[3])
                                                      0.058    11.205 r  sol_reg[15]_i_206/CO[3]
                         net (fo=1, routed)           0.000    11.205    sol_reg[15]_i_206_n_0
    SLICE_X41Y78         CARRY4 (Prop_carry4_CI_CO[3])
                                                      0.058    11.263 r  sol_reg[15]_i_203/CO[3]
                         net (fo=1, routed)           0.000    11.263    sol_reg[15]_i_203_n_0
    SLICE_X41Y79         CARRY4 (Prop_carry4_CI_CO[1])
                                                      0.094    11.357 r  sol_reg[15]_i_202/CO[1]
                         net (fo=19, routed)          0.879    12.236    sol_reg[15]_i_202_n_2
    SLICE_X40Y74         LUT3 (Prop_lut3_I0_O)        0.152    12.388 r  sol[15]_i_223/O
                         net (fo=1, routed)           0.000    12.388    sol[15]_i_223_n_0
    SLICE_X40Y74         CARRY4 (Prop_carry4_S[1]_CO[3])
                                                      0.310    12.698 r  sol_reg[15]_i_194/CO[3]
                         net (fo=1, routed)           0.008    12.706    sol_reg[15]_i_194_n_0
    SLICE_X40Y75         CARRY4 (Prop_carry4_CI_CO[3])
                                                      0.060    12.766 r  sol_reg[15]_i_189/CO[3]
                         net (fo=1, routed)           0.000    12.766    sol_reg[15]_i_189_n_0
    SLICE_X40Y76         CARRY4 (Prop_carry4_CI_CO[3])
                                                      0.060    12.826 r  sol_reg[15]_i_184/CO[3]
                         net (fo=1, routed)           0.000    12.826    sol_reg[15]_i_184_n_0
    SLICE_X40Y77         CARRY4 (Prop_carry4_CI_CO[3])
                                                      0.060    12.886 r  sol_reg[15]_i_181/CO[3]
                         net (fo=1, routed)           0.000    12.886    sol_reg[15]_i_181_n_0
    SLICE_X40Y78         CARRY4 (Prop_carry4_CI_CO[1])
                                                      0.093    12.979 r  sol_reg[15]_i_180/CO[1]
                         net (fo=19, routed)          1.177    14.156    sol_reg[15]_i_180_n_2
    SLICE_X39Y75         LUT3 (Prop_lut3_I0_O)        0.153    14.309 r  sol[15]_i_197/O
                         net (fo=1, routed)           0.000    14.309    sol[15]_i_197_n_0
    SLICE_X39Y75         CARRY4 (Prop_carry4_S[1]_CO[3])
                                                      0.324    14.633 r  sol_reg[15]_i_167/CO[3]
                         net (fo=1, routed)           0.000    14.633    sol_reg[15]_i_167_n_0
    SLICE_X39Y76         CARRY4 (Prop_carry4_CI_CO[3])
                                                      0.058    14.691 r  sol_reg[15]_i_162/CO[3]
                         net (fo=1, routed)           0.000    14.691    sol_reg[15]_i_162_n_0
    SLICE_X39Y77         CARRY4 (Prop_carry4_CI_CO[3])
                                                      0.058    14.749 r  sol_reg[15]_i_159/CO[3]
                         net (fo=1, routed)           0.000    14.749    sol_reg[15]_i_159_n_0
    SLICE_X39Y78         CARRY4 (Prop_carry4_CI_CO[1])
                                                      0.094    14.843 r  sol_reg[15]_i_158/CO[1]
                         net (fo=19, routed)          0.955    15.798    sol_reg[15]_i_158_n_2
    SLICE_X38Y73         LUT3 (Prop_lut3_I0_O)        0.152    15.950 r  sol[15]_i_179/O
                         net (fo=1, routed)           0.000    15.950    sol[15]_i_179_n_0
    SLICE_X38Y73         CARRY4 (Prop_carry4_S[1]_CO[3])
                                                      0.310    16.260 r  sol_reg[15]_i_150/CO[3]
                         net (fo=1, routed)           0.000    16.260    sol_reg[15]_i_150_n_0
    SLICE_X38Y74         CARRY4 (Prop_carry4_CI_CO[3])
                                                      0.060    16.320 r  sol_reg[15]_i_145/CO[3]
                         net (fo=1, routed)           0.008    16.328    sol_reg[15]_i_145_n_0
    SLICE_X38Y75         CARRY4 (Prop_carry4_CI_CO[3])
                                                      0.060    16.388 r  sol_reg[15]_i_140/CO[3]
                         net (fo=1, routed)           0.000    16.388    sol_reg[15]_i_140_n_0
    SLICE_X38Y76         CARRY4 (Prop_carry4_CI_CO[3])
                                                      0.060    16.448 r  sol_reg[15]_i_137/CO[3]
                         net (fo=1, routed)           0.000    16.448    sol_reg[15]_i_137_n_0
    SLICE_X38Y77         CARRY4 (Prop_carry4_CI_CO[1])
                                                      0.093    16.541 r  sol_reg[15]_i_136/CO[1]
                         net (fo=19, routed)          1.197    17.738    sol_reg[15]_i_136_n_2
    SLICE_X37Y73         LUT3 (Prop_lut3_I0_O)        0.153    17.891 r  sol[15]_i_155/O
                         net (fo=1, routed)           0.000    17.891    sol[15]_i_155_n_0
    SLICE_X37Y73         CARRY4 (Prop_carry4_S[3]_CO[3])
                                                      0.233    18.124 r  sol_reg[15]_i_128/CO[3]
                         net (fo=1, routed)           0.000    18.124    sol_reg[15]_i_128_n_0
    SLICE_X37Y74         CARRY4 (Prop_carry4_CI_CO[3])
                                                      0.058    18.182 r  sol_reg[15]_i_123/CO[3]
                         net (fo=1, routed)           0.008    18.190    sol_reg[15]_i_123_n_0
    SLICE_X37Y75         CARRY4 (Prop_carry4_CI_CO[3])
                                                      0.058    18.248 r  sol_reg[15]_i_118/CO[3]
                         net (fo=1, routed)           0.000    18.248    sol_reg[15]_i_118_n_0
    SLICE_X37Y76         CARRY4 (Prop_carry4_CI_CO[3])
                                                      0.058    18.306 r  sol_reg[15]_i_115/CO[3]
                         net (fo=1, routed)           0.000    18.306    sol_reg[15]_i_115_n_0
    SLICE_X37Y77         CARRY4 (Prop_carry4_CI_CO[1])
                                                      0.094    18.400 r  sol_reg[15]_i_114/CO[1]
                         net (fo=19, routed)          1.492    19.892    sol_reg[15]_i_114_n_2
    SLICE_X30Y72         LUT3 (Prop_lut3_I0_O)        0.152    20.044 r  sol[15]_i_133/O
                         net (fo=1, routed)           0.000    20.044    sol[15]_i_133_n_0
    SLICE_X30Y72         CARRY4 (Prop_carry4_S[3]_CO[3])
                                                      0.216    20.260 r  sol_reg[15]_i_106/CO[3]
                         net (fo=1, routed)           0.000    20.260    sol_reg[15]_i_106_n_0
    SLICE_X30Y73         CARRY4 (Prop_carry4_CI_CO[3])
                                                      0.060    20.320 r  sol_reg[15]_i_101/CO[3]
                         net (fo=1, routed)           0.000    20.320    sol_reg[15]_i_101_n_0
    SLICE_X30Y74         CARRY4 (Prop_carry4_CI_CO[3])
                                                      0.060    20.380 r  sol_reg[15]_i_96/CO[3]
                         net (fo=1, routed)           0.008    20.388    sol_reg[15]_i_96_n_0
    SLICE_X30Y75         CARRY4 (Prop_carry4_CI_CO[3])
                                                      0.060    20.448 r  sol_reg[15]_i_93/CO[3]
                         net (fo=1, routed)           0.000    20.448    sol_reg[15]_i_93_n_0
    SLICE_X30Y76         CARRY4 (Prop_carry4_CI_CO[1])
                                                      0.093    20.541 r  sol_reg[15]_i_92/CO[1]
                         net (fo=19, routed)          1.241    21.781    sol_reg[15]_i_92_n_2
    SLICE_X33Y71         LUT3 (Prop_lut3_I0_O)        0.153    21.934 r  sol[15]_i_113/O
                         net (fo=1, routed)           0.000    21.934    sol[15]_i_113_n_0
    SLICE_X33Y71         CARRY4 (Prop_carry4_S[1]_CO[3])
                                                      0.324    22.258 r  sol_reg[15]_i_84/CO[3]
                         net (fo=1, routed)           0.000    22.258    sol_reg[15]_i_84_n_0
    SLICE_X33Y72         CARRY4 (Prop_carry4_CI_CO[3])
                                                      0.058    22.316 r  sol_reg[15]_i_79/CO[3]
                         net (fo=1, routed)           0.000    22.316    sol_reg[15]_i_79_n_0
    SLICE_X33Y73         CARRY4 (Prop_carry4_CI_CO[3])
                                                      0.058    22.374 r  sol_reg[15]_i_74/CO[3]
                         net (fo=1, routed)           0.000    22.374    sol_reg[15]_i_74_n_0
    SLICE_X33Y74         CARRY4 (Prop_carry4_CI_CO[3])
                                                      0.058    22.432 r  sol_reg[15]_i_71/CO[3]
                         net (fo=1, routed)           0.008    22.440    sol_reg[15]_i_71_n_0
    SLICE_X33Y75         CARRY4 (Prop_carry4_CI_CO[1])
                                                      0.094    22.534 r  sol_reg[15]_i_70/CO[1]
                         net (fo=19, routed)          1.201    23.735    sol_reg[15]_i_70_n_2
    SLICE_X32Y69         LUT3 (Prop_lut3_I0_O)        0.152    23.887 r  sol[15]_i_89/O
                         net (fo=1, routed)           0.000    23.887    sol[15]_i_89_n_0
    SLICE_X32Y69         CARRY4 (Prop_carry4_S[3]_CO[3])
                                                      0.216    24.103 r  sol_reg[15]_i_65/CO[3]
                         net (fo=1, routed)           0.000    24.103    sol_reg[15]_i_65_n_0
    SLICE_X32Y70         CARRY4 (Prop_carry4_CI_CO[3])
                                                      0.060    24.163 r  sol_reg[15]_i_60/CO[3]
                         net (fo=1, routed)           0.000    24.163    sol_reg[15]_i_60_n_0
    SLICE_X32Y71         CARRY4 (Prop_carry4_CI_CO[3])
                                                      0.060    24.223 r  sol_reg[15]_i_55/CO[3]
                         net (fo=1, routed)           0.000    24.223    sol_reg[15]_i_55_n_0
    SLICE_X32Y72         CARRY4 (Prop_carry4_CI_CO[3])
                                                      0.060    24.283 r  sol_reg[15]_i_52/CO[3]
                         net (fo=1, routed)           0.000    24.283    sol_reg[15]_i_52_n_0
    SLICE_X32Y73         CARRY4 (Prop_carry4_CI_CO[1])
                                                      0.093    24.376 r  sol_reg[15]_i_51/CO[1]
                         net (fo=19, routed)          0.946    25.322    sol_reg[15]_i_51_n_2
    SLICE_X36Y70         CARRY4 (Prop_carry4_CYINIT_CO[3])
                                                      0.459    25.781 r  sol_reg[14]_i_60/CO[3]
                         net (fo=1, routed)           0.000    25.781    sol_reg[14]_i_60_n_0
    SLICE_X36Y71         CARRY4 (Prop_carry4_CI_CO[3])
                                                      0.060    25.841 r  sol_reg[15]_i_46/CO[3]
                         net (fo=1, routed)           0.000    25.841    sol_reg[15]_i_46_n_0
    SLICE_X36Y72         CARRY4 (Prop_carry4_CI_CO[3])
                                                      0.060    25.901 r  sol_reg[15]_i_41/CO[3]
                         net (fo=1, routed)           0.000    25.901    sol_reg[15]_i_41_n_0
    SLICE_X36Y73         CARRY4 (Prop_carry4_CI_CO[3])
                                                      0.060    25.961 r  sol_reg[15]_i_38/CO[3]
                         net (fo=1, routed)           0.000    25.961    sol_reg[15]_i_38_n_0
    SLICE_X36Y74         CARRY4 (Prop_carry4_CI_CO[1])
                                                      0.093    26.054 r  sol_reg[15]_i_37/CO[1]
                         net (fo=19, routed)          1.123    27.177    sol_reg[15]_i_37_n_2
    SLICE_X35Y70         LUT3 (Prop_lut3_I0_O)        0.153    27.330 r  sol[10]_i_36/O
                         net (fo=1, routed)           0.000    27.330    sol[10]_i_36_n_0
    SLICE_X35Y70         CARRY4 (Prop_carry4_S[2]_CO[3])
                                                      0.235    27.565 r  sol_reg[10]_i_25/CO[3]
                         net (fo=1, routed)           0.000    27.565    sol_reg[10]_i_25_n_0
    SLICE_X35Y71         CARRY4 (Prop_carry4_CI_CO[3])
                                                      0.058    27.623 r  sol_reg[14]_i_41/CO[3]
                         net (fo=1, routed)           0.000    27.623    sol_reg[14]_i_41_n_0
    SLICE_X35Y72         CARRY4 (Prop_carry4_CI_CO[3])
                                                      0.058    27.681 r  sol_reg[15]_i_29/CO[3]
                         net (fo=1, routed)           0.000    27.681    sol_reg[15]_i_29_n_0
    SLICE_X35Y73         CARRY4 (Prop_carry4_CI_CO[3])
                                                      0.058    27.739 r  sol_reg[15]_i_26/CO[3]
                         net (fo=1, routed)           0.000    27.739    sol_reg[15]_i_26_n_0
    SLICE_X35Y74         CARRY4 (Prop_carry4_CI_CO[1])
                                                      0.094    27.833 r  sol_reg[15]_i_25/CO[1]
                         net (fo=19, routed)          0.962    28.795    sol_reg[15]_i_25_n_2
    SLICE_X34Y70         LUT3 (Prop_lut3_I0_O)        0.152    28.947 r  sol[6]_i_31/O
                         net (fo=1, routed)           0.000    28.947    sol[6]_i_31_n_0
    SLICE_X34Y70         CARRY4 (Prop_carry4_S[1]_CO[3])
                                                      0.310    29.257 r  sol_reg[6]_i_15/CO[3]
                         net (fo=1, routed)           0.000    29.257    sol_reg[6]_i_15_n_0
    SLICE_X34Y71         CARRY4 (Prop_carry4_CI_CO[3])
                                                      0.060    29.317 r  sol_reg[10]_i_13/CO[3]
                         net (fo=1, routed)           0.000    29.317    sol_reg[10]_i_13_n_0
    SLICE_X34Y72         CARRY4 (Prop_carry4_CI_CO[3])
                                                      0.060    29.377 r  sol_reg[14]_i_16/CO[3]
                         net (fo=1, routed)           0.000    29.377    sol_reg[14]_i_16_n_0
    SLICE_X34Y73         CARRY4 (Prop_carry4_CI_CO[3])
                                                      0.060    29.437 r  sol_reg[15]_i_14/CO[3]
                         net (fo=1, routed)           0.000    29.437    sol_reg[15]_i_14_n_0
    SLICE_X34Y74         CARRY4 (Prop_carry4_CI_CO[1])
                                                      0.093    29.530 r  sol_reg[15]_i_13/CO[1]
                         net (fo=19, routed)          1.053    30.583    sol_reg[15]_i_13_n_2
    SLICE_X32Y64         LUT3 (Prop_lut3_I0_O)        0.153    30.736 r  sol[6]_i_28/O
                         net (fo=1, routed)           0.000    30.736    sol[6]_i_28_n_0
    SLICE_X32Y64         CARRY4 (Prop_carry4_S[1]_O[2])
                                                      0.340    31.076 f  sol_reg[6]_i_14/O[2]
                         net (fo=3, routed)           0.585    31.661    sol_reg[6]_i_14_n_5
    SLICE_X34Y64         LUT4 (Prop_lut4_I1_O)        0.152    31.813 r  sol[4]_i_11/O
                         net (fo=3, routed)           0.540    32.353    sol[4]_i_11_n_0
    SLICE_X33Y64         LUT5 (Prop_lut5_I0_O)        0.053    32.406 f  sol[4]_i_6/O
                         net (fo=8, routed)           0.594    32.999    sol[4]_i_6_n_0
    SLICE_X32Y62         LUT5 (Prop_lut5_I4_O)        0.053    33.052 r  sol[6]_i_7/O
                         net (fo=1, routed)           0.551    33.604    sol[6]_i_7_n_0
    SLICE_X33Y61         LUT6 (Prop_lut6_I0_O)        0.053    33.657 f  sol[6]_i_4/O
                         net (fo=1, routed)           0.743    34.400    sol[6]_i_4_n_0
    SLICE_X41Y60         LUT6 (Prop_lut6_I3_O)        0.053    34.453 r  sol[6]_i_1/O
                         net (fo=1, routed)           0.000    34.453    sol[6]_i_1_n_0
    SLICE_X41Y60         FDRE                                         r  sol_reg[6]/D
  -------------------------------------------------------------------    -------------------

Slack:                    inf
  Source:                 B[7]
                            (input port)
  Destination:            sol_reg[7]/D
  Path Group:             (none)
  Path Type:              Max at Slow Process Corner
  Data Path Delay:        34.450ns  (logic 11.937ns (34.650%)  route 22.513ns (65.351%))
  Logic Levels:           94  (CARRY4=73 IBUF=1 LUT1=1 LUT3=14 LUT4=1 LUT5=1 LUT6=3)

    Location             Delay type                Incr(ns)  Path(ns)    Netlist Resource(s)
  -------------------------------------------------------------------    -------------------
    AE29                                              0.000     0.000 f  B[7] (IN)
                         net (fo=0)                   0.000     0.000    B[7]
    AE29                 IBUF (Prop_ibuf_I_O)         0.714     0.714 f  B_IBUF[7]_inst/O
                         net (fo=44, routed)          2.434     3.148    B_IBUF[7]
    SLICE_X45Y81         LUT1 (Prop_lut1_I0_O)        0.053     3.201 r  sol[15]_i_332/O
                         net (fo=1, routed)           0.000     3.201    sol[15]_i_332_n_0
    SLICE_X45Y81         CARRY4 (Prop_carry4_S[3]_CO[3])
                                                      0.233     3.434 r  sol_reg[15]_i_299/CO[3]
                         net (fo=1, routed)           0.000     3.434    sol_reg[15]_i_299_n_0
    SLICE_X45Y82         CARRY4 (Prop_carry4_CI_CO[3])
                                                      0.058     3.492 r  sol_reg[15]_i_294/CO[3]
                         net (fo=1, routed)           0.000     3.492    sol_reg[15]_i_294_n_0
    SLICE_X45Y83         CARRY4 (Prop_carry4_CI_CO[3])
                                                      0.058     3.550 r  sol_reg[15]_i_291/CO[3]
                         net (fo=1, routed)           0.000     3.550    sol_reg[15]_i_291_n_0
    SLICE_X45Y84         CARRY4 (Prop_carry4_CI_CO[0])
                                                      0.179     3.729 r  sol_reg[15]_i_290/CO[0]
                         net (fo=19, routed)          1.186     4.916    sol_reg[15]_i_290_n_3
    SLICE_X44Y79         LUT3 (Prop_lut3_I0_O)        0.157     5.073 r  sol[15]_i_311/O
                         net (fo=1, routed)           0.000     5.073    sol[15]_i_311_n_0
    SLICE_X44Y79         CARRY4 (Prop_carry4_S[1]_CO[3])
                                                      0.324     5.397 r  sol_reg[15]_i_282/CO[3]
                         net (fo=1, routed)           0.000     5.397    sol_reg[15]_i_282_n_0
    SLICE_X44Y80         CARRY4 (Prop_carry4_CI_CO[3])
                                                      0.058     5.455 r  sol_reg[15]_i_277/CO[3]
                         net (fo=1, routed)           0.000     5.455    sol_reg[15]_i_277_n_0
    SLICE_X44Y81         CARRY4 (Prop_carry4_CI_CO[3])
                                                      0.058     5.513 r  sol_reg[15]_i_272/CO[3]
                         net (fo=1, routed)           0.000     5.513    sol_reg[15]_i_272_n_0
    SLICE_X44Y82         CARRY4 (Prop_carry4_CI_CO[3])
                                                      0.058     5.571 r  sol_reg[15]_i_269/CO[3]
                         net (fo=1, routed)           0.000     5.571    sol_reg[15]_i_269_n_0
    SLICE_X44Y83         CARRY4 (Prop_carry4_CI_CO[1])
                                                      0.094     5.665 r  sol_reg[15]_i_268/CO[1]
                         net (fo=19, routed)          1.453     7.117    sol_reg[15]_i_268_n_2
    SLICE_X42Y77         LUT3 (Prop_lut3_I0_O)        0.152     7.269 r  sol[15]_i_288/O
                         net (fo=1, routed)           0.000     7.269    sol[15]_i_288_n_0
    SLICE_X42Y77         CARRY4 (Prop_carry4_S[2]_CO[3])
                                                      0.219     7.488 r  sol_reg[15]_i_260/CO[3]
                         net (fo=1, routed)           0.000     7.488    sol_reg[15]_i_260_n_0
    SLICE_X42Y78         CARRY4 (Prop_carry4_CI_CO[3])
                                                      0.060     7.548 r  sol_reg[15]_i_255/CO[3]
                         net (fo=1, routed)           0.000     7.548    sol_reg[15]_i_255_n_0
    SLICE_X42Y79         CARRY4 (Prop_carry4_CI_CO[3])
                                                      0.060     7.608 r  sol_reg[15]_i_250/CO[3]
                         net (fo=1, routed)           0.000     7.608    sol_reg[15]_i_250_n_0
    SLICE_X42Y80         CARRY4 (Prop_carry4_CI_CO[3])
                                                      0.060     7.668 r  sol_reg[15]_i_247/CO[3]
                         net (fo=1, routed)           0.000     7.668    sol_reg[15]_i_247_n_0
    SLICE_X42Y81         CARRY4 (Prop_carry4_CI_CO[1])
                                                      0.093     7.761 r  sol_reg[15]_i_246/CO[1]
                         net (fo=19, routed)          1.185     8.947    sol_reg[15]_i_246_n_2
    SLICE_X43Y76         LUT3 (Prop_lut3_I0_O)        0.153     9.100 r  sol[15]_i_267/O
                         net (fo=1, routed)           0.000     9.100    sol[15]_i_267_n_0
    SLICE_X43Y76         CARRY4 (Prop_carry4_S[1]_CO[3])
                                                      0.324     9.424 r  sol_reg[15]_i_238/CO[3]
                         net (fo=1, routed)           0.000     9.424    sol_reg[15]_i_238_n_0
    SLICE_X43Y77         CARRY4 (Prop_carry4_CI_CO[3])
                                                      0.058     9.482 r  sol_reg[15]_i_233/CO[3]
                         net (fo=1, routed)           0.000     9.482    sol_reg[15]_i_233_n_0
    SLICE_X43Y78         CARRY4 (Prop_carry4_CI_CO[3])
                                                      0.058     9.540 r  sol_reg[15]_i_228/CO[3]
                         net (fo=1, routed)           0.000     9.540    sol_reg[15]_i_228_n_0
    SLICE_X43Y79         CARRY4 (Prop_carry4_CI_CO[3])
                                                      0.058     9.598 r  sol_reg[15]_i_225/CO[3]
                         net (fo=1, routed)           0.000     9.598    sol_reg[15]_i_225_n_0
    SLICE_X43Y80         CARRY4 (Prop_carry4_CI_CO[1])
                                                      0.094     9.692 r  sol_reg[15]_i_224/CO[1]
                         net (fo=19, routed)          0.979    10.671    sol_reg[15]_i_224_n_2
    SLICE_X41Y76         LUT3 (Prop_lut3_I0_O)        0.152    10.823 r  sol[15]_i_241/O
                         net (fo=1, routed)           0.000    10.823    sol[15]_i_241_n_0
    SLICE_X41Y76         CARRY4 (Prop_carry4_S[1]_CO[3])
                                                      0.324    11.147 r  sol_reg[15]_i_211/CO[3]
                         net (fo=1, routed)           0.000    11.147    sol_reg[15]_i_211_n_0
    SLICE_X41Y77         CARRY4 (Prop_carry4_CI_CO[3])
                                                      0.058    11.205 r  sol_reg[15]_i_206/CO[3]
                         net (fo=1, routed)           0.000    11.205    sol_reg[15]_i_206_n_0
    SLICE_X41Y78         CARRY4 (Prop_carry4_CI_CO[3])
                                                      0.058    11.263 r  sol_reg[15]_i_203/CO[3]
                         net (fo=1, routed)           0.000    11.263    sol_reg[15]_i_203_n_0
    SLICE_X41Y79         CARRY4 (Prop_carry4_CI_CO[1])
                                                      0.094    11.357 r  sol_reg[15]_i_202/CO[1]
                         net (fo=19, routed)          0.879    12.236    sol_reg[15]_i_202_n_2
    SLICE_X40Y74         LUT3 (Prop_lut3_I0_O)        0.152    12.388 r  sol[15]_i_223/O
                         net (fo=1, routed)           0.000    12.388    sol[15]_i_223_n_0
    SLICE_X40Y74         CARRY4 (Prop_carry4_S[1]_CO[3])
                                                      0.310    12.698 r  sol_reg[15]_i_194/CO[3]
                         net (fo=1, routed)           0.008    12.706    sol_reg[15]_i_194_n_0
    SLICE_X40Y75         CARRY4 (Prop_carry4_CI_CO[3])
                                                      0.060    12.766 r  sol_reg[15]_i_189/CO[3]
                         net (fo=1, routed)           0.000    12.766    sol_reg[15]_i_189_n_0
    SLICE_X40Y76         CARRY4 (Prop_carry4_CI_CO[3])
                                                      0.060    12.826 r  sol_reg[15]_i_184/CO[3]
                         net (fo=1, routed)           0.000    12.826    sol_reg[15]_i_184_n_0
    SLICE_X40Y77         CARRY4 (Prop_carry4_CI_CO[3])
                                                      0.060    12.886 r  sol_reg[15]_i_181/CO[3]
                         net (fo=1, routed)           0.000    12.886    sol_reg[15]_i_181_n_0
    SLICE_X40Y78         CARRY4 (Prop_carry4_CI_CO[1])
                                                      0.093    12.979 r  sol_reg[15]_i_180/CO[1]
                         net (fo=19, routed)          1.177    14.156    sol_reg[15]_i_180_n_2
    SLICE_X39Y75         LUT3 (Prop_lut3_I0_O)        0.153    14.309 r  sol[15]_i_197/O
                         net (fo=1, routed)           0.000    14.309    sol[15]_i_197_n_0
    SLICE_X39Y75         CARRY4 (Prop_carry4_S[1]_CO[3])
                                                      0.324    14.633 r  sol_reg[15]_i_167/CO[3]
                         net (fo=1, routed)           0.000    14.633    sol_reg[15]_i_167_n_0
    SLICE_X39Y76         CARRY4 (Prop_carry4_CI_CO[3])
                                                      0.058    14.691 r  sol_reg[15]_i_162/CO[3]
                         net (fo=1, routed)           0.000    14.691    sol_reg[15]_i_162_n_0
    SLICE_X39Y77         CARRY4 (Prop_carry4_CI_CO[3])
                                                      0.058    14.749 r  sol_reg[15]_i_159/CO[3]
                         net (fo=1, routed)           0.000    14.749    sol_reg[15]_i_159_n_0
    SLICE_X39Y78         CARRY4 (Prop_carry4_CI_CO[1])
                                                      0.094    14.843 r  sol_reg[15]_i_158/CO[1]
                         net (fo=19, routed)          0.955    15.798    sol_reg[15]_i_158_n_2
    SLICE_X38Y73         LUT3 (Prop_lut3_I0_O)        0.152    15.950 r  sol[15]_i_179/O
                         net (fo=1, routed)           0.000    15.950    sol[15]_i_179_n_0
    SLICE_X38Y73         CARRY4 (Prop_carry4_S[1]_CO[3])
                                                      0.310    16.260 r  sol_reg[15]_i_150/CO[3]
                         net (fo=1, routed)           0.000    16.260    sol_reg[15]_i_150_n_0
    SLICE_X38Y74         CARRY4 (Prop_carry4_CI_CO[3])
                                                      0.060    16.320 r  sol_reg[15]_i_145/CO[3]
                         net (fo=1, routed)           0.008    16.328    sol_reg[15]_i_145_n_0
    SLICE_X38Y75         CARRY4 (Prop_carry4_CI_CO[3])
                                                      0.060    16.388 r  sol_reg[15]_i_140/CO[3]
                         net (fo=1, routed)           0.000    16.388    sol_reg[15]_i_140_n_0
    SLICE_X38Y76         CARRY4 (Prop_carry4_CI_CO[3])
                                                      0.060    16.448 r  sol_reg[15]_i_137/CO[3]
                         net (fo=1, routed)           0.000    16.448    sol_reg[15]_i_137_n_0
    SLICE_X38Y77         CARRY4 (Prop_carry4_CI_CO[1])
                                                      0.093    16.541 r  sol_reg[15]_i_136/CO[1]
                         net (fo=19, routed)          1.197    17.738    sol_reg[15]_i_136_n_2
    SLICE_X37Y73         LUT3 (Prop_lut3_I0_O)        0.153    17.891 r  sol[15]_i_155/O
                         net (fo=1, routed)           0.000    17.891    sol[15]_i_155_n_0
    SLICE_X37Y73         CARRY4 (Prop_carry4_S[3]_CO[3])
                                                      0.233    18.124 r  sol_reg[15]_i_128/CO[3]
                         net (fo=1, routed)           0.000    18.124    sol_reg[15]_i_128_n_0
    SLICE_X37Y74         CARRY4 (Prop_carry4_CI_CO[3])
                                                      0.058    18.182 r  sol_reg[15]_i_123/CO[3]
                         net (fo=1, routed)           0.008    18.190    sol_reg[15]_i_123_n_0
    SLICE_X37Y75         CARRY4 (Prop_carry4_CI_CO[3])
                                                      0.058    18.248 r  sol_reg[15]_i_118/CO[3]
                         net (fo=1, routed)           0.000    18.248    sol_reg[15]_i_118_n_0
    SLICE_X37Y76         CARRY4 (Prop_carry4_CI_CO[3])
                                                      0.058    18.306 r  sol_reg[15]_i_115/CO[3]
                         net (fo=1, routed)           0.000    18.306    sol_reg[15]_i_115_n_0
    SLICE_X37Y77         CARRY4 (Prop_carry4_CI_CO[1])
                                                      0.094    18.400 r  sol_reg[15]_i_114/CO[1]
                         net (fo=19, routed)          1.492    19.892    sol_reg[15]_i_114_n_2
    SLICE_X30Y72         LUT3 (Prop_lut3_I0_O)        0.152    20.044 r  sol[15]_i_133/O
                         net (fo=1, routed)           0.000    20.044    sol[15]_i_133_n_0
    SLICE_X30Y72         CARRY4 (Prop_carry4_S[3]_CO[3])
                                                      0.216    20.260 r  sol_reg[15]_i_106/CO[3]
                         net (fo=1, routed)           0.000    20.260    sol_reg[15]_i_106_n_0
    SLICE_X30Y73         CARRY4 (Prop_carry4_CI_CO[3])
                                                      0.060    20.320 r  sol_reg[15]_i_101/CO[3]
                         net (fo=1, routed)           0.000    20.320    sol_reg[15]_i_101_n_0
    SLICE_X30Y74         CARRY4 (Prop_carry4_CI_CO[3])
                                                      0.060    20.380 r  sol_reg[15]_i_96/CO[3]
                         net (fo=1, routed)           0.008    20.388    sol_reg[15]_i_96_n_0
    SLICE_X30Y75         CARRY4 (Prop_carry4_CI_CO[3])
                                                      0.060    20.448 r  sol_reg[15]_i_93/CO[3]
                         net (fo=1, routed)           0.000    20.448    sol_reg[15]_i_93_n_0
    SLICE_X30Y76         CARRY4 (Prop_carry4_CI_CO[1])
                                                      0.093    20.541 r  sol_reg[15]_i_92/CO[1]
                         net (fo=19, routed)          1.241    21.781    sol_reg[15]_i_92_n_2
    SLICE_X33Y71         LUT3 (Prop_lut3_I0_O)        0.153    21.934 r  sol[15]_i_113/O
                         net (fo=1, routed)           0.000    21.934    sol[15]_i_113_n_0
    SLICE_X33Y71         CARRY4 (Prop_carry4_S[1]_CO[3])
                                                      0.324    22.258 r  sol_reg[15]_i_84/CO[3]
                         net (fo=1, routed)           0.000    22.258    sol_reg[15]_i_84_n_0
    SLICE_X33Y72         CARRY4 (Prop_carry4_CI_CO[3])
                                                      0.058    22.316 r  sol_reg[15]_i_79/CO[3]
                         net (fo=1, routed)           0.000    22.316    sol_reg[15]_i_79_n_0
    SLICE_X33Y73         CARRY4 (Prop_carry4_CI_CO[3])
                                                      0.058    22.374 r  sol_reg[15]_i_74/CO[3]
                         net (fo=1, routed)           0.000    22.374    sol_reg[15]_i_74_n_0
    SLICE_X33Y74         CARRY4 (Prop_carry4_CI_CO[3])
                                                      0.058    22.432 r  sol_reg[15]_i_71/CO[3]
                         net (fo=1, routed)           0.008    22.440    sol_reg[15]_i_71_n_0
    SLICE_X33Y75         CARRY4 (Prop_carry4_CI_CO[1])
                                                      0.094    22.534 r  sol_reg[15]_i_70/CO[1]
                         net (fo=19, routed)          1.201    23.735    sol_reg[15]_i_70_n_2
    SLICE_X32Y69         LUT3 (Prop_lut3_I0_O)        0.152    23.887 r  sol[15]_i_89/O
                         net (fo=1, routed)           0.000    23.887    sol[15]_i_89_n_0
    SLICE_X32Y69         CARRY4 (Prop_carry4_S[3]_CO[3])
                                                      0.216    24.103 r  sol_reg[15]_i_65/CO[3]
                         net (fo=1, routed)           0.000    24.103    sol_reg[15]_i_65_n_0
    SLICE_X32Y70         CARRY4 (Prop_carry4_CI_CO[3])
                                                      0.060    24.163 r  sol_reg[15]_i_60/CO[3]
                         net (fo=1, routed)           0.000    24.163    sol_reg[15]_i_60_n_0
    SLICE_X32Y71         CARRY4 (Prop_carry4_CI_CO[3])
                                                      0.060    24.223 r  sol_reg[15]_i_55/CO[3]
                         net (fo=1, routed)           0.000    24.223    sol_reg[15]_i_55_n_0
    SLICE_X32Y72         CARRY4 (Prop_carry4_CI_CO[3])
                                                      0.060    24.283 r  sol_reg[15]_i_52/CO[3]
                         net (fo=1, routed)           0.000    24.283    sol_reg[15]_i_52_n_0
    SLICE_X32Y73         CARRY4 (Prop_carry4_CI_CO[1])
                                                      0.093    24.376 r  sol_reg[15]_i_51/CO[1]
                         net (fo=19, routed)          0.946    25.322    sol_reg[15]_i_51_n_2
    SLICE_X36Y70         CARRY4 (Prop_carry4_CYINIT_CO[3])
                                                      0.459    25.781 r  sol_reg[14]_i_60/CO[3]
                         net (fo=1, routed)           0.000    25.781    sol_reg[14]_i_60_n_0
    SLICE_X36Y71         CARRY4 (Prop_carry4_CI_CO[3])
                                                      0.060    25.841 r  sol_reg[15]_i_46/CO[3]
                         net (fo=1, routed)           0.000    25.841    sol_reg[15]_i_46_n_0
    SLICE_X36Y72         CARRY4 (Prop_carry4_CI_CO[3])
                                                      0.060    25.901 r  sol_reg[15]_i_41/CO[3]
                         net (fo=1, routed)           0.000    25.901    sol_reg[15]_i_41_n_0
    SLICE_X36Y73         CARRY4 (Prop_carry4_CI_CO[3])
                                                      0.060    25.961 r  sol_reg[15]_i_38/CO[3]
                         net (fo=1, routed)           0.000    25.961    sol_reg[15]_i_38_n_0
    SLICE_X36Y74         CARRY4 (Prop_carry4_CI_CO[1])
                                                      0.093    26.054 r  sol_reg[15]_i_37/CO[1]
                         net (fo=19, routed)          1.123    27.177    sol_reg[15]_i_37_n_2
    SLICE_X35Y70         LUT3 (Prop_lut3_I0_O)        0.153    27.330 r  sol[10]_i_36/O
                         net (fo=1, routed)           0.000    27.330    sol[10]_i_36_n_0
    SLICE_X35Y70         CARRY4 (Prop_carry4_S[2]_CO[3])
                                                      0.235    27.565 r  sol_reg[10]_i_25/CO[3]
                         net (fo=1, routed)           0.000    27.565    sol_reg[10]_i_25_n_0
    SLICE_X35Y71         CARRY4 (Prop_carry4_CI_CO[3])
                                                      0.058    27.623 r  sol_reg[14]_i_41/CO[3]
                         net (fo=1, routed)           0.000    27.623    sol_reg[14]_i_41_n_0
    SLICE_X35Y72         CARRY4 (Prop_carry4_CI_CO[3])
                                                      0.058    27.681 r  sol_reg[15]_i_29/CO[3]
                         net (fo=1, routed)           0.000    27.681    sol_reg[15]_i_29_n_0
    SLICE_X35Y73         CARRY4 (Prop_carry4_CI_CO[3])
                                                      0.058    27.739 r  sol_reg[15]_i_26/CO[3]
                         net (fo=1, routed)           0.000    27.739    sol_reg[15]_i_26_n_0
    SLICE_X35Y74         CARRY4 (Prop_carry4_CI_CO[1])
                                                      0.094    27.833 r  sol_reg[15]_i_25/CO[1]
                         net (fo=19, routed)          0.962    28.795    sol_reg[15]_i_25_n_2
    SLICE_X34Y70         LUT3 (Prop_lut3_I0_O)        0.152    28.947 r  sol[6]_i_31/O
                         net (fo=1, routed)           0.000    28.947    sol[6]_i_31_n_0
    SLICE_X34Y70         CARRY4 (Prop_carry4_S[1]_CO[3])
                                                      0.310    29.257 r  sol_reg[6]_i_15/CO[3]
                         net (fo=1, routed)           0.000    29.257    sol_reg[6]_i_15_n_0
    SLICE_X34Y71         CARRY4 (Prop_carry4_CI_CO[3])
                                                      0.060    29.317 r  sol_reg[10]_i_13/CO[3]
                         net (fo=1, routed)           0.000    29.317    sol_reg[10]_i_13_n_0
    SLICE_X34Y72         CARRY4 (Prop_carry4_CI_CO[3])
                                                      0.060    29.377 r  sol_reg[14]_i_16/CO[3]
                         net (fo=1, routed)           0.000    29.377    sol_reg[14]_i_16_n_0
    SLICE_X34Y73         CARRY4 (Prop_carry4_CI_CO[3])
                                                      0.060    29.437 r  sol_reg[15]_i_14/CO[3]
                         net (fo=1, routed)           0.000    29.437    sol_reg[15]_i_14_n_0
    SLICE_X34Y74         CARRY4 (Prop_carry4_CI_CO[1])
                                                      0.093    29.530 r  sol_reg[15]_i_13/CO[1]
                         net (fo=19, routed)          1.053    30.583    sol_reg[15]_i_13_n_2
    SLICE_X32Y64         LUT3 (Prop_lut3_I0_O)        0.153    30.736 r  sol[6]_i_28/O
                         net (fo=1, routed)           0.000    30.736    sol[6]_i_28_n_0
    SLICE_X32Y64         CARRY4 (Prop_carry4_S[1]_O[2])
                                                      0.340    31.076 r  sol_reg[6]_i_14/O[2]
                         net (fo=3, routed)           0.585    31.661    sol_reg[6]_i_14_n_5
    SLICE_X34Y64         LUT4 (Prop_lut4_I1_O)        0.152    31.813 f  sol[4]_i_11/O
                         net (fo=3, routed)           0.540    32.353    sol[4]_i_11_n_0
    SLICE_X33Y64         LUT5 (Prop_lut5_I0_O)        0.053    32.406 r  sol[4]_i_6/O
                         net (fo=8, routed)           0.712    33.118    sol[4]_i_6_n_0
    SLICE_X33Y61         LUT6 (Prop_lut6_I1_O)        0.053    33.171 r  sol[7]_i_7/O
                         net (fo=1, routed)           0.552    33.723    sol[7]_i_7_n_0
    SLICE_X33Y62         LUT6 (Prop_lut6_I0_O)        0.053    33.776 f  sol[7]_i_4/O
                         net (fo=1, routed)           0.621    34.397    sol[7]_i_4_n_0
    SLICE_X40Y60         LUT6 (Prop_lut6_I3_O)        0.053    34.450 r  sol[7]_i_1/O
                         net (fo=1, routed)           0.000    34.450    sol[7]_i_1_n_0
    SLICE_X40Y60         FDRE                                         r  sol_reg[7]/D
  -------------------------------------------------------------------    -------------------





Min Delay Paths
--------------------------------------------------------------------------------------
Slack:                    inf
  Source:                 reset
                            (input port)
  Destination:            sol_reg[4]/R
  Path Group:             (none)
  Path Type:              Min at Fast Process Corner
  Data Path Delay:        0.758ns  (logic 0.136ns (17.933%)  route 0.622ns (82.067%))
  Logic Levels:           1  (IBUF=1)

    Location             Delay type                Incr(ns)  Path(ns)    Netlist Resource(s)
  -------------------------------------------------------------------    -------------------
    AP26                                              0.000     0.000 r  reset (IN)
                         net (fo=0)                   0.000     0.000    reset
    AP26                 IBUF (Prop_ibuf_I_O)         0.136     0.136 r  reset_IBUF_inst/O
                         net (fo=32, routed)          0.622     0.758    reset_IBUF
    SLICE_X41Y58         FDRE                                         r  sol_reg[4]/R
  -------------------------------------------------------------------    -------------------

Slack:                    inf
  Source:                 reset
                            (input port)
  Destination:            sol_reg[3]/R
  Path Group:             (none)
  Path Type:              Min at Fast Process Corner
  Data Path Delay:        0.819ns  (logic 0.136ns (16.595%)  route 0.683ns (83.405%))
  Logic Levels:           1  (IBUF=1)

    Location             Delay type                Incr(ns)  Path(ns)    Netlist Resource(s)
  -------------------------------------------------------------------    -------------------
    AP26                                              0.000     0.000 r  reset (IN)
                         net (fo=0)                   0.000     0.000    reset
    AP26                 IBUF (Prop_ibuf_I_O)         0.136     0.136 r  reset_IBUF_inst/O
                         net (fo=32, routed)          0.683     0.819    reset_IBUF
    SLICE_X41Y59         FDRE                                         r  sol_reg[3]/R
  -------------------------------------------------------------------    -------------------

Slack:                    inf
  Source:                 reset
                            (input port)
  Destination:            sol_reg[5]/R
  Path Group:             (none)
  Path Type:              Min at Fast Process Corner
  Data Path Delay:        0.819ns  (logic 0.136ns (16.595%)  route 0.683ns (83.405%))
  Logic Levels:           1  (IBUF=1)

    Location             Delay type                Incr(ns)  Path(ns)    Netlist Resource(s)
  -------------------------------------------------------------------    -------------------
    AP26                                              0.000     0.000 r  reset (IN)
                         net (fo=0)                   0.000     0.000    reset
    AP26                 IBUF (Prop_ibuf_I_O)         0.136     0.136 r  reset_IBUF_inst/O
                         net (fo=32, routed)          0.683     0.819    reset_IBUF
    SLICE_X41Y59         FDRE                                         r  sol_reg[5]/R
  -------------------------------------------------------------------    -------------------

Slack:                    inf
  Source:                 op[1]
                            (input port)
  Destination:            sol_reg[4]/D
  Path Group:             (none)
  Path Type:              Min at Fast Process Corner
  Data Path Delay:        0.850ns  (logic 0.161ns (18.977%)  route 0.689ns (81.023%))
  Logic Levels:           2  (IBUF=1 LUT5=1)

    Location             Delay type                Incr(ns)  Path(ns)    Netlist Resource(s)
  -------------------------------------------------------------------    -------------------
    AP27                                              0.000     0.000 r  op[1] (IN)
                         net (fo=0)                   0.000     0.000    op[1]
    AP27                 IBUF (Prop_ibuf_I_O)         0.133     0.133 r  op_IBUF[1]_inst/O
                         net (fo=52, routed)          0.689     0.822    op_IBUF[1]
    SLICE_X41Y58         LUT5 (Prop_lut5_I1_O)        0.028     0.850 r  sol[4]_i_1/O
                         net (fo=1, routed)           0.000     0.850    sol[4]_i_1_n_0
    SLICE_X41Y58         FDRE                                         r  sol_reg[4]/D
  -------------------------------------------------------------------    -------------------

Slack:                    inf
  Source:                 op[2]
                            (input port)
  Destination:            sol_reg[2]/D
  Path Group:             (none)
  Path Type:              Min at Fast Process Corner
  Data Path Delay:        0.893ns  (logic 0.215ns (24.064%)  route 0.678ns (75.936%))
  Logic Levels:           2  (IBUF=1 MUXF7=1)

    Location             Delay type                Incr(ns)  Path(ns)    Netlist Resource(s)
  -------------------------------------------------------------------    -------------------
    AN27                                              0.000     0.000 r  op[2] (IN)
                         net (fo=0)                   0.000     0.000    op[2]
    AN27                 IBUF (Prop_ibuf_I_O)         0.140     0.140 r  op_IBUF[2]_inst/O
                         net (fo=36, routed)          0.678     0.818    op_IBUF[2]
    SLICE_X38Y58         MUXF7 (Prop_muxf7_S_O)       0.075     0.893 r  sol_reg[2]_i_1/O
                         net (fo=1, routed)           0.000     0.893    sol_reg[2]_i_1_n_0
    SLICE_X38Y58         FDRE                                         r  sol_reg[2]/D
  -------------------------------------------------------------------    -------------------

Slack:                    inf
  Source:                 op[2]
                            (input port)
  Destination:            sol_reg[5]/D
  Path Group:             (none)
  Path Type:              Min at Fast Process Corner
  Data Path Delay:        0.906ns  (logic 0.168ns (18.527%)  route 0.738ns (81.473%))
  Logic Levels:           2  (IBUF=1 LUT5=1)

    Location             Delay type                Incr(ns)  Path(ns)    Netlist Resource(s)
  -------------------------------------------------------------------    -------------------
    AN27                                              0.000     0.000 r  op[2] (IN)
                         net (fo=0)                   0.000     0.000    op[2]
    AN27                 IBUF (Prop_ibuf_I_O)         0.140     0.140 r  op_IBUF[2]_inst/O
                         net (fo=36, routed)          0.738     0.878    op_IBUF[2]
    SLICE_X41Y59         LUT5 (Prop_lut5_I3_O)        0.028     0.906 r  sol[5]_i_1/O
                         net (fo=1, routed)           0.000     0.906    sol[5]_i_1_n_0
    SLICE_X41Y59         FDRE                                         r  sol_reg[5]/D
  -------------------------------------------------------------------    -------------------

Slack:                    inf
  Source:                 op[2]
                            (input port)
  Destination:            sol_reg[3]/D
  Path Group:             (none)
  Path Type:              Min at Fast Process Corner
  Data Path Delay:        0.916ns  (logic 0.168ns (18.331%)  route 0.748ns (81.669%))
  Logic Levels:           2  (IBUF=1 LUT5=1)

    Location             Delay type                Incr(ns)  Path(ns)    Netlist Resource(s)
  -------------------------------------------------------------------    -------------------
    AN27                                              0.000     0.000 r  op[2] (IN)
                         net (fo=0)                   0.000     0.000    op[2]
    AN27                 IBUF (Prop_ibuf_I_O)         0.140     0.140 r  op_IBUF[2]_inst/O
                         net (fo=36, routed)          0.748     0.888    op_IBUF[2]
    SLICE_X41Y59         LUT5 (Prop_lut5_I3_O)        0.028     0.916 r  sol[3]_i_1/O
                         net (fo=1, routed)           0.000     0.916    sol[3]_i_1_n_0
    SLICE_X41Y59         FDRE                                         r  sol_reg[3]/D
  -------------------------------------------------------------------    -------------------

Slack:                    inf
  Source:                 op[2]
                            (input port)
  Destination:            sol_reg[6]/D
  Path Group:             (none)
  Path Type:              Min at Fast Process Corner
  Data Path Delay:        0.921ns  (logic 0.168ns (18.236%)  route 0.753ns (81.764%))
  Logic Levels:           2  (IBUF=1 LUT6=1)

    Location             Delay type                Incr(ns)  Path(ns)    Netlist Resource(s)
  -------------------------------------------------------------------    -------------------
    AN27                                              0.000     0.000 r  op[2] (IN)
                         net (fo=0)                   0.000     0.000    op[2]
    AN27                 IBUF (Prop_ibuf_I_O)         0.140     0.140 r  op_IBUF[2]_inst/O
                         net (fo=36, routed)          0.753     0.893    op_IBUF[2]
    SLICE_X41Y60         LUT6 (Prop_lut6_I4_O)        0.028     0.921 r  sol[6]_i_1/O
                         net (fo=1, routed)           0.000     0.921    sol[6]_i_1_n_0
    SLICE_X41Y60         FDRE                                         r  sol_reg[6]/D
  -------------------------------------------------------------------    -------------------

Slack:                    inf
  Source:                 op[2]
                            (input port)
  Destination:            sol_reg[7]/D
  Path Group:             (none)
  Path Type:              Min at Fast Process Corner
  Data Path Delay:        0.926ns  (logic 0.168ns (18.138%)  route 0.758ns (81.862%))
  Logic Levels:           2  (IBUF=1 LUT6=1)

    Location             Delay type                Incr(ns)  Path(ns)    Netlist Resource(s)
  -------------------------------------------------------------------    -------------------
    AN27                                              0.000     0.000 r  op[2] (IN)
                         net (fo=0)                   0.000     0.000    op[2]
    AN27                 IBUF (Prop_ibuf_I_O)         0.140     0.140 r  op_IBUF[2]_inst/O
                         net (fo=36, routed)          0.758     0.898    op_IBUF[2]
    SLICE_X40Y60         LUT6 (Prop_lut6_I4_O)        0.028     0.926 r  sol[7]_i_1/O
                         net (fo=1, routed)           0.000     0.926    sol[7]_i_1_n_0
    SLICE_X40Y60         FDRE                                         r  sol_reg[7]/D
  -------------------------------------------------------------------    -------------------

Slack:                    inf
  Source:                 reset
                            (input port)
  Destination:            sol_reg[1]/R
  Path Group:             (none)
  Path Type:              Min at Fast Process Corner
  Data Path Delay:        0.928ns  (logic 0.136ns (14.658%)  route 0.792ns (85.342%))
  Logic Levels:           1  (IBUF=1)

    Location             Delay type                Incr(ns)  Path(ns)    Netlist Resource(s)
  -------------------------------------------------------------------    -------------------
    AP26                                              0.000     0.000 r  reset (IN)
                         net (fo=0)                   0.000     0.000    reset
    AP26                 IBUF (Prop_ibuf_I_O)         0.136     0.136 r  reset_IBUF_inst/O
                         net (fo=32, routed)          0.792     0.928    reset_IBUF
    SLICE_X39Y59         FDRE                                         r  sol_reg[1]/R
  -------------------------------------------------------------------    -------------------





