Copyright 1986-2022 Xilinx, Inc. All Rights Reserved. Copyright 2022-2024 Advanced Micro Devices, Inc. All Rights Reserved.
--------------------------------------------------------------------------------------------------------------------------------------------------------------------------------------------------------------------------------------------------
| Tool Version      : Vivado v.2024.1 (win64) Build 5076996 Wed May 22 18:37:14 MDT 2024
| Date              : Wed Jun 25 22:11:38 2025
| Host              : Soroush running 64-bit major release  (build 9200)
| Command           : report_timing_summary -max_paths 10 -report_unconstrained -file design_1_wrapper_timing_summary_routed.rpt -pb design_1_wrapper_timing_summary_routed.pb -rpx design_1_wrapper_timing_summary_routed.rpx -warn_on_violation
| Design            : design_1_wrapper
| Device            : xczu9eg-ffvb1156
| Speed File        : -2  PRODUCTION 1.30 05-15-2022
| Design State      : Routed
| Temperature Grade : E
--------------------------------------------------------------------------------------------------------------------------------------------------------------------------------------------------------------------------------------------------

Timing Summary Report

------------------------------------------------------------------------------------------------
| Timer Settings
| --------------
------------------------------------------------------------------------------------------------

  Enable Multi Corner Analysis               :  Yes
  Enable Pessimism Removal                   :  Yes
  Pessimism Removal Resolution               :  Nearest Common Node
  Enable Input Delay Default Clock           :  No
  Enable Preset / Clear Arcs                 :  No
  Disable Flight Delays                      :  No
  Ignore I/O Paths                           :  No
  Timing Early Launch at Borrowing Latches   :  No
  Borrow Time for Max Delay Exceptions       :  Yes
  Merge Timing Exceptions                    :  Yes
  Inter-SLR Compensation                     :  Conservative

  Corner  Analyze    Analyze    
  Name    Max Paths  Min Paths  
  ------  ---------  ---------  
  Slow    Yes        Yes        
  Fast    Yes        Yes        


------------------------------------------------------------------------------------------------
| Report Methodology
| ------------------
------------------------------------------------------------------------------------------------

Rule     Severity  Description                   Violations  
-------  --------  ----------------------------  ----------  
LUTAR-1  Warning   LUT drives async reset alert  6           

Note: This report is based on the most recent report_methodology run and may not be up-to-date. Run report_methodology on the current design for the latest report.



check_timing report

Table of Contents
-----------------
1. checking no_clock (0)
2. checking constant_clock (0)
3. checking pulse_width_clock (0)
4. checking unconstrained_internal_endpoints (0)
5. checking no_input_delay (0)
6. checking no_output_delay (0)
7. checking multiple_clock (0)
8. checking generated_clocks (0)
9. checking loops (0)
10. checking partial_input_delay (0)
11. checking partial_output_delay (0)
12. checking latch_loops (0)

1. checking no_clock (0)
------------------------
 There are 0 register/latch pins with no clock.


2. checking constant_clock (0)
------------------------------
 There are 0 register/latch pins with constant_clock.


3. checking pulse_width_clock (0)
---------------------------------
 There are 0 register/latch pins which need pulse_width check


4. checking unconstrained_internal_endpoints (0)
------------------------------------------------
 There are 0 pins that are not constrained for maximum delay.

 There are 0 pins that are not constrained for maximum delay due to constant clock.


5. checking no_input_delay (0)
------------------------------
 There are 0 input ports with no input delay specified.

 There are 0 input ports with no input delay but user has a false path constraint.


6. checking no_output_delay (0)
-------------------------------
 There are 0 ports with no output delay specified.

 There are 0 ports with no output delay but user has a false path constraint

 There are 0 ports with no output delay but with a timing clock defined on it or propagating through it


7. checking multiple_clock (0)
------------------------------
 There are 0 register/latch pins with multiple clocks.


8. checking generated_clocks (0)
--------------------------------
 There are 0 generated clocks that are not connected to a clock source.


9. checking loops (0)
---------------------
 There are 0 combinational loops in the design.


10. checking partial_input_delay (0)
------------------------------------
 There are 0 input ports with partial input delay specified.


11. checking partial_output_delay (0)
-------------------------------------
 There are 0 ports with partial output delay specified.


12. checking latch_loops (0)
----------------------------
 There are 0 combinational latch loops in the design through latch input



------------------------------------------------------------------------------------------------
| Design Timing Summary
| ---------------------
------------------------------------------------------------------------------------------------

    WNS(ns)      TNS(ns)  TNS Failing Endpoints  TNS Total Endpoints      WHS(ns)      THS(ns)  THS Failing Endpoints  THS Total Endpoints     WPWS(ns)     TPWS(ns)  TPWS Failing Endpoints  TPWS Total Endpoints  
    -------      -------  ---------------------  -------------------      -------      -------  ---------------------  -------------------     --------     --------  ----------------------  --------------------  
      3.980        0.000                      0                30338        0.010        0.000                      0                30338        3.500        0.000                       0                 10024  


All user specified timing constraints are met.


------------------------------------------------------------------------------------------------
| Clock Summary
| -------------
------------------------------------------------------------------------------------------------

Clock     Waveform(ns)       Period(ns)      Frequency(MHz)
-----     ------------       ----------      --------------
clk_pl_0  {0.000 5.000}      10.000          100.000         


------------------------------------------------------------------------------------------------
| Intra Clock Table
| -----------------
------------------------------------------------------------------------------------------------

Clock             WNS(ns)      TNS(ns)  TNS Failing Endpoints  TNS Total Endpoints      WHS(ns)      THS(ns)  THS Failing Endpoints  THS Total Endpoints     WPWS(ns)     TPWS(ns)  TPWS Failing Endpoints  TPWS Total Endpoints  
-----             -------      -------  ---------------------  -------------------      -------      -------  ---------------------  -------------------     --------     --------  ----------------------  --------------------  
clk_pl_0            3.980        0.000                      0                30146        0.010        0.000                      0                30146        3.500        0.000                       0                 10024  


------------------------------------------------------------------------------------------------
| Inter Clock Table
| -----------------
------------------------------------------------------------------------------------------------

From Clock    To Clock          WNS(ns)      TNS(ns)  TNS Failing Endpoints  TNS Total Endpoints      WHS(ns)      THS(ns)  THS Failing Endpoints  THS Total Endpoints  
----------    --------          -------      -------  ---------------------  -------------------      -------      -------  ---------------------  -------------------  


------------------------------------------------------------------------------------------------
| Other Path Groups Table
| -----------------------
------------------------------------------------------------------------------------------------

Path Group         From Clock         To Clock               WNS(ns)      TNS(ns)  TNS Failing Endpoints  TNS Total Endpoints      WHS(ns)      THS(ns)  THS Failing Endpoints  THS Total Endpoints  
----------         ----------         --------               -------      -------  ---------------------  -------------------      -------      -------  ---------------------  -------------------  
**async_default**  clk_pl_0           clk_pl_0                 8.628        0.000                      0                  192        0.186        0.000                      0                  192  


------------------------------------------------------------------------------------------------
| User Ignored Path Table
| -----------------------
------------------------------------------------------------------------------------------------

Path Group    From Clock    To Clock    
----------    ----------    --------    
(none)                      clk_pl_0      
(none)        clk_pl_0      clk_pl_0      


------------------------------------------------------------------------------------------------
| Unconstrained Path Table
| ------------------------
------------------------------------------------------------------------------------------------

Path Group    From Clock    To Clock    
----------    ----------    --------    


------------------------------------------------------------------------------------------------
| Timing Details
| --------------
------------------------------------------------------------------------------------------------


---------------------------------------------------------------------------------------------------
From Clock:  clk_pl_0
  To Clock:  clk_pl_0

Setup :            0  Failing Endpoints,  Worst Slack        3.980ns,  Total Violation        0.000ns
Hold  :            0  Failing Endpoints,  Worst Slack        0.010ns,  Total Violation        0.000ns
PW    :            0  Failing Endpoints,  Worst Slack        3.500ns,  Total Violation        0.000ns
---------------------------------------------------------------------------------------------------


Max Delay Paths
--------------------------------------------------------------------------------------
Slack (MET) :             3.980ns  (required time - arrival time)
  Source:                 design_1_i/ps8_0_axi_periph/s00_couplers/auto_ds/inst/gen_downsizer.gen_simple_downsizer.axi_downsizer_inst/USE_READ.read_data_inst/current_word_1_reg[1]/C
                            (rising edge-triggered cell FDRE clocked by clk_pl_0  {rise@0.000ns fall@5.000ns period=10.000ns})
  Destination:            design_1_i/zynq_ultra_ps_e_0/inst/PS8_i/MAXIGP0RDATA[55]
                            (rising edge-triggered cell PS8 clocked by clk_pl_0  {rise@0.000ns fall@5.000ns period=10.000ns})
  Path Group:             clk_pl_0
  Path Type:              Setup (Max at Slow Process Corner)
  Requirement:            10.000ns  (clk_pl_0 rise@10.000ns - clk_pl_0 rise@0.000ns)
  Data Path Delay:        4.961ns  (logic 0.442ns (8.910%)  route 4.519ns (91.090%))
  Logic Levels:           3  (LUT4=1 LUT5=1 LUT6=1)
  Clock Path Skew:        -0.127ns (DCD - SCD + CPR)
    Destination Clock Delay (DCD):    1.484ns = ( 11.484 - 10.000 ) 
    Source Clock Delay      (SCD):    1.756ns
    Clock Pessimism Removal (CPR):    0.146ns
  Clock Uncertainty:      0.130ns  ((TSJ^2 + DJ^2)^1/2) / 2 + PE
    Total System Jitter     (TSJ):    0.071ns
    Discrete Jitter          (DJ):    0.250ns
    Phase Error              (PE):    0.000ns
  Clock Net Delay (Source):      1.593ns (routing 0.567ns, distribution 1.026ns)
  Clock Net Delay (Destination): 1.354ns (routing 0.510ns, distribution 0.844ns)

    Location             Delay type                Incr(ns)  Path(ns)    Netlist Resource(s)
  -------------------------------------------------------------------    -------------------
                         (clock clk_pl_0 rise edge)
                                                      0.000     0.000 r  
    PS8_X0Y0             PS8                          0.000     0.000 r  design_1_i/zynq_ultra_ps_e_0/inst/PS8_i/PLCLK[0]
                         net (fo=1, routed)           0.135     0.135    design_1_i/zynq_ultra_ps_e_0/inst/pl_clk_unbuffered[0]
    BUFG_PS_X0Y58        BUFG_PS (Prop_BUFG_PS_I_O)
                                                      0.028     0.163 r  design_1_i/zynq_ultra_ps_e_0/inst/buffer_pl_clk_0.PL_CLK_0_BUFG/O
    X1Y1 (CLOCK_ROOT)    net (fo=10024, routed)       1.593     1.756    design_1_i/ps8_0_axi_periph/s00_couplers/auto_ds/inst/gen_downsizer.gen_simple_downsizer.axi_downsizer_inst/USE_READ.read_data_inst/CLK
    SLICE_X42Y56         FDRE                                         r  design_1_i/ps8_0_axi_periph/s00_couplers/auto_ds/inst/gen_downsizer.gen_simple_downsizer.axi_downsizer_inst/USE_READ.read_data_inst/current_word_1_reg[1]/C
  -------------------------------------------------------------------    -------------------
    SLICE_X42Y56         FDRE (Prop_AFF2_SLICEL_C_Q)
                                                      0.081     1.837 r  design_1_i/ps8_0_axi_periph/s00_couplers/auto_ds/inst/gen_downsizer.gen_simple_downsizer.axi_downsizer_inst/USE_READ.read_data_inst/current_word_1_reg[1]/Q
                         net (fo=1, routed)           0.185     2.022    design_1_i/ps8_0_axi_periph/s00_couplers/auto_ds/inst/gen_downsizer.gen_simple_downsizer.axi_downsizer_inst/USE_READ.read_data_inst/current_word_1[1]
    SLICE_X42Y56         LUT4 (Prop_D6LUT_SLICEL_I0_O)
                                                      0.122     2.144 r  design_1_i/ps8_0_axi_periph/s00_couplers/auto_ds/inst/gen_downsizer.gen_simple_downsizer.axi_downsizer_inst/USE_READ.read_data_inst/s_axi_rdata[127]_INST_0_i_3/O
                         net (fo=6, routed)           0.115     2.259    design_1_i/ps8_0_axi_periph/s00_couplers/auto_ds/inst/gen_downsizer.gen_simple_downsizer.axi_downsizer_inst/USE_READ.read_data_inst/current_word_1_reg[1]_0
    SLICE_X42Y56         LUT6 (Prop_G6LUT_SLICEL_I0_O)
                                                      0.149     2.408 r  design_1_i/ps8_0_axi_periph/s00_couplers/auto_ds/inst/gen_downsizer.gen_simple_downsizer.axi_downsizer_inst/USE_READ.read_data_inst/s_axi_rdata[127]_INST_0_i_1/O
                         net (fo=132, routed)         2.223     4.631    design_1_i/ps8_0_axi_periph/s00_couplers/auto_ds/inst/gen_downsizer.gen_simple_downsizer.axi_downsizer_inst/USE_READ.read_addr_inst/cmd_queue/inst/WORD_LANE[3].S_AXI_RDATA_II_reg[127]
    SLICE_X17Y182        LUT5 (Prop_E6LUT_SLICEL_I2_O)
                                                      0.090     4.721 r  design_1_i/ps8_0_axi_periph/s00_couplers/auto_ds/inst/gen_downsizer.gen_simple_downsizer.axi_downsizer_inst/USE_READ.read_addr_inst/cmd_queue/inst/s_axi_rdata[55]_INST_0/O
                         net (fo=1, routed)           1.996     6.717    design_1_i/zynq_ultra_ps_e_0/inst/maxigp0_rdata[55]
    PS8_X0Y0             PS8                                          r  design_1_i/zynq_ultra_ps_e_0/inst/PS8_i/MAXIGP0RDATA[55]
  -------------------------------------------------------------------    -------------------

                         (clock clk_pl_0 rise edge)
                                                     10.000    10.000 r  
    PS8_X0Y0             PS8                          0.000    10.000 r  design_1_i/zynq_ultra_ps_e_0/inst/PS8_i/PLCLK[0]
                         net (fo=1, routed)           0.105    10.105    design_1_i/zynq_ultra_ps_e_0/inst/pl_clk_unbuffered[0]
    BUFG_PS_X0Y58        BUFG_PS (Prop_BUFG_PS_I_O)
                                                      0.025    10.130 r  design_1_i/zynq_ultra_ps_e_0/inst/buffer_pl_clk_0.PL_CLK_0_BUFG/O
    X1Y1 (CLOCK_ROOT)    net (fo=10024, routed)       1.354    11.484    design_1_i/zynq_ultra_ps_e_0/inst/maxihpm0_fpd_aclk
    PS8_X0Y0             PS8                                          r  design_1_i/zynq_ultra_ps_e_0/inst/PS8_i/MAXIGP0ACLK
                         clock pessimism              0.146    11.630    
                         clock uncertainty           -0.130    11.500    
    PS8_X0Y0             PS8 (Setup_PS8_MAXIGP0ACLK_MAXIGP0RDATA[55])
                                                     -0.803    10.697    design_1_i/zynq_ultra_ps_e_0/inst/PS8_i
  -------------------------------------------------------------------
                         required time                         10.697    
                         arrival time                          -6.717    
  -------------------------------------------------------------------
                         slack                                  3.980    

Slack (MET) :             4.000ns  (required time - arrival time)
  Source:                 design_1_i/ps8_0_axi_periph/s00_couplers/auto_ds/inst/gen_downsizer.gen_simple_downsizer.axi_downsizer_inst/USE_READ.read_data_inst/current_word_1_reg[1]/C
                            (rising edge-triggered cell FDRE clocked by clk_pl_0  {rise@0.000ns fall@5.000ns period=10.000ns})
  Destination:            design_1_i/zynq_ultra_ps_e_0/inst/PS8_i/MAXIGP0RDATA[23]
                            (rising edge-triggered cell PS8 clocked by clk_pl_0  {rise@0.000ns fall@5.000ns period=10.000ns})
  Path Group:             clk_pl_0
  Path Type:              Setup (Max at Slow Process Corner)
  Requirement:            10.000ns  (clk_pl_0 rise@10.000ns - clk_pl_0 rise@0.000ns)
  Data Path Delay:        4.891ns  (logic 0.387ns (7.913%)  route 4.504ns (92.087%))
  Logic Levels:           3  (LUT4=1 LUT5=1 LUT6=1)
  Clock Path Skew:        -0.127ns (DCD - SCD + CPR)
    Destination Clock Delay (DCD):    1.484ns = ( 11.484 - 10.000 ) 
    Source Clock Delay      (SCD):    1.756ns
    Clock Pessimism Removal (CPR):    0.146ns
  Clock Uncertainty:      0.130ns  ((TSJ^2 + DJ^2)^1/2) / 2 + PE
    Total System Jitter     (TSJ):    0.071ns
    Discrete Jitter          (DJ):    0.250ns
    Phase Error              (PE):    0.000ns
  Clock Net Delay (Source):      1.593ns (routing 0.567ns, distribution 1.026ns)
  Clock Net Delay (Destination): 1.354ns (routing 0.510ns, distribution 0.844ns)

    Location             Delay type                Incr(ns)  Path(ns)    Netlist Resource(s)
  -------------------------------------------------------------------    -------------------
                         (clock clk_pl_0 rise edge)
                                                      0.000     0.000 r  
    PS8_X0Y0             PS8                          0.000     0.000 r  design_1_i/zynq_ultra_ps_e_0/inst/PS8_i/PLCLK[0]
                         net (fo=1, routed)           0.135     0.135    design_1_i/zynq_ultra_ps_e_0/inst/pl_clk_unbuffered[0]
    BUFG_PS_X0Y58        BUFG_PS (Prop_BUFG_PS_I_O)
                                                      0.028     0.163 r  design_1_i/zynq_ultra_ps_e_0/inst/buffer_pl_clk_0.PL_CLK_0_BUFG/O
    X1Y1 (CLOCK_ROOT)    net (fo=10024, routed)       1.593     1.756    design_1_i/ps8_0_axi_periph/s00_couplers/auto_ds/inst/gen_downsizer.gen_simple_downsizer.axi_downsizer_inst/USE_READ.read_data_inst/CLK
    SLICE_X42Y56         FDRE                                         r  design_1_i/ps8_0_axi_periph/s00_couplers/auto_ds/inst/gen_downsizer.gen_simple_downsizer.axi_downsizer_inst/USE_READ.read_data_inst/current_word_1_reg[1]/C
  -------------------------------------------------------------------    -------------------
    SLICE_X42Y56         FDRE (Prop_AFF2_SLICEL_C_Q)
                                                      0.081     1.837 r  design_1_i/ps8_0_axi_periph/s00_couplers/auto_ds/inst/gen_downsizer.gen_simple_downsizer.axi_downsizer_inst/USE_READ.read_data_inst/current_word_1_reg[1]/Q
                         net (fo=1, routed)           0.185     2.022    design_1_i/ps8_0_axi_periph/s00_couplers/auto_ds/inst/gen_downsizer.gen_simple_downsizer.axi_downsizer_inst/USE_READ.read_data_inst/current_word_1[1]
    SLICE_X42Y56         LUT4 (Prop_D6LUT_SLICEL_I0_O)
                                                      0.122     2.144 r  design_1_i/ps8_0_axi_periph/s00_couplers/auto_ds/inst/gen_downsizer.gen_simple_downsizer.axi_downsizer_inst/USE_READ.read_data_inst/s_axi_rdata[127]_INST_0_i_3/O
                         net (fo=6, routed)           0.115     2.259    design_1_i/ps8_0_axi_periph/s00_couplers/auto_ds/inst/gen_downsizer.gen_simple_downsizer.axi_downsizer_inst/USE_READ.read_data_inst/current_word_1_reg[1]_0
    SLICE_X42Y56         LUT6 (Prop_G6LUT_SLICEL_I0_O)
                                                      0.149     2.408 r  design_1_i/ps8_0_axi_periph/s00_couplers/auto_ds/inst/gen_downsizer.gen_simple_downsizer.axi_downsizer_inst/USE_READ.read_data_inst/s_axi_rdata[127]_INST_0_i_1/O
                         net (fo=132, routed)         2.222     4.630    design_1_i/ps8_0_axi_periph/s00_couplers/auto_ds/inst/gen_downsizer.gen_simple_downsizer.axi_downsizer_inst/USE_READ.read_addr_inst/cmd_queue/inst/WORD_LANE[3].S_AXI_RDATA_II_reg[127]
    SLICE_X17Y182        LUT5 (Prop_G6LUT_SLICEL_I2_O)
                                                      0.035     4.665 r  design_1_i/ps8_0_axi_periph/s00_couplers/auto_ds/inst/gen_downsizer.gen_simple_downsizer.axi_downsizer_inst/USE_READ.read_addr_inst/cmd_queue/inst/s_axi_rdata[23]_INST_0/O
                         net (fo=1, routed)           1.982     6.647    design_1_i/zynq_ultra_ps_e_0/inst/maxigp0_rdata[23]
    PS8_X0Y0             PS8                                          r  design_1_i/zynq_ultra_ps_e_0/inst/PS8_i/MAXIGP0RDATA[23]
  -------------------------------------------------------------------    -------------------

                         (clock clk_pl_0 rise edge)
                                                     10.000    10.000 r  
    PS8_X0Y0             PS8                          0.000    10.000 r  design_1_i/zynq_ultra_ps_e_0/inst/PS8_i/PLCLK[0]
                         net (fo=1, routed)           0.105    10.105    design_1_i/zynq_ultra_ps_e_0/inst/pl_clk_unbuffered[0]
    BUFG_PS_X0Y58        BUFG_PS (Prop_BUFG_PS_I_O)
                                                      0.025    10.130 r  design_1_i/zynq_ultra_ps_e_0/inst/buffer_pl_clk_0.PL_CLK_0_BUFG/O
    X1Y1 (CLOCK_ROOT)    net (fo=10024, routed)       1.354    11.484    design_1_i/zynq_ultra_ps_e_0/inst/maxihpm0_fpd_aclk
    PS8_X0Y0             PS8                                          r  design_1_i/zynq_ultra_ps_e_0/inst/PS8_i/MAXIGP0ACLK
                         clock pessimism              0.146    11.630    
                         clock uncertainty           -0.130    11.500    
    PS8_X0Y0             PS8 (Setup_PS8_MAXIGP0ACLK_MAXIGP0RDATA[23])
                                                     -0.853    10.647    design_1_i/zynq_ultra_ps_e_0/inst/PS8_i
  -------------------------------------------------------------------
                         required time                         10.647    
                         arrival time                          -6.647    
  -------------------------------------------------------------------
                         slack                                  4.000    

Slack (MET) :             4.098ns  (required time - arrival time)
  Source:                 design_1_i/ps8_0_axi_periph/s00_couplers/auto_ds/inst/gen_downsizer.gen_simple_downsizer.axi_downsizer_inst/USE_READ.read_data_inst/current_word_1_reg[1]/C
                            (rising edge-triggered cell FDRE clocked by clk_pl_0  {rise@0.000ns fall@5.000ns period=10.000ns})
  Destination:            design_1_i/zynq_ultra_ps_e_0/inst/PS8_i/MAXIGP0RDATA[84]
                            (rising edge-triggered cell PS8 clocked by clk_pl_0  {rise@0.000ns fall@5.000ns period=10.000ns})
  Path Group:             clk_pl_0
  Path Type:              Setup (Max at Slow Process Corner)
  Requirement:            10.000ns  (clk_pl_0 rise@10.000ns - clk_pl_0 rise@0.000ns)
  Data Path Delay:        4.874ns  (logic 0.501ns (10.279%)  route 4.373ns (89.721%))
  Logic Levels:           3  (LUT4=1 LUT5=1 LUT6=1)
  Clock Path Skew:        -0.127ns (DCD - SCD + CPR)
    Destination Clock Delay (DCD):    1.484ns = ( 11.484 - 10.000 ) 
    Source Clock Delay      (SCD):    1.756ns
    Clock Pessimism Removal (CPR):    0.146ns
  Clock Uncertainty:      0.130ns  ((TSJ^2 + DJ^2)^1/2) / 2 + PE
    Total System Jitter     (TSJ):    0.071ns
    Discrete Jitter          (DJ):    0.250ns
    Phase Error              (PE):    0.000ns
  Clock Net Delay (Source):      1.593ns (routing 0.567ns, distribution 1.026ns)
  Clock Net Delay (Destination): 1.354ns (routing 0.510ns, distribution 0.844ns)

    Location             Delay type                Incr(ns)  Path(ns)    Netlist Resource(s)
  -------------------------------------------------------------------    -------------------
                         (clock clk_pl_0 rise edge)
                                                      0.000     0.000 r  
    PS8_X0Y0             PS8                          0.000     0.000 r  design_1_i/zynq_ultra_ps_e_0/inst/PS8_i/PLCLK[0]
                         net (fo=1, routed)           0.135     0.135    design_1_i/zynq_ultra_ps_e_0/inst/pl_clk_unbuffered[0]
    BUFG_PS_X0Y58        BUFG_PS (Prop_BUFG_PS_I_O)
                                                      0.028     0.163 r  design_1_i/zynq_ultra_ps_e_0/inst/buffer_pl_clk_0.PL_CLK_0_BUFG/O
    X1Y1 (CLOCK_ROOT)    net (fo=10024, routed)       1.593     1.756    design_1_i/ps8_0_axi_periph/s00_couplers/auto_ds/inst/gen_downsizer.gen_simple_downsizer.axi_downsizer_inst/USE_READ.read_data_inst/CLK
    SLICE_X42Y56         FDRE                                         r  design_1_i/ps8_0_axi_periph/s00_couplers/auto_ds/inst/gen_downsizer.gen_simple_downsizer.axi_downsizer_inst/USE_READ.read_data_inst/current_word_1_reg[1]/C
  -------------------------------------------------------------------    -------------------
    SLICE_X42Y56         FDRE (Prop_AFF2_SLICEL_C_Q)
                                                      0.081     1.837 r  design_1_i/ps8_0_axi_periph/s00_couplers/auto_ds/inst/gen_downsizer.gen_simple_downsizer.axi_downsizer_inst/USE_READ.read_data_inst/current_word_1_reg[1]/Q
                         net (fo=1, routed)           0.185     2.022    design_1_i/ps8_0_axi_periph/s00_couplers/auto_ds/inst/gen_downsizer.gen_simple_downsizer.axi_downsizer_inst/USE_READ.read_data_inst/current_word_1[1]
    SLICE_X42Y56         LUT4 (Prop_D6LUT_SLICEL_I0_O)
                                                      0.122     2.144 r  design_1_i/ps8_0_axi_periph/s00_couplers/auto_ds/inst/gen_downsizer.gen_simple_downsizer.axi_downsizer_inst/USE_READ.read_data_inst/s_axi_rdata[127]_INST_0_i_3/O
                         net (fo=6, routed)           0.115     2.259    design_1_i/ps8_0_axi_periph/s00_couplers/auto_ds/inst/gen_downsizer.gen_simple_downsizer.axi_downsizer_inst/USE_READ.read_data_inst/current_word_1_reg[1]_0
    SLICE_X42Y56         LUT6 (Prop_G6LUT_SLICEL_I0_O)
                                                      0.149     2.408 r  design_1_i/ps8_0_axi_periph/s00_couplers/auto_ds/inst/gen_downsizer.gen_simple_downsizer.axi_downsizer_inst/USE_READ.read_data_inst/s_axi_rdata[127]_INST_0_i_1/O
                         net (fo=132, routed)         2.140     4.548    design_1_i/ps8_0_axi_periph/s00_couplers/auto_ds/inst/gen_downsizer.gen_simple_downsizer.axi_downsizer_inst/USE_READ.read_addr_inst/cmd_queue/inst/WORD_LANE[3].S_AXI_RDATA_II_reg[127]
    SLICE_X20Y183        LUT5 (Prop_B6LUT_SLICEM_I1_O)
                                                      0.149     4.697 r  design_1_i/ps8_0_axi_periph/s00_couplers/auto_ds/inst/gen_downsizer.gen_simple_downsizer.axi_downsizer_inst/USE_READ.read_addr_inst/cmd_queue/inst/s_axi_rdata[84]_INST_0/O
                         net (fo=1, routed)           1.933     6.630    design_1_i/zynq_ultra_ps_e_0/inst/maxigp0_rdata[84]
    PS8_X0Y0             PS8                                          r  design_1_i/zynq_ultra_ps_e_0/inst/PS8_i/MAXIGP0RDATA[84]
  -------------------------------------------------------------------    -------------------

                         (clock clk_pl_0 rise edge)
                                                     10.000    10.000 r  
    PS8_X0Y0             PS8                          0.000    10.000 r  design_1_i/zynq_ultra_ps_e_0/inst/PS8_i/PLCLK[0]
                         net (fo=1, routed)           0.105    10.105    design_1_i/zynq_ultra_ps_e_0/inst/pl_clk_unbuffered[0]
    BUFG_PS_X0Y58        BUFG_PS (Prop_BUFG_PS_I_O)
                                                      0.025    10.130 r  design_1_i/zynq_ultra_ps_e_0/inst/buffer_pl_clk_0.PL_CLK_0_BUFG/O
    X1Y1 (CLOCK_ROOT)    net (fo=10024, routed)       1.354    11.484    design_1_i/zynq_ultra_ps_e_0/inst/maxihpm0_fpd_aclk
    PS8_X0Y0             PS8                                          r  design_1_i/zynq_ultra_ps_e_0/inst/PS8_i/MAXIGP0ACLK
                         clock pessimism              0.146    11.630    
                         clock uncertainty           -0.130    11.500    
    PS8_X0Y0             PS8 (Setup_PS8_MAXIGP0ACLK_MAXIGP0RDATA[84])
                                                     -0.772    10.728    design_1_i/zynq_ultra_ps_e_0/inst/PS8_i
  -------------------------------------------------------------------
                         required time                         10.728    
                         arrival time                          -6.630    
  -------------------------------------------------------------------
                         slack                                  4.098    

Slack (MET) :             4.106ns  (required time - arrival time)
  Source:                 design_1_i/ps8_0_axi_periph/s00_couplers/auto_ds/inst/gen_downsizer.gen_simple_downsizer.axi_downsizer_inst/USE_READ.read_data_inst/current_word_1_reg[1]/C
                            (rising edge-triggered cell FDRE clocked by clk_pl_0  {rise@0.000ns fall@5.000ns period=10.000ns})
  Destination:            design_1_i/zynq_ultra_ps_e_0/inst/PS8_i/MAXIGP0RDATA[52]
                            (rising edge-triggered cell PS8 clocked by clk_pl_0  {rise@0.000ns fall@5.000ns period=10.000ns})
  Path Group:             clk_pl_0
  Path Type:              Setup (Max at Slow Process Corner)
  Requirement:            10.000ns  (clk_pl_0 rise@10.000ns - clk_pl_0 rise@0.000ns)
  Data Path Delay:        4.816ns  (logic 0.497ns (10.319%)  route 4.319ns (89.681%))
  Logic Levels:           3  (LUT4=1 LUT5=1 LUT6=1)
  Clock Path Skew:        -0.127ns (DCD - SCD + CPR)
    Destination Clock Delay (DCD):    1.484ns = ( 11.484 - 10.000 ) 
    Source Clock Delay      (SCD):    1.756ns
    Clock Pessimism Removal (CPR):    0.146ns
  Clock Uncertainty:      0.130ns  ((TSJ^2 + DJ^2)^1/2) / 2 + PE
    Total System Jitter     (TSJ):    0.071ns
    Discrete Jitter          (DJ):    0.250ns
    Phase Error              (PE):    0.000ns
  Clock Net Delay (Source):      1.593ns (routing 0.567ns, distribution 1.026ns)
  Clock Net Delay (Destination): 1.354ns (routing 0.510ns, distribution 0.844ns)

    Location             Delay type                Incr(ns)  Path(ns)    Netlist Resource(s)
  -------------------------------------------------------------------    -------------------
                         (clock clk_pl_0 rise edge)
                                                      0.000     0.000 r  
    PS8_X0Y0             PS8                          0.000     0.000 r  design_1_i/zynq_ultra_ps_e_0/inst/PS8_i/PLCLK[0]
                         net (fo=1, routed)           0.135     0.135    design_1_i/zynq_ultra_ps_e_0/inst/pl_clk_unbuffered[0]
    BUFG_PS_X0Y58        BUFG_PS (Prop_BUFG_PS_I_O)
                                                      0.028     0.163 r  design_1_i/zynq_ultra_ps_e_0/inst/buffer_pl_clk_0.PL_CLK_0_BUFG/O
    X1Y1 (CLOCK_ROOT)    net (fo=10024, routed)       1.593     1.756    design_1_i/ps8_0_axi_periph/s00_couplers/auto_ds/inst/gen_downsizer.gen_simple_downsizer.axi_downsizer_inst/USE_READ.read_data_inst/CLK
    SLICE_X42Y56         FDRE                                         r  design_1_i/ps8_0_axi_periph/s00_couplers/auto_ds/inst/gen_downsizer.gen_simple_downsizer.axi_downsizer_inst/USE_READ.read_data_inst/current_word_1_reg[1]/C
  -------------------------------------------------------------------    -------------------
    SLICE_X42Y56         FDRE (Prop_AFF2_SLICEL_C_Q)
                                                      0.081     1.837 r  design_1_i/ps8_0_axi_periph/s00_couplers/auto_ds/inst/gen_downsizer.gen_simple_downsizer.axi_downsizer_inst/USE_READ.read_data_inst/current_word_1_reg[1]/Q
                         net (fo=1, routed)           0.185     2.022    design_1_i/ps8_0_axi_periph/s00_couplers/auto_ds/inst/gen_downsizer.gen_simple_downsizer.axi_downsizer_inst/USE_READ.read_data_inst/current_word_1[1]
    SLICE_X42Y56         LUT4 (Prop_D6LUT_SLICEL_I0_O)
                                                      0.122     2.144 r  design_1_i/ps8_0_axi_periph/s00_couplers/auto_ds/inst/gen_downsizer.gen_simple_downsizer.axi_downsizer_inst/USE_READ.read_data_inst/s_axi_rdata[127]_INST_0_i_3/O
                         net (fo=6, routed)           0.115     2.259    design_1_i/ps8_0_axi_periph/s00_couplers/auto_ds/inst/gen_downsizer.gen_simple_downsizer.axi_downsizer_inst/USE_READ.read_data_inst/current_word_1_reg[1]_0
    SLICE_X42Y56         LUT6 (Prop_G6LUT_SLICEL_I0_O)
                                                      0.149     2.408 r  design_1_i/ps8_0_axi_periph/s00_couplers/auto_ds/inst/gen_downsizer.gen_simple_downsizer.axi_downsizer_inst/USE_READ.read_data_inst/s_axi_rdata[127]_INST_0_i_1/O
                         net (fo=132, routed)         2.134     4.543    design_1_i/ps8_0_axi_periph/s00_couplers/auto_ds/inst/gen_downsizer.gen_simple_downsizer.axi_downsizer_inst/USE_READ.read_addr_inst/cmd_queue/inst/WORD_LANE[3].S_AXI_RDATA_II_reg[127]
    SLICE_X20Y183        LUT5 (Prop_D6LUT_SLICEM_I2_O)
                                                      0.145     4.688 r  design_1_i/ps8_0_axi_periph/s00_couplers/auto_ds/inst/gen_downsizer.gen_simple_downsizer.axi_downsizer_inst/USE_READ.read_addr_inst/cmd_queue/inst/s_axi_rdata[52]_INST_0/O
                         net (fo=1, routed)           1.885     6.573    design_1_i/zynq_ultra_ps_e_0/inst/maxigp0_rdata[52]
    PS8_X0Y0             PS8                                          r  design_1_i/zynq_ultra_ps_e_0/inst/PS8_i/MAXIGP0RDATA[52]
  -------------------------------------------------------------------    -------------------

                         (clock clk_pl_0 rise edge)
                                                     10.000    10.000 r  
    PS8_X0Y0             PS8                          0.000    10.000 r  design_1_i/zynq_ultra_ps_e_0/inst/PS8_i/PLCLK[0]
                         net (fo=1, routed)           0.105    10.105    design_1_i/zynq_ultra_ps_e_0/inst/pl_clk_unbuffered[0]
    BUFG_PS_X0Y58        BUFG_PS (Prop_BUFG_PS_I_O)
                                                      0.025    10.130 r  design_1_i/zynq_ultra_ps_e_0/inst/buffer_pl_clk_0.PL_CLK_0_BUFG/O
    X1Y1 (CLOCK_ROOT)    net (fo=10024, routed)       1.354    11.484    design_1_i/zynq_ultra_ps_e_0/inst/maxihpm0_fpd_aclk
    PS8_X0Y0             PS8                                          r  design_1_i/zynq_ultra_ps_e_0/inst/PS8_i/MAXIGP0ACLK
                         clock pessimism              0.146    11.630    
                         clock uncertainty           -0.130    11.500    
    PS8_X0Y0             PS8 (Setup_PS8_MAXIGP0ACLK_MAXIGP0RDATA[52])
                                                     -0.821    10.679    design_1_i/zynq_ultra_ps_e_0/inst/PS8_i
  -------------------------------------------------------------------
                         required time                         10.679    
                         arrival time                          -6.573    
  -------------------------------------------------------------------
                         slack                                  4.106    

Slack (MET) :             4.135ns  (required time - arrival time)
  Source:                 design_1_i/ps8_0_axi_periph/s00_couplers/auto_ds/inst/gen_downsizer.gen_simple_downsizer.axi_downsizer_inst/USE_READ.read_data_inst/current_word_1_reg[1]/C
                            (rising edge-triggered cell FDRE clocked by clk_pl_0  {rise@0.000ns fall@5.000ns period=10.000ns})
  Destination:            design_1_i/zynq_ultra_ps_e_0/inst/PS8_i/MAXIGP0RDATA[124]
                            (rising edge-triggered cell PS8 clocked by clk_pl_0  {rise@0.000ns fall@5.000ns period=10.000ns})
  Path Group:             clk_pl_0
  Path Type:              Setup (Max at Slow Process Corner)
  Requirement:            10.000ns  (clk_pl_0 rise@10.000ns - clk_pl_0 rise@0.000ns)
  Data Path Delay:        4.924ns  (logic 0.402ns (8.165%)  route 4.522ns (91.835%))
  Logic Levels:           3  (LUT4=1 LUT5=1 LUT6=1)
  Clock Path Skew:        -0.127ns (DCD - SCD + CPR)
    Destination Clock Delay (DCD):    1.484ns = ( 11.484 - 10.000 ) 
    Source Clock Delay      (SCD):    1.756ns
    Clock Pessimism Removal (CPR):    0.146ns
  Clock Uncertainty:      0.130ns  ((TSJ^2 + DJ^2)^1/2) / 2 + PE
    Total System Jitter     (TSJ):    0.071ns
    Discrete Jitter          (DJ):    0.250ns
    Phase Error              (PE):    0.000ns
  Clock Net Delay (Source):      1.593ns (routing 0.567ns, distribution 1.026ns)
  Clock Net Delay (Destination): 1.354ns (routing 0.510ns, distribution 0.844ns)

    Location             Delay type                Incr(ns)  Path(ns)    Netlist Resource(s)
  -------------------------------------------------------------------    -------------------
                         (clock clk_pl_0 rise edge)
                                                      0.000     0.000 r  
    PS8_X0Y0             PS8                          0.000     0.000 r  design_1_i/zynq_ultra_ps_e_0/inst/PS8_i/PLCLK[0]
                         net (fo=1, routed)           0.135     0.135    design_1_i/zynq_ultra_ps_e_0/inst/pl_clk_unbuffered[0]
    BUFG_PS_X0Y58        BUFG_PS (Prop_BUFG_PS_I_O)
                                                      0.028     0.163 r  design_1_i/zynq_ultra_ps_e_0/inst/buffer_pl_clk_0.PL_CLK_0_BUFG/O
    X1Y1 (CLOCK_ROOT)    net (fo=10024, routed)       1.593     1.756    design_1_i/ps8_0_axi_periph/s00_couplers/auto_ds/inst/gen_downsizer.gen_simple_downsizer.axi_downsizer_inst/USE_READ.read_data_inst/CLK
    SLICE_X42Y56         FDRE                                         r  design_1_i/ps8_0_axi_periph/s00_couplers/auto_ds/inst/gen_downsizer.gen_simple_downsizer.axi_downsizer_inst/USE_READ.read_data_inst/current_word_1_reg[1]/C
  -------------------------------------------------------------------    -------------------
    SLICE_X42Y56         FDRE (Prop_AFF2_SLICEL_C_Q)
                                                      0.081     1.837 r  design_1_i/ps8_0_axi_periph/s00_couplers/auto_ds/inst/gen_downsizer.gen_simple_downsizer.axi_downsizer_inst/USE_READ.read_data_inst/current_word_1_reg[1]/Q
                         net (fo=1, routed)           0.185     2.022    design_1_i/ps8_0_axi_periph/s00_couplers/auto_ds/inst/gen_downsizer.gen_simple_downsizer.axi_downsizer_inst/USE_READ.read_data_inst/current_word_1[1]
    SLICE_X42Y56         LUT4 (Prop_D6LUT_SLICEL_I0_O)
                                                      0.122     2.144 r  design_1_i/ps8_0_axi_periph/s00_couplers/auto_ds/inst/gen_downsizer.gen_simple_downsizer.axi_downsizer_inst/USE_READ.read_data_inst/s_axi_rdata[127]_INST_0_i_3/O
                         net (fo=6, routed)           0.115     2.259    design_1_i/ps8_0_axi_periph/s00_couplers/auto_ds/inst/gen_downsizer.gen_simple_downsizer.axi_downsizer_inst/USE_READ.read_data_inst/current_word_1_reg[1]_0
    SLICE_X42Y56         LUT6 (Prop_G6LUT_SLICEL_I0_O)
                                                      0.149     2.408 r  design_1_i/ps8_0_axi_periph/s00_couplers/auto_ds/inst/gen_downsizer.gen_simple_downsizer.axi_downsizer_inst/USE_READ.read_data_inst/s_axi_rdata[127]_INST_0_i_1/O
                         net (fo=132, routed)         2.280     4.688    design_1_i/ps8_0_axi_periph/s00_couplers/auto_ds/inst/gen_downsizer.gen_simple_downsizer.axi_downsizer_inst/USE_READ.read_addr_inst/cmd_queue/inst/WORD_LANE[3].S_AXI_RDATA_II_reg[127]
    SLICE_X15Y183        LUT5 (Prop_G6LUT_SLICEL_I1_O)
                                                      0.050     4.738 r  design_1_i/ps8_0_axi_periph/s00_couplers/auto_ds/inst/gen_downsizer.gen_simple_downsizer.axi_downsizer_inst/USE_READ.read_addr_inst/cmd_queue/inst/s_axi_rdata[124]_INST_0/O
                         net (fo=1, routed)           1.942     6.680    design_1_i/zynq_ultra_ps_e_0/inst/maxigp0_rdata[124]
    PS8_X0Y0             PS8                                          r  design_1_i/zynq_ultra_ps_e_0/inst/PS8_i/MAXIGP0RDATA[124]
  -------------------------------------------------------------------    -------------------

                         (clock clk_pl_0 rise edge)
                                                     10.000    10.000 r  
    PS8_X0Y0             PS8                          0.000    10.000 r  design_1_i/zynq_ultra_ps_e_0/inst/PS8_i/PLCLK[0]
                         net (fo=1, routed)           0.105    10.105    design_1_i/zynq_ultra_ps_e_0/inst/pl_clk_unbuffered[0]
    BUFG_PS_X0Y58        BUFG_PS (Prop_BUFG_PS_I_O)
                                                      0.025    10.130 r  design_1_i/zynq_ultra_ps_e_0/inst/buffer_pl_clk_0.PL_CLK_0_BUFG/O
    X1Y1 (CLOCK_ROOT)    net (fo=10024, routed)       1.354    11.484    design_1_i/zynq_ultra_ps_e_0/inst/maxihpm0_fpd_aclk
    PS8_X0Y0             PS8                                          r  design_1_i/zynq_ultra_ps_e_0/inst/PS8_i/MAXIGP0ACLK
                         clock pessimism              0.146    11.630    
                         clock uncertainty           -0.130    11.500    
    PS8_X0Y0             PS8 (Setup_PS8_MAXIGP0ACLK_MAXIGP0RDATA[124])
                                                     -0.685    10.815    design_1_i/zynq_ultra_ps_e_0/inst/PS8_i
  -------------------------------------------------------------------
                         required time                         10.815    
                         arrival time                          -6.680    
  -------------------------------------------------------------------
                         slack                                  4.135    

Slack (MET) :             4.147ns  (required time - arrival time)
  Source:                 design_1_i/ps8_0_axi_periph/s00_couplers/auto_ds/inst/gen_downsizer.gen_simple_downsizer.axi_downsizer_inst/USE_READ.read_data_inst/current_word_1_reg[1]/C
                            (rising edge-triggered cell FDRE clocked by clk_pl_0  {rise@0.000ns fall@5.000ns period=10.000ns})
  Destination:            design_1_i/zynq_ultra_ps_e_0/inst/PS8_i/MAXIGP0RDATA[42]
                            (rising edge-triggered cell PS8 clocked by clk_pl_0  {rise@0.000ns fall@5.000ns period=10.000ns})
  Path Group:             clk_pl_0
  Path Type:              Setup (Max at Slow Process Corner)
  Requirement:            10.000ns  (clk_pl_0 rise@10.000ns - clk_pl_0 rise@0.000ns)
  Data Path Delay:        4.701ns  (logic 0.497ns (10.573%)  route 4.204ns (89.427%))
  Logic Levels:           3  (LUT4=1 LUT5=1 LUT6=1)
  Clock Path Skew:        -0.127ns (DCD - SCD + CPR)
    Destination Clock Delay (DCD):    1.484ns = ( 11.484 - 10.000 ) 
    Source Clock Delay      (SCD):    1.756ns
    Clock Pessimism Removal (CPR):    0.146ns
  Clock Uncertainty:      0.130ns  ((TSJ^2 + DJ^2)^1/2) / 2 + PE
    Total System Jitter     (TSJ):    0.071ns
    Discrete Jitter          (DJ):    0.250ns
    Phase Error              (PE):    0.000ns
  Clock Net Delay (Source):      1.593ns (routing 0.567ns, distribution 1.026ns)
  Clock Net Delay (Destination): 1.354ns (routing 0.510ns, distribution 0.844ns)

    Location             Delay type                Incr(ns)  Path(ns)    Netlist Resource(s)
  -------------------------------------------------------------------    -------------------
                         (clock clk_pl_0 rise edge)
                                                      0.000     0.000 r  
    PS8_X0Y0             PS8                          0.000     0.000 r  design_1_i/zynq_ultra_ps_e_0/inst/PS8_i/PLCLK[0]
                         net (fo=1, routed)           0.135     0.135    design_1_i/zynq_ultra_ps_e_0/inst/pl_clk_unbuffered[0]
    BUFG_PS_X0Y58        BUFG_PS (Prop_BUFG_PS_I_O)
                                                      0.028     0.163 r  design_1_i/zynq_ultra_ps_e_0/inst/buffer_pl_clk_0.PL_CLK_0_BUFG/O
    X1Y1 (CLOCK_ROOT)    net (fo=10024, routed)       1.593     1.756    design_1_i/ps8_0_axi_periph/s00_couplers/auto_ds/inst/gen_downsizer.gen_simple_downsizer.axi_downsizer_inst/USE_READ.read_data_inst/CLK
    SLICE_X42Y56         FDRE                                         r  design_1_i/ps8_0_axi_periph/s00_couplers/auto_ds/inst/gen_downsizer.gen_simple_downsizer.axi_downsizer_inst/USE_READ.read_data_inst/current_word_1_reg[1]/C
  -------------------------------------------------------------------    -------------------
    SLICE_X42Y56         FDRE (Prop_AFF2_SLICEL_C_Q)
                                                      0.081     1.837 r  design_1_i/ps8_0_axi_periph/s00_couplers/auto_ds/inst/gen_downsizer.gen_simple_downsizer.axi_downsizer_inst/USE_READ.read_data_inst/current_word_1_reg[1]/Q
                         net (fo=1, routed)           0.185     2.022    design_1_i/ps8_0_axi_periph/s00_couplers/auto_ds/inst/gen_downsizer.gen_simple_downsizer.axi_downsizer_inst/USE_READ.read_data_inst/current_word_1[1]
    SLICE_X42Y56         LUT4 (Prop_D6LUT_SLICEL_I0_O)
                                                      0.122     2.144 r  design_1_i/ps8_0_axi_periph/s00_couplers/auto_ds/inst/gen_downsizer.gen_simple_downsizer.axi_downsizer_inst/USE_READ.read_data_inst/s_axi_rdata[127]_INST_0_i_3/O
                         net (fo=6, routed)           0.115     2.259    design_1_i/ps8_0_axi_periph/s00_couplers/auto_ds/inst/gen_downsizer.gen_simple_downsizer.axi_downsizer_inst/USE_READ.read_data_inst/current_word_1_reg[1]_0
    SLICE_X42Y56         LUT6 (Prop_G6LUT_SLICEL_I0_O)
                                                      0.149     2.408 r  design_1_i/ps8_0_axi_periph/s00_couplers/auto_ds/inst/gen_downsizer.gen_simple_downsizer.axi_downsizer_inst/USE_READ.read_data_inst/s_axi_rdata[127]_INST_0_i_1/O
                         net (fo=132, routed)         2.012     4.420    design_1_i/ps8_0_axi_periph/s00_couplers/auto_ds/inst/gen_downsizer.gen_simple_downsizer.axi_downsizer_inst/USE_READ.read_addr_inst/cmd_queue/inst/WORD_LANE[3].S_AXI_RDATA_II_reg[127]
    SLICE_X20Y182        LUT5 (Prop_C6LUT_SLICEM_I2_O)
                                                      0.145     4.565 r  design_1_i/ps8_0_axi_periph/s00_couplers/auto_ds/inst/gen_downsizer.gen_simple_downsizer.axi_downsizer_inst/USE_READ.read_addr_inst/cmd_queue/inst/s_axi_rdata[42]_INST_0/O
                         net (fo=1, routed)           1.892     6.457    design_1_i/zynq_ultra_ps_e_0/inst/maxigp0_rdata[42]
    PS8_X0Y0             PS8                                          r  design_1_i/zynq_ultra_ps_e_0/inst/PS8_i/MAXIGP0RDATA[42]
  -------------------------------------------------------------------    -------------------

                         (clock clk_pl_0 rise edge)
                                                     10.000    10.000 r  
    PS8_X0Y0             PS8                          0.000    10.000 r  design_1_i/zynq_ultra_ps_e_0/inst/PS8_i/PLCLK[0]
                         net (fo=1, routed)           0.105    10.105    design_1_i/zynq_ultra_ps_e_0/inst/pl_clk_unbuffered[0]
    BUFG_PS_X0Y58        BUFG_PS (Prop_BUFG_PS_I_O)
                                                      0.025    10.130 r  design_1_i/zynq_ultra_ps_e_0/inst/buffer_pl_clk_0.PL_CLK_0_BUFG/O
    X1Y1 (CLOCK_ROOT)    net (fo=10024, routed)       1.354    11.484    design_1_i/zynq_ultra_ps_e_0/inst/maxihpm0_fpd_aclk
    PS8_X0Y0             PS8                                          r  design_1_i/zynq_ultra_ps_e_0/inst/PS8_i/MAXIGP0ACLK
                         clock pessimism              0.146    11.630    
                         clock uncertainty           -0.130    11.500    
    PS8_X0Y0             PS8 (Setup_PS8_MAXIGP0ACLK_MAXIGP0RDATA[42])
                                                     -0.896    10.604    design_1_i/zynq_ultra_ps_e_0/inst/PS8_i
  -------------------------------------------------------------------
                         required time                         10.604    
                         arrival time                          -6.457    
  -------------------------------------------------------------------
                         slack                                  4.147    

Slack (MET) :             4.192ns  (required time - arrival time)
  Source:                 design_1_i/ps8_0_axi_periph/s00_couplers/auto_ds/inst/gen_downsizer.gen_simple_downsizer.axi_downsizer_inst/USE_READ.read_data_inst/current_word_1_reg[1]/C
                            (rising edge-triggered cell FDRE clocked by clk_pl_0  {rise@0.000ns fall@5.000ns period=10.000ns})
  Destination:            design_1_i/zynq_ultra_ps_e_0/inst/PS8_i/MAXIGP0RDATA[59]
                            (rising edge-triggered cell PS8 clocked by clk_pl_0  {rise@0.000ns fall@5.000ns period=10.000ns})
  Path Group:             clk_pl_0
  Path Type:              Setup (Max at Slow Process Corner)
  Requirement:            10.000ns  (clk_pl_0 rise@10.000ns - clk_pl_0 rise@0.000ns)
  Data Path Delay:        4.699ns  (logic 0.404ns (8.598%)  route 4.295ns (91.402%))
  Logic Levels:           3  (LUT4=1 LUT5=1 LUT6=1)
  Clock Path Skew:        -0.127ns (DCD - SCD + CPR)
    Destination Clock Delay (DCD):    1.484ns = ( 11.484 - 10.000 ) 
    Source Clock Delay      (SCD):    1.756ns
    Clock Pessimism Removal (CPR):    0.146ns
  Clock Uncertainty:      0.130ns  ((TSJ^2 + DJ^2)^1/2) / 2 + PE
    Total System Jitter     (TSJ):    0.071ns
    Discrete Jitter          (DJ):    0.250ns
    Phase Error              (PE):    0.000ns
  Clock Net Delay (Source):      1.593ns (routing 0.567ns, distribution 1.026ns)
  Clock Net Delay (Destination): 1.354ns (routing 0.510ns, distribution 0.844ns)

    Location             Delay type                Incr(ns)  Path(ns)    Netlist Resource(s)
  -------------------------------------------------------------------    -------------------
                         (clock clk_pl_0 rise edge)
                                                      0.000     0.000 r  
    PS8_X0Y0             PS8                          0.000     0.000 r  design_1_i/zynq_ultra_ps_e_0/inst/PS8_i/PLCLK[0]
                         net (fo=1, routed)           0.135     0.135    design_1_i/zynq_ultra_ps_e_0/inst/pl_clk_unbuffered[0]
    BUFG_PS_X0Y58        BUFG_PS (Prop_BUFG_PS_I_O)
                                                      0.028     0.163 r  design_1_i/zynq_ultra_ps_e_0/inst/buffer_pl_clk_0.PL_CLK_0_BUFG/O
    X1Y1 (CLOCK_ROOT)    net (fo=10024, routed)       1.593     1.756    design_1_i/ps8_0_axi_periph/s00_couplers/auto_ds/inst/gen_downsizer.gen_simple_downsizer.axi_downsizer_inst/USE_READ.read_data_inst/CLK
    SLICE_X42Y56         FDRE                                         r  design_1_i/ps8_0_axi_periph/s00_couplers/auto_ds/inst/gen_downsizer.gen_simple_downsizer.axi_downsizer_inst/USE_READ.read_data_inst/current_word_1_reg[1]/C
  -------------------------------------------------------------------    -------------------
    SLICE_X42Y56         FDRE (Prop_AFF2_SLICEL_C_Q)
                                                      0.081     1.837 r  design_1_i/ps8_0_axi_periph/s00_couplers/auto_ds/inst/gen_downsizer.gen_simple_downsizer.axi_downsizer_inst/USE_READ.read_data_inst/current_word_1_reg[1]/Q
                         net (fo=1, routed)           0.185     2.022    design_1_i/ps8_0_axi_periph/s00_couplers/auto_ds/inst/gen_downsizer.gen_simple_downsizer.axi_downsizer_inst/USE_READ.read_data_inst/current_word_1[1]
    SLICE_X42Y56         LUT4 (Prop_D6LUT_SLICEL_I0_O)
                                                      0.122     2.144 r  design_1_i/ps8_0_axi_periph/s00_couplers/auto_ds/inst/gen_downsizer.gen_simple_downsizer.axi_downsizer_inst/USE_READ.read_data_inst/s_axi_rdata[127]_INST_0_i_3/O
                         net (fo=6, routed)           0.115     2.259    design_1_i/ps8_0_axi_periph/s00_couplers/auto_ds/inst/gen_downsizer.gen_simple_downsizer.axi_downsizer_inst/USE_READ.read_data_inst/current_word_1_reg[1]_0
    SLICE_X42Y56         LUT6 (Prop_G6LUT_SLICEL_I0_O)
                                                      0.149     2.408 r  design_1_i/ps8_0_axi_periph/s00_couplers/auto_ds/inst/gen_downsizer.gen_simple_downsizer.axi_downsizer_inst/USE_READ.read_data_inst/s_axi_rdata[127]_INST_0_i_1/O
                         net (fo=132, routed)         1.998     4.406    design_1_i/ps8_0_axi_periph/s00_couplers/auto_ds/inst/gen_downsizer.gen_simple_downsizer.axi_downsizer_inst/USE_READ.read_addr_inst/cmd_queue/inst/WORD_LANE[3].S_AXI_RDATA_II_reg[127]
    SLICE_X20Y182        LUT5 (Prop_B6LUT_SLICEM_I2_O)
                                                      0.052     4.458 r  design_1_i/ps8_0_axi_periph/s00_couplers/auto_ds/inst/gen_downsizer.gen_simple_downsizer.axi_downsizer_inst/USE_READ.read_addr_inst/cmd_queue/inst/s_axi_rdata[59]_INST_0/O
                         net (fo=1, routed)           1.997     6.455    design_1_i/zynq_ultra_ps_e_0/inst/maxigp0_rdata[59]
    PS8_X0Y0             PS8                                          r  design_1_i/zynq_ultra_ps_e_0/inst/PS8_i/MAXIGP0RDATA[59]
  -------------------------------------------------------------------    -------------------

                         (clock clk_pl_0 rise edge)
                                                     10.000    10.000 r  
    PS8_X0Y0             PS8                          0.000    10.000 r  design_1_i/zynq_ultra_ps_e_0/inst/PS8_i/PLCLK[0]
                         net (fo=1, routed)           0.105    10.105    design_1_i/zynq_ultra_ps_e_0/inst/pl_clk_unbuffered[0]
    BUFG_PS_X0Y58        BUFG_PS (Prop_BUFG_PS_I_O)
                                                      0.025    10.130 r  design_1_i/zynq_ultra_ps_e_0/inst/buffer_pl_clk_0.PL_CLK_0_BUFG/O
    X1Y1 (CLOCK_ROOT)    net (fo=10024, routed)       1.354    11.484    design_1_i/zynq_ultra_ps_e_0/inst/maxihpm0_fpd_aclk
    PS8_X0Y0             PS8                                          r  design_1_i/zynq_ultra_ps_e_0/inst/PS8_i/MAXIGP0ACLK
                         clock pessimism              0.146    11.630    
                         clock uncertainty           -0.130    11.500    
    PS8_X0Y0             PS8 (Setup_PS8_MAXIGP0ACLK_MAXIGP0RDATA[59])
                                                     -0.853    10.647    design_1_i/zynq_ultra_ps_e_0/inst/PS8_i
  -------------------------------------------------------------------
                         required time                         10.647    
                         arrival time                          -6.455    
  -------------------------------------------------------------------
                         slack                                  4.192    

Slack (MET) :             4.224ns  (required time - arrival time)
  Source:                 design_1_i/ps8_0_axi_periph/s00_couplers/auto_ds/inst/gen_downsizer.gen_simple_downsizer.axi_downsizer_inst/USE_READ.read_data_inst/current_word_1_reg[1]/C
                            (rising edge-triggered cell FDRE clocked by clk_pl_0  {rise@0.000ns fall@5.000ns period=10.000ns})
  Destination:            design_1_i/zynq_ultra_ps_e_0/inst/PS8_i/MAXIGP0RDATA[82]
                            (rising edge-triggered cell PS8 clocked by clk_pl_0  {rise@0.000ns fall@5.000ns period=10.000ns})
  Path Group:             clk_pl_0
  Path Type:              Setup (Max at Slow Process Corner)
  Requirement:            10.000ns  (clk_pl_0 rise@10.000ns - clk_pl_0 rise@0.000ns)
  Data Path Delay:        4.694ns  (logic 0.450ns (9.588%)  route 4.244ns (90.412%))
  Logic Levels:           3  (LUT4=1 LUT5=1 LUT6=1)
  Clock Path Skew:        -0.127ns (DCD - SCD + CPR)
    Destination Clock Delay (DCD):    1.484ns = ( 11.484 - 10.000 ) 
    Source Clock Delay      (SCD):    1.756ns
    Clock Pessimism Removal (CPR):    0.146ns
  Clock Uncertainty:      0.130ns  ((TSJ^2 + DJ^2)^1/2) / 2 + PE
    Total System Jitter     (TSJ):    0.071ns
    Discrete Jitter          (DJ):    0.250ns
    Phase Error              (PE):    0.000ns
  Clock Net Delay (Source):      1.593ns (routing 0.567ns, distribution 1.026ns)
  Clock Net Delay (Destination): 1.354ns (routing 0.510ns, distribution 0.844ns)

    Location             Delay type                Incr(ns)  Path(ns)    Netlist Resource(s)
  -------------------------------------------------------------------    -------------------
                         (clock clk_pl_0 rise edge)
                                                      0.000     0.000 r  
    PS8_X0Y0             PS8                          0.000     0.000 r  design_1_i/zynq_ultra_ps_e_0/inst/PS8_i/PLCLK[0]
                         net (fo=1, routed)           0.135     0.135    design_1_i/zynq_ultra_ps_e_0/inst/pl_clk_unbuffered[0]
    BUFG_PS_X0Y58        BUFG_PS (Prop_BUFG_PS_I_O)
                                                      0.028     0.163 r  design_1_i/zynq_ultra_ps_e_0/inst/buffer_pl_clk_0.PL_CLK_0_BUFG/O
    X1Y1 (CLOCK_ROOT)    net (fo=10024, routed)       1.593     1.756    design_1_i/ps8_0_axi_periph/s00_couplers/auto_ds/inst/gen_downsizer.gen_simple_downsizer.axi_downsizer_inst/USE_READ.read_data_inst/CLK
    SLICE_X42Y56         FDRE                                         r  design_1_i/ps8_0_axi_periph/s00_couplers/auto_ds/inst/gen_downsizer.gen_simple_downsizer.axi_downsizer_inst/USE_READ.read_data_inst/current_word_1_reg[1]/C
  -------------------------------------------------------------------    -------------------
    SLICE_X42Y56         FDRE (Prop_AFF2_SLICEL_C_Q)
                                                      0.081     1.837 r  design_1_i/ps8_0_axi_periph/s00_couplers/auto_ds/inst/gen_downsizer.gen_simple_downsizer.axi_downsizer_inst/USE_READ.read_data_inst/current_word_1_reg[1]/Q
                         net (fo=1, routed)           0.185     2.022    design_1_i/ps8_0_axi_periph/s00_couplers/auto_ds/inst/gen_downsizer.gen_simple_downsizer.axi_downsizer_inst/USE_READ.read_data_inst/current_word_1[1]
    SLICE_X42Y56         LUT4 (Prop_D6LUT_SLICEL_I0_O)
                                                      0.122     2.144 r  design_1_i/ps8_0_axi_periph/s00_couplers/auto_ds/inst/gen_downsizer.gen_simple_downsizer.axi_downsizer_inst/USE_READ.read_data_inst/s_axi_rdata[127]_INST_0_i_3/O
                         net (fo=6, routed)           0.115     2.259    design_1_i/ps8_0_axi_periph/s00_couplers/auto_ds/inst/gen_downsizer.gen_simple_downsizer.axi_downsizer_inst/USE_READ.read_data_inst/current_word_1_reg[1]_0
    SLICE_X42Y56         LUT6 (Prop_G6LUT_SLICEL_I0_O)
                                                      0.149     2.408 r  design_1_i/ps8_0_axi_periph/s00_couplers/auto_ds/inst/gen_downsizer.gen_simple_downsizer.axi_downsizer_inst/USE_READ.read_data_inst/s_axi_rdata[127]_INST_0_i_1/O
                         net (fo=132, routed)         2.047     4.456    design_1_i/ps8_0_axi_periph/s00_couplers/auto_ds/inst/gen_downsizer.gen_simple_downsizer.axi_downsizer_inst/USE_READ.read_addr_inst/cmd_queue/inst/WORD_LANE[3].S_AXI_RDATA_II_reg[127]
    SLICE_X14Y183        LUT5 (Prop_F6LUT_SLICEM_I1_O)
                                                      0.098     4.554 r  design_1_i/ps8_0_axi_periph/s00_couplers/auto_ds/inst/gen_downsizer.gen_simple_downsizer.axi_downsizer_inst/USE_READ.read_addr_inst/cmd_queue/inst/s_axi_rdata[82]_INST_0/O
                         net (fo=1, routed)           1.896     6.450    design_1_i/zynq_ultra_ps_e_0/inst/maxigp0_rdata[82]
    PS8_X0Y0             PS8                                          r  design_1_i/zynq_ultra_ps_e_0/inst/PS8_i/MAXIGP0RDATA[82]
  -------------------------------------------------------------------    -------------------

                         (clock clk_pl_0 rise edge)
                                                     10.000    10.000 r  
    PS8_X0Y0             PS8                          0.000    10.000 r  design_1_i/zynq_ultra_ps_e_0/inst/PS8_i/PLCLK[0]
                         net (fo=1, routed)           0.105    10.105    design_1_i/zynq_ultra_ps_e_0/inst/pl_clk_unbuffered[0]
    BUFG_PS_X0Y58        BUFG_PS (Prop_BUFG_PS_I_O)
                                                      0.025    10.130 r  design_1_i/zynq_ultra_ps_e_0/inst/buffer_pl_clk_0.PL_CLK_0_BUFG/O
    X1Y1 (CLOCK_ROOT)    net (fo=10024, routed)       1.354    11.484    design_1_i/zynq_ultra_ps_e_0/inst/maxihpm0_fpd_aclk
    PS8_X0Y0             PS8                                          r  design_1_i/zynq_ultra_ps_e_0/inst/PS8_i/MAXIGP0ACLK
                         clock pessimism              0.146    11.630    
                         clock uncertainty           -0.130    11.500    
    PS8_X0Y0             PS8 (Setup_PS8_MAXIGP0ACLK_MAXIGP0RDATA[82])
                                                     -0.826    10.674    design_1_i/zynq_ultra_ps_e_0/inst/PS8_i
  -------------------------------------------------------------------
                         required time                         10.674    
                         arrival time                          -6.450    
  -------------------------------------------------------------------
                         slack                                  4.224    

Slack (MET) :             4.228ns  (required time - arrival time)
  Source:                 design_1_i/ps8_0_axi_periph/s00_couplers/auto_ds/inst/gen_downsizer.gen_simple_downsizer.axi_downsizer_inst/USE_READ.read_data_inst/current_word_1_reg[1]/C
                            (rising edge-triggered cell FDRE clocked by clk_pl_0  {rise@0.000ns fall@5.000ns period=10.000ns})
  Destination:            design_1_i/zynq_ultra_ps_e_0/inst/PS8_i/MAXIGP0RDATA[22]
                            (rising edge-triggered cell PS8 clocked by clk_pl_0  {rise@0.000ns fall@5.000ns period=10.000ns})
  Path Group:             clk_pl_0
  Path Type:              Setup (Max at Slow Process Corner)
  Requirement:            10.000ns  (clk_pl_0 rise@10.000ns - clk_pl_0 rise@0.000ns)
  Data Path Delay:        4.671ns  (logic 0.403ns (8.628%)  route 4.268ns (91.372%))
  Logic Levels:           3  (LUT4=1 LUT5=1 LUT6=1)
  Clock Path Skew:        -0.127ns (DCD - SCD + CPR)
    Destination Clock Delay (DCD):    1.484ns = ( 11.484 - 10.000 ) 
    Source Clock Delay      (SCD):    1.756ns
    Clock Pessimism Removal (CPR):    0.146ns
  Clock Uncertainty:      0.130ns  ((TSJ^2 + DJ^2)^1/2) / 2 + PE
    Total System Jitter     (TSJ):    0.071ns
    Discrete Jitter          (DJ):    0.250ns
    Phase Error              (PE):    0.000ns
  Clock Net Delay (Source):      1.593ns (routing 0.567ns, distribution 1.026ns)
  Clock Net Delay (Destination): 1.354ns (routing 0.510ns, distribution 0.844ns)

    Location             Delay type                Incr(ns)  Path(ns)    Netlist Resource(s)
  -------------------------------------------------------------------    -------------------
                         (clock clk_pl_0 rise edge)
                                                      0.000     0.000 r  
    PS8_X0Y0             PS8                          0.000     0.000 r  design_1_i/zynq_ultra_ps_e_0/inst/PS8_i/PLCLK[0]
                         net (fo=1, routed)           0.135     0.135    design_1_i/zynq_ultra_ps_e_0/inst/pl_clk_unbuffered[0]
    BUFG_PS_X0Y58        BUFG_PS (Prop_BUFG_PS_I_O)
                                                      0.028     0.163 r  design_1_i/zynq_ultra_ps_e_0/inst/buffer_pl_clk_0.PL_CLK_0_BUFG/O
    X1Y1 (CLOCK_ROOT)    net (fo=10024, routed)       1.593     1.756    design_1_i/ps8_0_axi_periph/s00_couplers/auto_ds/inst/gen_downsizer.gen_simple_downsizer.axi_downsizer_inst/USE_READ.read_data_inst/CLK
    SLICE_X42Y56         FDRE                                         r  design_1_i/ps8_0_axi_periph/s00_couplers/auto_ds/inst/gen_downsizer.gen_simple_downsizer.axi_downsizer_inst/USE_READ.read_data_inst/current_word_1_reg[1]/C
  -------------------------------------------------------------------    -------------------
    SLICE_X42Y56         FDRE (Prop_AFF2_SLICEL_C_Q)
                                                      0.081     1.837 r  design_1_i/ps8_0_axi_periph/s00_couplers/auto_ds/inst/gen_downsizer.gen_simple_downsizer.axi_downsizer_inst/USE_READ.read_data_inst/current_word_1_reg[1]/Q
                         net (fo=1, routed)           0.185     2.022    design_1_i/ps8_0_axi_periph/s00_couplers/auto_ds/inst/gen_downsizer.gen_simple_downsizer.axi_downsizer_inst/USE_READ.read_data_inst/current_word_1[1]
    SLICE_X42Y56         LUT4 (Prop_D6LUT_SLICEL_I0_O)
                                                      0.122     2.144 r  design_1_i/ps8_0_axi_periph/s00_couplers/auto_ds/inst/gen_downsizer.gen_simple_downsizer.axi_downsizer_inst/USE_READ.read_data_inst/s_axi_rdata[127]_INST_0_i_3/O
                         net (fo=6, routed)           0.115     2.259    design_1_i/ps8_0_axi_periph/s00_couplers/auto_ds/inst/gen_downsizer.gen_simple_downsizer.axi_downsizer_inst/USE_READ.read_data_inst/current_word_1_reg[1]_0
    SLICE_X42Y56         LUT6 (Prop_G6LUT_SLICEL_I0_O)
                                                      0.149     2.408 r  design_1_i/ps8_0_axi_periph/s00_couplers/auto_ds/inst/gen_downsizer.gen_simple_downsizer.axi_downsizer_inst/USE_READ.read_data_inst/s_axi_rdata[127]_INST_0_i_1/O
                         net (fo=132, routed)         2.220     4.628    design_1_i/ps8_0_axi_periph/s00_couplers/auto_ds/inst/gen_downsizer.gen_simple_downsizer.axi_downsizer_inst/USE_READ.read_addr_inst/cmd_queue/inst/WORD_LANE[3].S_AXI_RDATA_II_reg[127]
    SLICE_X17Y182        LUT5 (Prop_H6LUT_SLICEL_I2_O)
                                                      0.051     4.679 r  design_1_i/ps8_0_axi_periph/s00_couplers/auto_ds/inst/gen_downsizer.gen_simple_downsizer.axi_downsizer_inst/USE_READ.read_addr_inst/cmd_queue/inst/s_axi_rdata[22]_INST_0/O
                         net (fo=1, routed)           1.748     6.427    design_1_i/zynq_ultra_ps_e_0/inst/maxigp0_rdata[22]
    PS8_X0Y0             PS8                                          r  design_1_i/zynq_ultra_ps_e_0/inst/PS8_i/MAXIGP0RDATA[22]
  -------------------------------------------------------------------    -------------------

                         (clock clk_pl_0 rise edge)
                                                     10.000    10.000 r  
    PS8_X0Y0             PS8                          0.000    10.000 r  design_1_i/zynq_ultra_ps_e_0/inst/PS8_i/PLCLK[0]
                         net (fo=1, routed)           0.105    10.105    design_1_i/zynq_ultra_ps_e_0/inst/pl_clk_unbuffered[0]
    BUFG_PS_X0Y58        BUFG_PS (Prop_BUFG_PS_I_O)
                                                      0.025    10.130 r  design_1_i/zynq_ultra_ps_e_0/inst/buffer_pl_clk_0.PL_CLK_0_BUFG/O
    X1Y1 (CLOCK_ROOT)    net (fo=10024, routed)       1.354    11.484    design_1_i/zynq_ultra_ps_e_0/inst/maxihpm0_fpd_aclk
    PS8_X0Y0             PS8                                          r  design_1_i/zynq_ultra_ps_e_0/inst/PS8_i/MAXIGP0ACLK
                         clock pessimism              0.146    11.630    
                         clock uncertainty           -0.130    11.500    
    PS8_X0Y0             PS8 (Setup_PS8_MAXIGP0ACLK_MAXIGP0RDATA[22])
                                                     -0.845    10.655    design_1_i/zynq_ultra_ps_e_0/inst/PS8_i
  -------------------------------------------------------------------
                         required time                         10.655    
                         arrival time                          -6.427    
  -------------------------------------------------------------------
                         slack                                  4.228    

Slack (MET) :             4.228ns  (required time - arrival time)
  Source:                 design_1_i/ps8_0_axi_periph/s00_couplers/auto_ds/inst/gen_downsizer.gen_simple_downsizer.axi_downsizer_inst/USE_READ.read_data_inst/current_word_1_reg[1]/C
                            (rising edge-triggered cell FDRE clocked by clk_pl_0  {rise@0.000ns fall@5.000ns period=10.000ns})
  Destination:            design_1_i/zynq_ultra_ps_e_0/inst/PS8_i/MAXIGP0RDATA[86]
                            (rising edge-triggered cell PS8 clocked by clk_pl_0  {rise@0.000ns fall@5.000ns period=10.000ns})
  Path Group:             clk_pl_0
  Path Type:              Setup (Max at Slow Process Corner)
  Requirement:            10.000ns  (clk_pl_0 rise@10.000ns - clk_pl_0 rise@0.000ns)
  Data Path Delay:        4.838ns  (logic 0.441ns (9.115%)  route 4.397ns (90.885%))
  Logic Levels:           3  (LUT4=1 LUT5=1 LUT6=1)
  Clock Path Skew:        -0.127ns (DCD - SCD + CPR)
    Destination Clock Delay (DCD):    1.484ns = ( 11.484 - 10.000 ) 
    Source Clock Delay      (SCD):    1.756ns
    Clock Pessimism Removal (CPR):    0.146ns
  Clock Uncertainty:      0.130ns  ((TSJ^2 + DJ^2)^1/2) / 2 + PE
    Total System Jitter     (TSJ):    0.071ns
    Discrete Jitter          (DJ):    0.250ns
    Phase Error              (PE):    0.000ns
  Clock Net Delay (Source):      1.593ns (routing 0.567ns, distribution 1.026ns)
  Clock Net Delay (Destination): 1.354ns (routing 0.510ns, distribution 0.844ns)

    Location             Delay type                Incr(ns)  Path(ns)    Netlist Resource(s)
  -------------------------------------------------------------------    -------------------
                         (clock clk_pl_0 rise edge)
                                                      0.000     0.000 r  
    PS8_X0Y0             PS8                          0.000     0.000 r  design_1_i/zynq_ultra_ps_e_0/inst/PS8_i/PLCLK[0]
                         net (fo=1, routed)           0.135     0.135    design_1_i/zynq_ultra_ps_e_0/inst/pl_clk_unbuffered[0]
    BUFG_PS_X0Y58        BUFG_PS (Prop_BUFG_PS_I_O)
                                                      0.028     0.163 r  design_1_i/zynq_ultra_ps_e_0/inst/buffer_pl_clk_0.PL_CLK_0_BUFG/O
    X1Y1 (CLOCK_ROOT)    net (fo=10024, routed)       1.593     1.756    design_1_i/ps8_0_axi_periph/s00_couplers/auto_ds/inst/gen_downsizer.gen_simple_downsizer.axi_downsizer_inst/USE_READ.read_data_inst/CLK
    SLICE_X42Y56         FDRE                                         r  design_1_i/ps8_0_axi_periph/s00_couplers/auto_ds/inst/gen_downsizer.gen_simple_downsizer.axi_downsizer_inst/USE_READ.read_data_inst/current_word_1_reg[1]/C
  -------------------------------------------------------------------    -------------------
    SLICE_X42Y56         FDRE (Prop_AFF2_SLICEL_C_Q)
                                                      0.081     1.837 r  design_1_i/ps8_0_axi_periph/s00_couplers/auto_ds/inst/gen_downsizer.gen_simple_downsizer.axi_downsizer_inst/USE_READ.read_data_inst/current_word_1_reg[1]/Q
                         net (fo=1, routed)           0.185     2.022    design_1_i/ps8_0_axi_periph/s00_couplers/auto_ds/inst/gen_downsizer.gen_simple_downsizer.axi_downsizer_inst/USE_READ.read_data_inst/current_word_1[1]
    SLICE_X42Y56         LUT4 (Prop_D6LUT_SLICEL_I0_O)
                                                      0.122     2.144 r  design_1_i/ps8_0_axi_periph/s00_couplers/auto_ds/inst/gen_downsizer.gen_simple_downsizer.axi_downsizer_inst/USE_READ.read_data_inst/s_axi_rdata[127]_INST_0_i_3/O
                         net (fo=6, routed)           0.115     2.259    design_1_i/ps8_0_axi_periph/s00_couplers/auto_ds/inst/gen_downsizer.gen_simple_downsizer.axi_downsizer_inst/USE_READ.read_data_inst/current_word_1_reg[1]_0
    SLICE_X42Y56         LUT6 (Prop_G6LUT_SLICEL_I0_O)
                                                      0.149     2.408 r  design_1_i/ps8_0_axi_periph/s00_couplers/auto_ds/inst/gen_downsizer.gen_simple_downsizer.axi_downsizer_inst/USE_READ.read_data_inst/s_axi_rdata[127]_INST_0_i_1/O
                         net (fo=132, routed)         2.273     4.681    design_1_i/ps8_0_axi_periph/s00_couplers/auto_ds/inst/gen_downsizer.gen_simple_downsizer.axi_downsizer_inst/USE_READ.read_addr_inst/cmd_queue/inst/WORD_LANE[3].S_AXI_RDATA_II_reg[127]
    SLICE_X17Y182        LUT5 (Prop_D6LUT_SLICEL_I1_O)
                                                      0.089     4.770 r  design_1_i/ps8_0_axi_periph/s00_couplers/auto_ds/inst/gen_downsizer.gen_simple_downsizer.axi_downsizer_inst/USE_READ.read_addr_inst/cmd_queue/inst/s_axi_rdata[86]_INST_0/O
                         net (fo=1, routed)           1.824     6.594    design_1_i/zynq_ultra_ps_e_0/inst/maxigp0_rdata[86]
    PS8_X0Y0             PS8                                          r  design_1_i/zynq_ultra_ps_e_0/inst/PS8_i/MAXIGP0RDATA[86]
  -------------------------------------------------------------------    -------------------

                         (clock clk_pl_0 rise edge)
                                                     10.000    10.000 r  
    PS8_X0Y0             PS8                          0.000    10.000 r  design_1_i/zynq_ultra_ps_e_0/inst/PS8_i/PLCLK[0]
                         net (fo=1, routed)           0.105    10.105    design_1_i/zynq_ultra_ps_e_0/inst/pl_clk_unbuffered[0]
    BUFG_PS_X0Y58        BUFG_PS (Prop_BUFG_PS_I_O)
                                                      0.025    10.130 r  design_1_i/zynq_ultra_ps_e_0/inst/buffer_pl_clk_0.PL_CLK_0_BUFG/O
    X1Y1 (CLOCK_ROOT)    net (fo=10024, routed)       1.354    11.484    design_1_i/zynq_ultra_ps_e_0/inst/maxihpm0_fpd_aclk
    PS8_X0Y0             PS8                                          r  design_1_i/zynq_ultra_ps_e_0/inst/PS8_i/MAXIGP0ACLK
                         clock pessimism              0.146    11.630    
                         clock uncertainty           -0.130    11.500    
    PS8_X0Y0             PS8 (Setup_PS8_MAXIGP0ACLK_MAXIGP0RDATA[86])
                                                     -0.678    10.822    design_1_i/zynq_ultra_ps_e_0/inst/PS8_i
  -------------------------------------------------------------------
                         required time                         10.822    
                         arrival time                          -6.594    
  -------------------------------------------------------------------
                         slack                                  4.228    





Min Delay Paths
--------------------------------------------------------------------------------------
Slack (MET) :             0.010ns  (arrival time - required time)
  Source:                 design_1_i/ps8_0_axi_periph/s01_couplers/auto_ds/inst/gen_downsizer.gen_simple_downsizer.axi_downsizer_inst/USE_WRITE.write_addr_inst/cmd_queue/inst/fifo_gen_inst/inst_fifo_gen/gconvfifo.rf/grf.rf/gntv_or_sync_fifo.mem/gdm.dm_gen.dm/gpr1.dout_i_reg[13]/C
                            (rising edge-triggered cell FDRE clocked by clk_pl_0  {rise@0.000ns fall@5.000ns period=10.000ns})
  Destination:            design_1_i/ps8_0_axi_periph/s01_couplers/auto_ds/inst/gen_downsizer.gen_simple_downsizer.axi_downsizer_inst/USE_WRITE.write_addr_inst/cmd_queue/inst/fifo_gen_inst/inst_fifo_gen/gconvfifo.rf/grf.rf/gntv_or_sync_fifo.mem/goreg_dm.dout_i_reg[13]/D
                            (rising edge-triggered cell FDRE clocked by clk_pl_0  {rise@0.000ns fall@5.000ns period=10.000ns})
  Path Group:             clk_pl_0
  Path Type:              Hold (Min at Slow Process Corner)
  Requirement:            0.000ns  (clk_pl_0 rise@0.000ns - clk_pl_0 rise@0.000ns)
  Data Path Delay:        0.149ns  (logic 0.058ns (38.926%)  route 0.091ns (61.074%))
  Logic Levels:           0  
  Clock Path Skew:        0.077ns (DCD - SCD - CPR)
    Destination Clock Delay (DCD):    1.729ns
    Source Clock Delay      (SCD):    1.511ns
    Clock Pessimism Removal (CPR):    0.140ns
  Clock Net Delay (Source):      1.381ns (routing 0.510ns, distribution 0.871ns)
  Clock Net Delay (Destination): 1.566ns (routing 0.567ns, distribution 0.999ns)

    Location             Delay type                Incr(ns)  Path(ns)    Netlist Resource(s)
  -------------------------------------------------------------------    -------------------
                         (clock clk_pl_0 rise edge)
                                                      0.000     0.000 r  
    PS8_X0Y0             PS8                          0.000     0.000 r  design_1_i/zynq_ultra_ps_e_0/inst/PS8_i/PLCLK[0]
                         net (fo=1, routed)           0.105     0.105    design_1_i/zynq_ultra_ps_e_0/inst/pl_clk_unbuffered[0]
    BUFG_PS_X0Y58        BUFG_PS (Prop_BUFG_PS_I_O)
                                                      0.025     0.130 r  design_1_i/zynq_ultra_ps_e_0/inst/buffer_pl_clk_0.PL_CLK_0_BUFG/O
    X1Y1 (CLOCK_ROOT)    net (fo=10024, routed)       1.381     1.511    design_1_i/ps8_0_axi_periph/s01_couplers/auto_ds/inst/gen_downsizer.gen_simple_downsizer.axi_downsizer_inst/USE_WRITE.write_addr_inst/cmd_queue/inst/fifo_gen_inst/inst_fifo_gen/gconvfifo.rf/grf.rf/gntv_or_sync_fifo.mem/gdm.dm_gen.dm/clk
    SLICE_X44Y79         FDRE                                         r  design_1_i/ps8_0_axi_periph/s01_couplers/auto_ds/inst/gen_downsizer.gen_simple_downsizer.axi_downsizer_inst/USE_WRITE.write_addr_inst/cmd_queue/inst/fifo_gen_inst/inst_fifo_gen/gconvfifo.rf/grf.rf/gntv_or_sync_fifo.mem/gdm.dm_gen.dm/gpr1.dout_i_reg[13]/C
  -------------------------------------------------------------------    -------------------
    SLICE_X44Y79         FDRE (Prop_GFF_SLICEM_C_Q)
                                                      0.058     1.569 r  design_1_i/ps8_0_axi_periph/s01_couplers/auto_ds/inst/gen_downsizer.gen_simple_downsizer.axi_downsizer_inst/USE_WRITE.write_addr_inst/cmd_queue/inst/fifo_gen_inst/inst_fifo_gen/gconvfifo.rf/grf.rf/gntv_or_sync_fifo.mem/gdm.dm_gen.dm/gpr1.dout_i_reg[13]/Q
                         net (fo=1, routed)           0.091     1.660    design_1_i/ps8_0_axi_periph/s01_couplers/auto_ds/inst/gen_downsizer.gen_simple_downsizer.axi_downsizer_inst/USE_WRITE.write_addr_inst/cmd_queue/inst/fifo_gen_inst/inst_fifo_gen/gconvfifo.rf/grf.rf/gntv_or_sync_fifo.mem/dout_i[13]
    SLICE_X43Y79         FDRE                                         r  design_1_i/ps8_0_axi_periph/s01_couplers/auto_ds/inst/gen_downsizer.gen_simple_downsizer.axi_downsizer_inst/USE_WRITE.write_addr_inst/cmd_queue/inst/fifo_gen_inst/inst_fifo_gen/gconvfifo.rf/grf.rf/gntv_or_sync_fifo.mem/goreg_dm.dout_i_reg[13]/D
  -------------------------------------------------------------------    -------------------

                         (clock clk_pl_0 rise edge)
                                                      0.000     0.000 r  
    PS8_X0Y0             PS8                          0.000     0.000 r  design_1_i/zynq_ultra_ps_e_0/inst/PS8_i/PLCLK[0]
                         net (fo=1, routed)           0.135     0.135    design_1_i/zynq_ultra_ps_e_0/inst/pl_clk_unbuffered[0]
    BUFG_PS_X0Y58        BUFG_PS (Prop_BUFG_PS_I_O)
                                                      0.028     0.163 r  design_1_i/zynq_ultra_ps_e_0/inst/buffer_pl_clk_0.PL_CLK_0_BUFG/O
    X1Y1 (CLOCK_ROOT)    net (fo=10024, routed)       1.566     1.729    design_1_i/ps8_0_axi_periph/s01_couplers/auto_ds/inst/gen_downsizer.gen_simple_downsizer.axi_downsizer_inst/USE_WRITE.write_addr_inst/cmd_queue/inst/fifo_gen_inst/inst_fifo_gen/gconvfifo.rf/grf.rf/gntv_or_sync_fifo.mem/clk
    SLICE_X43Y79         FDRE                                         r  design_1_i/ps8_0_axi_periph/s01_couplers/auto_ds/inst/gen_downsizer.gen_simple_downsizer.axi_downsizer_inst/USE_WRITE.write_addr_inst/cmd_queue/inst/fifo_gen_inst/inst_fifo_gen/gconvfifo.rf/grf.rf/gntv_or_sync_fifo.mem/goreg_dm.dout_i_reg[13]/C
                         clock pessimism             -0.140     1.588    
    SLICE_X43Y79         FDRE (Hold_GFF2_SLICEM_C_D)
                                                      0.062     1.650    design_1_i/ps8_0_axi_periph/s01_couplers/auto_ds/inst/gen_downsizer.gen_simple_downsizer.axi_downsizer_inst/USE_WRITE.write_addr_inst/cmd_queue/inst/fifo_gen_inst/inst_fifo_gen/gconvfifo.rf/grf.rf/gntv_or_sync_fifo.mem/goreg_dm.dout_i_reg[13]
  -------------------------------------------------------------------
                         required time                         -1.650    
                         arrival time                           1.660    
  -------------------------------------------------------------------
                         slack                                  0.010    

Slack (MET) :             0.011ns  (arrival time - required time)
  Source:                 design_1_i/axi_smc/inst/switchboards/r_switchboard/inst/gen_mi[0].inst_opipe_payld/gen_pipe[1].pipe_reg[1][88]/C
                            (rising edge-triggered cell FDRE clocked by clk_pl_0  {rise@0.000ns fall@5.000ns period=10.000ns})
  Destination:            design_1_i/axi_smc/inst/s00_nodes/s00_r_node/inst/inst_mi_handler/gen_normal_area.inst_fifo_node_payld/gen_xpm_memory_fifo.inst_fifo/gen_mem_rep[0].inst_xpm_memory/xpm_memory_base_inst/gen_wr_a.gen_word_narrow.mem_reg_0_31_84_97/RAMC/I
                            (rising edge-triggered cell RAMD32 clocked by clk_pl_0  {rise@0.000ns fall@5.000ns period=10.000ns})
  Path Group:             clk_pl_0
  Path Type:              Hold (Min at Slow Process Corner)
  Requirement:            0.000ns  (clk_pl_0 rise@0.000ns - clk_pl_0 rise@0.000ns)
  Data Path Delay:        0.210ns  (logic 0.061ns (29.048%)  route 0.149ns (70.952%))
  Logic Levels:           0  
  Clock Path Skew:        0.121ns (DCD - SCD - CPR)
    Destination Clock Delay (DCD):    1.809ns
    Source Clock Delay      (SCD):    1.543ns
    Clock Pessimism Removal (CPR):    0.144ns
  Clock Net Delay (Source):      1.413ns (routing 0.510ns, distribution 0.903ns)
  Clock Net Delay (Destination): 1.646ns (routing 0.567ns, distribution 1.079ns)

    Location             Delay type                Incr(ns)  Path(ns)    Netlist Resource(s)
  -------------------------------------------------------------------    -------------------
                         (clock clk_pl_0 rise edge)
                                                      0.000     0.000 r  
    PS8_X0Y0             PS8                          0.000     0.000 r  design_1_i/zynq_ultra_ps_e_0/inst/PS8_i/PLCLK[0]
                         net (fo=1, routed)           0.105     0.105    design_1_i/zynq_ultra_ps_e_0/inst/pl_clk_unbuffered[0]
    BUFG_PS_X0Y58        BUFG_PS (Prop_BUFG_PS_I_O)
                                                      0.025     0.130 r  design_1_i/zynq_ultra_ps_e_0/inst/buffer_pl_clk_0.PL_CLK_0_BUFG/O
    X1Y1 (CLOCK_ROOT)    net (fo=10024, routed)       1.413     1.543    design_1_i/axi_smc/inst/switchboards/r_switchboard/inst/gen_mi[0].inst_opipe_payld/aclk
    SLICE_X40Y134        FDRE                                         r  design_1_i/axi_smc/inst/switchboards/r_switchboard/inst/gen_mi[0].inst_opipe_payld/gen_pipe[1].pipe_reg[1][88]/C
  -------------------------------------------------------------------    -------------------
    SLICE_X40Y134        FDRE (Prop_DFF2_SLICEM_C_Q)
                                                      0.061     1.604 r  design_1_i/axi_smc/inst/switchboards/r_switchboard/inst/gen_mi[0].inst_opipe_payld/gen_pipe[1].pipe_reg[1][88]/Q
                         net (fo=1, routed)           0.149     1.753    design_1_i/axi_smc/inst/s00_nodes/s00_r_node/inst/inst_mi_handler/gen_normal_area.inst_fifo_node_payld/gen_xpm_memory_fifo.inst_fifo/gen_mem_rep[0].inst_xpm_memory/xpm_memory_base_inst/gen_wr_a.gen_word_narrow.mem_reg_0_31_84_97/DIC0
    SLICE_X41Y137        RAMD32                                       r  design_1_i/axi_smc/inst/s00_nodes/s00_r_node/inst/inst_mi_handler/gen_normal_area.inst_fifo_node_payld/gen_xpm_memory_fifo.inst_fifo/gen_mem_rep[0].inst_xpm_memory/xpm_memory_base_inst/gen_wr_a.gen_word_narrow.mem_reg_0_31_84_97/RAMC/I
  -------------------------------------------------------------------    -------------------

                         (clock clk_pl_0 rise edge)
                                                      0.000     0.000 r  
    PS8_X0Y0             PS8                          0.000     0.000 r  design_1_i/zynq_ultra_ps_e_0/inst/PS8_i/PLCLK[0]
                         net (fo=1, routed)           0.135     0.135    design_1_i/zynq_ultra_ps_e_0/inst/pl_clk_unbuffered[0]
    BUFG_PS_X0Y58        BUFG_PS (Prop_BUFG_PS_I_O)
                                                      0.028     0.163 r  design_1_i/zynq_ultra_ps_e_0/inst/buffer_pl_clk_0.PL_CLK_0_BUFG/O
    X1Y1 (CLOCK_ROOT)    net (fo=10024, routed)       1.646     1.809    design_1_i/axi_smc/inst/s00_nodes/s00_r_node/inst/inst_mi_handler/gen_normal_area.inst_fifo_node_payld/gen_xpm_memory_fifo.inst_fifo/gen_mem_rep[0].inst_xpm_memory/xpm_memory_base_inst/gen_wr_a.gen_word_narrow.mem_reg_0_31_84_97/WCLK
    SLICE_X41Y137        RAMD32                                       r  design_1_i/axi_smc/inst/s00_nodes/s00_r_node/inst/inst_mi_handler/gen_normal_area.inst_fifo_node_payld/gen_xpm_memory_fifo.inst_fifo/gen_mem_rep[0].inst_xpm_memory/xpm_memory_base_inst/gen_wr_a.gen_word_narrow.mem_reg_0_31_84_97/RAMC/CLK
                         clock pessimism             -0.144     1.664    
    SLICE_X41Y137        RAMD32 (Hold_C5LUT_SLICEM_CLK_I)
                                                      0.078     1.742    design_1_i/axi_smc/inst/s00_nodes/s00_r_node/inst/inst_mi_handler/gen_normal_area.inst_fifo_node_payld/gen_xpm_memory_fifo.inst_fifo/gen_mem_rep[0].inst_xpm_memory/xpm_memory_base_inst/gen_wr_a.gen_word_narrow.mem_reg_0_31_84_97/RAMC
  -------------------------------------------------------------------
                         required time                         -1.742    
                         arrival time                           1.753    
  -------------------------------------------------------------------
                         slack                                  0.011    

Slack (MET) :             0.011ns  (arrival time - required time)
  Source:                 design_1_i/axi_smc/inst/switchboards/aw_switchboard/inst/gen_mi[0].inst_opipe_payld/gen_pipe[1].pipe_reg[1][6]/C
                            (rising edge-triggered cell FDRE clocked by clk_pl_0  {rise@0.000ns fall@5.000ns period=10.000ns})
  Destination:            design_1_i/axi_smc/inst/m00_nodes/m00_aw_node/inst/inst_mi_handler/gen_normal_area.inst_fifo_node_payld/gen_xpm_memory_fifo.inst_fifo/gen_mem_rep[0].inst_xpm_memory/xpm_memory_base_inst/gen_wr_a.gen_word_narrow.mem_reg_0_31_0_13/RAMD/I
                            (rising edge-triggered cell RAMD32 clocked by clk_pl_0  {rise@0.000ns fall@5.000ns period=10.000ns})
  Path Group:             clk_pl_0
  Path Type:              Hold (Min at Slow Process Corner)
  Requirement:            0.000ns  (clk_pl_0 rise@0.000ns - clk_pl_0 rise@0.000ns)
  Data Path Delay:        0.224ns  (logic 0.059ns (26.339%)  route 0.165ns (73.661%))
  Logic Levels:           0  
  Clock Path Skew:        0.137ns (DCD - SCD - CPR)
    Destination Clock Delay (DCD):    1.771ns
    Source Clock Delay      (SCD):    1.488ns
    Clock Pessimism Removal (CPR):    0.146ns
  Clock Net Delay (Source):      1.358ns (routing 0.510ns, distribution 0.848ns)
  Clock Net Delay (Destination): 1.608ns (routing 0.567ns, distribution 1.041ns)

    Location             Delay type                Incr(ns)  Path(ns)    Netlist Resource(s)
  -------------------------------------------------------------------    -------------------
                         (clock clk_pl_0 rise edge)
                                                      0.000     0.000 r  
    PS8_X0Y0             PS8                          0.000     0.000 r  design_1_i/zynq_ultra_ps_e_0/inst/PS8_i/PLCLK[0]
                         net (fo=1, routed)           0.105     0.105    design_1_i/zynq_ultra_ps_e_0/inst/pl_clk_unbuffered[0]
    BUFG_PS_X0Y58        BUFG_PS (Prop_BUFG_PS_I_O)
                                                      0.025     0.130 r  design_1_i/zynq_ultra_ps_e_0/inst/buffer_pl_clk_0.PL_CLK_0_BUFG/O
    X1Y1 (CLOCK_ROOT)    net (fo=10024, routed)       1.358     1.488    design_1_i/axi_smc/inst/switchboards/aw_switchboard/inst/gen_mi[0].inst_opipe_payld/aclk
    SLICE_X39Y30         FDRE                                         r  design_1_i/axi_smc/inst/switchboards/aw_switchboard/inst/gen_mi[0].inst_opipe_payld/gen_pipe[1].pipe_reg[1][6]/C
  -------------------------------------------------------------------    -------------------
    SLICE_X39Y30         FDRE (Prop_GFF_SLICEL_C_Q)
                                                      0.059     1.547 r  design_1_i/axi_smc/inst/switchboards/aw_switchboard/inst/gen_mi[0].inst_opipe_payld/gen_pipe[1].pipe_reg[1][6]/Q
                         net (fo=1, routed)           0.165     1.712    design_1_i/axi_smc/inst/m00_nodes/m00_aw_node/inst/inst_mi_handler/gen_normal_area.inst_fifo_node_payld/gen_xpm_memory_fifo.inst_fifo/gen_mem_rep[0].inst_xpm_memory/xpm_memory_base_inst/gen_wr_a.gen_word_narrow.mem_reg_0_31_0_13/DID0
    SLICE_X40Y28         RAMD32                                       r  design_1_i/axi_smc/inst/m00_nodes/m00_aw_node/inst/inst_mi_handler/gen_normal_area.inst_fifo_node_payld/gen_xpm_memory_fifo.inst_fifo/gen_mem_rep[0].inst_xpm_memory/xpm_memory_base_inst/gen_wr_a.gen_word_narrow.mem_reg_0_31_0_13/RAMD/I
  -------------------------------------------------------------------    -------------------

                         (clock clk_pl_0 rise edge)
                                                      0.000     0.000 r  
    PS8_X0Y0             PS8                          0.000     0.000 r  design_1_i/zynq_ultra_ps_e_0/inst/PS8_i/PLCLK[0]
                         net (fo=1, routed)           0.135     0.135    design_1_i/zynq_ultra_ps_e_0/inst/pl_clk_unbuffered[0]
    BUFG_PS_X0Y58        BUFG_PS (Prop_BUFG_PS_I_O)
                                                      0.028     0.163 r  design_1_i/zynq_ultra_ps_e_0/inst/buffer_pl_clk_0.PL_CLK_0_BUFG/O
    X1Y1 (CLOCK_ROOT)    net (fo=10024, routed)       1.608     1.771    design_1_i/axi_smc/inst/m00_nodes/m00_aw_node/inst/inst_mi_handler/gen_normal_area.inst_fifo_node_payld/gen_xpm_memory_fifo.inst_fifo/gen_mem_rep[0].inst_xpm_memory/xpm_memory_base_inst/gen_wr_a.gen_word_narrow.mem_reg_0_31_0_13/WCLK
    SLICE_X40Y28         RAMD32                                       r  design_1_i/axi_smc/inst/m00_nodes/m00_aw_node/inst/inst_mi_handler/gen_normal_area.inst_fifo_node_payld/gen_xpm_memory_fifo.inst_fifo/gen_mem_rep[0].inst_xpm_memory/xpm_memory_base_inst/gen_wr_a.gen_word_narrow.mem_reg_0_31_0_13/RAMD/CLK
                         clock pessimism             -0.146     1.625    
    SLICE_X40Y28         RAMD32 (Hold_D5LUT_SLICEM_CLK_I)
                                                      0.076     1.701    design_1_i/axi_smc/inst/m00_nodes/m00_aw_node/inst/inst_mi_handler/gen_normal_area.inst_fifo_node_payld/gen_xpm_memory_fifo.inst_fifo/gen_mem_rep[0].inst_xpm_memory/xpm_memory_base_inst/gen_wr_a.gen_word_narrow.mem_reg_0_31_0_13/RAMD
  -------------------------------------------------------------------
                         required time                         -1.701    
                         arrival time                           1.712    
  -------------------------------------------------------------------
                         slack                                  0.011    

Slack (MET) :             0.011ns  (arrival time - required time)
  Source:                 design_1_i/axi_smc/inst/switchboards/ar_switchboard/inst/gen_mi[0].inst_opipe_payld/gen_pipe[1].pipe_reg[1][73]/C
                            (rising edge-triggered cell FDRE clocked by clk_pl_0  {rise@0.000ns fall@5.000ns period=10.000ns})
  Destination:            design_1_i/axi_smc/inst/m00_nodes/m00_ar_node/inst/inst_mi_handler/gen_normal_area.inst_fifo_node_payld/gen_xpm_memory_fifo.inst_fifo/gen_mem_rep[0].inst_xpm_memory/xpm_memory_base_inst/gen_wr_a.gen_word_narrow.mem_reg_0_31_70_83/RAMB_D1/I
                            (rising edge-triggered cell RAMD32 clocked by clk_pl_0  {rise@0.000ns fall@5.000ns period=10.000ns})
  Path Group:             clk_pl_0
  Path Type:              Hold (Min at Slow Process Corner)
  Requirement:            0.000ns  (clk_pl_0 rise@0.000ns - clk_pl_0 rise@0.000ns)
  Data Path Delay:        0.188ns  (logic 0.058ns (30.851%)  route 0.130ns (69.149%))
  Logic Levels:           0  
  Clock Path Skew:        0.117ns (DCD - SCD - CPR)
    Destination Clock Delay (DCD):    1.790ns
    Source Clock Delay      (SCD):    1.527ns
    Clock Pessimism Removal (CPR):    0.145ns
  Clock Net Delay (Source):      1.397ns (routing 0.510ns, distribution 0.887ns)
  Clock Net Delay (Destination): 1.627ns (routing 0.567ns, distribution 1.060ns)

    Location             Delay type                Incr(ns)  Path(ns)    Netlist Resource(s)
  -------------------------------------------------------------------    -------------------
                         (clock clk_pl_0 rise edge)
                                                      0.000     0.000 r  
    PS8_X0Y0             PS8                          0.000     0.000 r  design_1_i/zynq_ultra_ps_e_0/inst/PS8_i/PLCLK[0]
                         net (fo=1, routed)           0.105     0.105    design_1_i/zynq_ultra_ps_e_0/inst/pl_clk_unbuffered[0]
    BUFG_PS_X0Y58        BUFG_PS (Prop_BUFG_PS_I_O)
                                                      0.025     0.130 r  design_1_i/zynq_ultra_ps_e_0/inst/buffer_pl_clk_0.PL_CLK_0_BUFG/O
    X1Y1 (CLOCK_ROOT)    net (fo=10024, routed)       1.397     1.527    design_1_i/axi_smc/inst/switchboards/ar_switchboard/inst/gen_mi[0].inst_opipe_payld/aclk
    SLICE_X41Y8          FDRE                                         r  design_1_i/axi_smc/inst/switchboards/ar_switchboard/inst/gen_mi[0].inst_opipe_payld/gen_pipe[1].pipe_reg[1][73]/C
  -------------------------------------------------------------------    -------------------
    SLICE_X41Y8          FDRE (Prop_EFF_SLICEM_C_Q)
                                                      0.058     1.585 r  design_1_i/axi_smc/inst/switchboards/ar_switchboard/inst/gen_mi[0].inst_opipe_payld/gen_pipe[1].pipe_reg[1][73]/Q
                         net (fo=1, routed)           0.130     1.715    design_1_i/axi_smc/inst/m00_nodes/m00_ar_node/inst/inst_mi_handler/gen_normal_area.inst_fifo_node_payld/gen_xpm_memory_fifo.inst_fifo/gen_mem_rep[0].inst_xpm_memory/xpm_memory_base_inst/gen_wr_a.gen_word_narrow.mem_reg_0_31_70_83/DIB1
    SLICE_X40Y10         RAMD32                                       r  design_1_i/axi_smc/inst/m00_nodes/m00_ar_node/inst/inst_mi_handler/gen_normal_area.inst_fifo_node_payld/gen_xpm_memory_fifo.inst_fifo/gen_mem_rep[0].inst_xpm_memory/xpm_memory_base_inst/gen_wr_a.gen_word_narrow.mem_reg_0_31_70_83/RAMB_D1/I
  -------------------------------------------------------------------    -------------------

                         (clock clk_pl_0 rise edge)
                                                      0.000     0.000 r  
    PS8_X0Y0             PS8                          0.000     0.000 r  design_1_i/zynq_ultra_ps_e_0/inst/PS8_i/PLCLK[0]
                         net (fo=1, routed)           0.135     0.135    design_1_i/zynq_ultra_ps_e_0/inst/pl_clk_unbuffered[0]
    BUFG_PS_X0Y58        BUFG_PS (Prop_BUFG_PS_I_O)
                                                      0.028     0.163 r  design_1_i/zynq_ultra_ps_e_0/inst/buffer_pl_clk_0.PL_CLK_0_BUFG/O
    X1Y1 (CLOCK_ROOT)    net (fo=10024, routed)       1.627     1.790    design_1_i/axi_smc/inst/m00_nodes/m00_ar_node/inst/inst_mi_handler/gen_normal_area.inst_fifo_node_payld/gen_xpm_memory_fifo.inst_fifo/gen_mem_rep[0].inst_xpm_memory/xpm_memory_base_inst/gen_wr_a.gen_word_narrow.mem_reg_0_31_70_83/WCLK
    SLICE_X40Y10         RAMD32                                       r  design_1_i/axi_smc/inst/m00_nodes/m00_ar_node/inst/inst_mi_handler/gen_normal_area.inst_fifo_node_payld/gen_xpm_memory_fifo.inst_fifo/gen_mem_rep[0].inst_xpm_memory/xpm_memory_base_inst/gen_wr_a.gen_word_narrow.mem_reg_0_31_70_83/RAMB_D1/CLK
                         clock pessimism             -0.145     1.644    
    SLICE_X40Y10         RAMD32 (Hold_B6LUT_SLICEM_CLK_I)
                                                      0.060     1.704    design_1_i/axi_smc/inst/m00_nodes/m00_ar_node/inst/inst_mi_handler/gen_normal_area.inst_fifo_node_payld/gen_xpm_memory_fifo.inst_fifo/gen_mem_rep[0].inst_xpm_memory/xpm_memory_base_inst/gen_wr_a.gen_word_narrow.mem_reg_0_31_70_83/RAMB_D1
  -------------------------------------------------------------------
                         required time                         -1.704    
                         arrival time                           1.715    
  -------------------------------------------------------------------
                         slack                                  0.011    

Slack (MET) :             0.011ns  (arrival time - required time)
  Source:                 design_1_i/axi_dma_0/U0/I_PRMRY_DATAMOVER/GEN_S2MM_FULL.I_S2MM_FULL_WRAPPER/GEN_ENABLE_INDET_BTT_SF.I_INDET_BTT/sig_byte_cntr_reg[4]/C
                            (rising edge-triggered cell FDRE clocked by clk_pl_0  {rise@0.000ns fall@5.000ns period=10.000ns})
  Destination:            design_1_i/axi_dma_0/U0/I_PRMRY_DATAMOVER/GEN_S2MM_FULL.I_S2MM_FULL_WRAPPER/GEN_ENABLE_INDET_BTT_SF.I_INDET_BTT/I_XD_FIFO/NON_BLK_MEM.I_SYNC_FIFOGEN_FIFO/xpm_fifo_instance.xpm_fifo_sync_inst/xpm_fifo_base_inst/gen_sdpram.xpm_memory_base_inst/gen_wr_a.gen_word_narrow.mem_reg_0_15_0_8/RAMC/I
                            (rising edge-triggered cell RAMD32 clocked by clk_pl_0  {rise@0.000ns fall@5.000ns period=10.000ns})
  Path Group:             clk_pl_0
  Path Type:              Hold (Min at Slow Process Corner)
  Requirement:            0.000ns  (clk_pl_0 rise@0.000ns - clk_pl_0 rise@0.000ns)
  Data Path Delay:        0.197ns  (logic 0.058ns (29.452%)  route 0.139ns (70.548%))
  Logic Levels:           0  
  Clock Path Skew:        0.108ns (DCD - SCD - CPR)
    Destination Clock Delay (DCD):    1.766ns
    Source Clock Delay      (SCD):    1.513ns
    Clock Pessimism Removal (CPR):    0.146ns
  Clock Net Delay (Source):      1.383ns (routing 0.510ns, distribution 0.873ns)
  Clock Net Delay (Destination): 1.603ns (routing 0.567ns, distribution 1.036ns)

    Location             Delay type                Incr(ns)  Path(ns)    Netlist Resource(s)
  -------------------------------------------------------------------    -------------------
                         (clock clk_pl_0 rise edge)
                                                      0.000     0.000 r  
    PS8_X0Y0             PS8                          0.000     0.000 r  design_1_i/zynq_ultra_ps_e_0/inst/PS8_i/PLCLK[0]
                         net (fo=1, routed)           0.105     0.105    design_1_i/zynq_ultra_ps_e_0/inst/pl_clk_unbuffered[0]
    BUFG_PS_X0Y58        BUFG_PS (Prop_BUFG_PS_I_O)
                                                      0.025     0.130 r  design_1_i/zynq_ultra_ps_e_0/inst/buffer_pl_clk_0.PL_CLK_0_BUFG/O
    X1Y1 (CLOCK_ROOT)    net (fo=10024, routed)       1.383     1.513    design_1_i/axi_dma_0/U0/I_PRMRY_DATAMOVER/GEN_S2MM_FULL.I_S2MM_FULL_WRAPPER/GEN_ENABLE_INDET_BTT_SF.I_INDET_BTT/m_axi_s2mm_aclk
    SLICE_X49Y39         FDRE                                         r  design_1_i/axi_dma_0/U0/I_PRMRY_DATAMOVER/GEN_S2MM_FULL.I_S2MM_FULL_WRAPPER/GEN_ENABLE_INDET_BTT_SF.I_INDET_BTT/sig_byte_cntr_reg[4]/C
  -------------------------------------------------------------------    -------------------
    SLICE_X49Y39         FDRE (Prop_DFF_SLICEM_C_Q)
                                                      0.058     1.571 r  design_1_i/axi_dma_0/U0/I_PRMRY_DATAMOVER/GEN_S2MM_FULL.I_S2MM_FULL_WRAPPER/GEN_ENABLE_INDET_BTT_SF.I_INDET_BTT/sig_byte_cntr_reg[4]/Q
                         net (fo=4, routed)           0.139     1.710    design_1_i/axi_dma_0/U0/I_PRMRY_DATAMOVER/GEN_S2MM_FULL.I_S2MM_FULL_WRAPPER/GEN_ENABLE_INDET_BTT_SF.I_INDET_BTT/I_XD_FIFO/NON_BLK_MEM.I_SYNC_FIFOGEN_FIFO/xpm_fifo_instance.xpm_fifo_sync_inst/xpm_fifo_base_inst/gen_sdpram.xpm_memory_base_inst/gen_wr_a.gen_word_narrow.mem_reg_0_15_0_8/DIC0
    SLICE_X50Y40         RAMD32                                       r  design_1_i/axi_dma_0/U0/I_PRMRY_DATAMOVER/GEN_S2MM_FULL.I_S2MM_FULL_WRAPPER/GEN_ENABLE_INDET_BTT_SF.I_INDET_BTT/I_XD_FIFO/NON_BLK_MEM.I_SYNC_FIFOGEN_FIFO/xpm_fifo_instance.xpm_fifo_sync_inst/xpm_fifo_base_inst/gen_sdpram.xpm_memory_base_inst/gen_wr_a.gen_word_narrow.mem_reg_0_15_0_8/RAMC/I
  -------------------------------------------------------------------    -------------------

                         (clock clk_pl_0 rise edge)
                                                      0.000     0.000 r  
    PS8_X0Y0             PS8                          0.000     0.000 r  design_1_i/zynq_ultra_ps_e_0/inst/PS8_i/PLCLK[0]
                         net (fo=1, routed)           0.135     0.135    design_1_i/zynq_ultra_ps_e_0/inst/pl_clk_unbuffered[0]
    BUFG_PS_X0Y58        BUFG_PS (Prop_BUFG_PS_I_O)
                                                      0.028     0.163 r  design_1_i/zynq_ultra_ps_e_0/inst/buffer_pl_clk_0.PL_CLK_0_BUFG/O
    X1Y1 (CLOCK_ROOT)    net (fo=10024, routed)       1.603     1.766    design_1_i/axi_dma_0/U0/I_PRMRY_DATAMOVER/GEN_S2MM_FULL.I_S2MM_FULL_WRAPPER/GEN_ENABLE_INDET_BTT_SF.I_INDET_BTT/I_XD_FIFO/NON_BLK_MEM.I_SYNC_FIFOGEN_FIFO/xpm_fifo_instance.xpm_fifo_sync_inst/xpm_fifo_base_inst/gen_sdpram.xpm_memory_base_inst/gen_wr_a.gen_word_narrow.mem_reg_0_15_0_8/WCLK
    SLICE_X50Y40         RAMD32                                       r  design_1_i/axi_dma_0/U0/I_PRMRY_DATAMOVER/GEN_S2MM_FULL.I_S2MM_FULL_WRAPPER/GEN_ENABLE_INDET_BTT_SF.I_INDET_BTT/I_XD_FIFO/NON_BLK_MEM.I_SYNC_FIFOGEN_FIFO/xpm_fifo_instance.xpm_fifo_sync_inst/xpm_fifo_base_inst/gen_sdpram.xpm_memory_base_inst/gen_wr_a.gen_word_narrow.mem_reg_0_15_0_8/RAMC/CLK
                         clock pessimism             -0.146     1.620    
    SLICE_X50Y40         RAMD32 (Hold_C5LUT_SLICEM_CLK_I)
                                                      0.078     1.698    design_1_i/axi_dma_0/U0/I_PRMRY_DATAMOVER/GEN_S2MM_FULL.I_S2MM_FULL_WRAPPER/GEN_ENABLE_INDET_BTT_SF.I_INDET_BTT/I_XD_FIFO/NON_BLK_MEM.I_SYNC_FIFOGEN_FIFO/xpm_fifo_instance.xpm_fifo_sync_inst/xpm_fifo_base_inst/gen_sdpram.xpm_memory_base_inst/gen_wr_a.gen_word_narrow.mem_reg_0_15_0_8/RAMC
  -------------------------------------------------------------------
                         required time                         -1.698    
                         arrival time                           1.710    
  -------------------------------------------------------------------
                         slack                                  0.011    

Slack (MET) :             0.011ns  (arrival time - required time)
  Source:                 design_1_i/axi_smc/inst/m00_nodes/m00_r_node/inst/inst_mi_handler/gen_normal_area.inst_fifo_node_payld/gen_xpm_memory_fifo.inst_fifo/gen_mem_rep[0].inst_xpm_memory/xpm_memory_base_inst/gen_rd_b.gen_rd_b_synth_template.gen_rf_narrow_reg.doutb_reg_reg[65]/C
                            (rising edge-triggered cell FDRE clocked by clk_pl_0  {rise@0.000ns fall@5.000ns period=10.000ns})
  Destination:            design_1_i/axi_smc/inst/switchboards/r_switchboard/inst/gen_mi[0].inst_opipe_payld/gen_pipe[1].pipe_reg[1][65]/D
                            (rising edge-triggered cell FDRE clocked by clk_pl_0  {rise@0.000ns fall@5.000ns period=10.000ns})
  Path Group:             clk_pl_0
  Path Type:              Hold (Min at Slow Process Corner)
  Requirement:            0.000ns  (clk_pl_0 rise@0.000ns - clk_pl_0 rise@0.000ns)
  Data Path Delay:        0.162ns  (logic 0.058ns (35.802%)  route 0.104ns (64.197%))
  Logic Levels:           0  
  Clock Path Skew:        0.089ns (DCD - SCD - CPR)
    Destination Clock Delay (DCD):    1.781ns
    Source Clock Delay      (SCD):    1.548ns
    Clock Pessimism Removal (CPR):    0.144ns
  Clock Net Delay (Source):      1.418ns (routing 0.510ns, distribution 0.908ns)
  Clock Net Delay (Destination): 1.618ns (routing 0.567ns, distribution 1.051ns)

    Location             Delay type                Incr(ns)  Path(ns)    Netlist Resource(s)
  -------------------------------------------------------------------    -------------------
                         (clock clk_pl_0 rise edge)
                                                      0.000     0.000 r  
    PS8_X0Y0             PS8                          0.000     0.000 r  design_1_i/zynq_ultra_ps_e_0/inst/PS8_i/PLCLK[0]
                         net (fo=1, routed)           0.105     0.105    design_1_i/zynq_ultra_ps_e_0/inst/pl_clk_unbuffered[0]
    BUFG_PS_X0Y58        BUFG_PS (Prop_BUFG_PS_I_O)
                                                      0.025     0.130 r  design_1_i/zynq_ultra_ps_e_0/inst/buffer_pl_clk_0.PL_CLK_0_BUFG/O
    X1Y1 (CLOCK_ROOT)    net (fo=10024, routed)       1.418     1.548    design_1_i/axi_smc/inst/m00_nodes/m00_r_node/inst/inst_mi_handler/gen_normal_area.inst_fifo_node_payld/gen_xpm_memory_fifo.inst_fifo/gen_mem_rep[0].inst_xpm_memory/xpm_memory_base_inst/clka
    SLICE_X40Y133        FDRE                                         r  design_1_i/axi_smc/inst/m00_nodes/m00_r_node/inst/inst_mi_handler/gen_normal_area.inst_fifo_node_payld/gen_xpm_memory_fifo.inst_fifo/gen_mem_rep[0].inst_xpm_memory/xpm_memory_base_inst/gen_rd_b.gen_rd_b_synth_template.gen_rf_narrow_reg.doutb_reg_reg[65]/C
  -------------------------------------------------------------------    -------------------
    SLICE_X40Y133        FDRE (Prop_EFF_SLICEM_C_Q)
                                                      0.058     1.606 r  design_1_i/axi_smc/inst/m00_nodes/m00_r_node/inst/inst_mi_handler/gen_normal_area.inst_fifo_node_payld/gen_xpm_memory_fifo.inst_fifo/gen_mem_rep[0].inst_xpm_memory/xpm_memory_base_inst/gen_rd_b.gen_rd_b_synth_template.gen_rf_narrow_reg.doutb_reg_reg[65]/Q
                         net (fo=1, routed)           0.104     1.710    design_1_i/axi_smc/inst/switchboards/r_switchboard/inst/gen_mi[0].inst_opipe_payld/s_sc_payld[55]
    SLICE_X41Y133        FDRE                                         r  design_1_i/axi_smc/inst/switchboards/r_switchboard/inst/gen_mi[0].inst_opipe_payld/gen_pipe[1].pipe_reg[1][65]/D
  -------------------------------------------------------------------    -------------------

                         (clock clk_pl_0 rise edge)
                                                      0.000     0.000 r  
    PS8_X0Y0             PS8                          0.000     0.000 r  design_1_i/zynq_ultra_ps_e_0/inst/PS8_i/PLCLK[0]
                         net (fo=1, routed)           0.135     0.135    design_1_i/zynq_ultra_ps_e_0/inst/pl_clk_unbuffered[0]
    BUFG_PS_X0Y58        BUFG_PS (Prop_BUFG_PS_I_O)
                                                      0.028     0.163 r  design_1_i/zynq_ultra_ps_e_0/inst/buffer_pl_clk_0.PL_CLK_0_BUFG/O
    X1Y1 (CLOCK_ROOT)    net (fo=10024, routed)       1.618     1.781    design_1_i/axi_smc/inst/switchboards/r_switchboard/inst/gen_mi[0].inst_opipe_payld/aclk
    SLICE_X41Y133        FDRE                                         r  design_1_i/axi_smc/inst/switchboards/r_switchboard/inst/gen_mi[0].inst_opipe_payld/gen_pipe[1].pipe_reg[1][65]/C
                         clock pessimism             -0.144     1.636    
    SLICE_X41Y133        FDRE (Hold_FFF2_SLICEM_C_D)
                                                      0.062     1.698    design_1_i/axi_smc/inst/switchboards/r_switchboard/inst/gen_mi[0].inst_opipe_payld/gen_pipe[1].pipe_reg[1][65]
  -------------------------------------------------------------------
                         required time                         -1.698    
                         arrival time                           1.710    
  -------------------------------------------------------------------
                         slack                                  0.011    

Slack (MET) :             0.011ns  (arrival time - required time)
  Source:                 design_1_i/axi_smc/inst/switchboards/w_switchboard/inst/gen_mi[0].inst_opipe_payld/gen_pipe[1].pipe_reg[1][113]/C
                            (rising edge-triggered cell FDRE clocked by clk_pl_0  {rise@0.000ns fall@5.000ns period=10.000ns})
  Destination:            design_1_i/axi_smc/inst/m00_nodes/m00_w_node/inst/inst_mi_handler/gen_normal_area.inst_fifo_node_payld/gen_xpm_memory_fifo.inst_fifo/gen_mem_rep[0].inst_xpm_memory/xpm_memory_base_inst/gen_wr_a.gen_word_narrow.mem_reg_0_31_112_125/RAMA_D1/I
                            (rising edge-triggered cell RAMD32 clocked by clk_pl_0  {rise@0.000ns fall@5.000ns period=10.000ns})
  Path Group:             clk_pl_0
  Path Type:              Hold (Min at Slow Process Corner)
  Requirement:            0.000ns  (clk_pl_0 rise@0.000ns - clk_pl_0 rise@0.000ns)
  Data Path Delay:        0.190ns  (logic 0.058ns (30.526%)  route 0.132ns (69.474%))
  Logic Levels:           0  
  Clock Path Skew:        0.121ns (DCD - SCD - CPR)
    Destination Clock Delay (DCD):    1.782ns
    Source Clock Delay      (SCD):    1.516ns
    Clock Pessimism Removal (CPR):    0.145ns
  Clock Net Delay (Source):      1.386ns (routing 0.510ns, distribution 0.876ns)
  Clock Net Delay (Destination): 1.619ns (routing 0.567ns, distribution 1.052ns)

    Location             Delay type                Incr(ns)  Path(ns)    Netlist Resource(s)
  -------------------------------------------------------------------    -------------------
                         (clock clk_pl_0 rise edge)
                                                      0.000     0.000 r  
    PS8_X0Y0             PS8                          0.000     0.000 r  design_1_i/zynq_ultra_ps_e_0/inst/PS8_i/PLCLK[0]
                         net (fo=1, routed)           0.105     0.105    design_1_i/zynq_ultra_ps_e_0/inst/pl_clk_unbuffered[0]
    BUFG_PS_X0Y58        BUFG_PS (Prop_BUFG_PS_I_O)
                                                      0.025     0.130 r  design_1_i/zynq_ultra_ps_e_0/inst/buffer_pl_clk_0.PL_CLK_0_BUFG/O
    X1Y1 (CLOCK_ROOT)    net (fo=10024, routed)       1.386     1.516    design_1_i/axi_smc/inst/switchboards/w_switchboard/inst/gen_mi[0].inst_opipe_payld/aclk
    SLICE_X50Y27         FDRE                                         r  design_1_i/axi_smc/inst/switchboards/w_switchboard/inst/gen_mi[0].inst_opipe_payld/gen_pipe[1].pipe_reg[1][113]/C
  -------------------------------------------------------------------    -------------------
    SLICE_X50Y27         FDRE (Prop_EFF_SLICEM_C_Q)
                                                      0.058     1.574 r  design_1_i/axi_smc/inst/switchboards/w_switchboard/inst/gen_mi[0].inst_opipe_payld/gen_pipe[1].pipe_reg[1][113]/Q
                         net (fo=1, routed)           0.132     1.706    design_1_i/axi_smc/inst/m00_nodes/m00_w_node/inst/inst_mi_handler/gen_normal_area.inst_fifo_node_payld/gen_xpm_memory_fifo.inst_fifo/gen_mem_rep[0].inst_xpm_memory/xpm_memory_base_inst/gen_wr_a.gen_word_narrow.mem_reg_0_31_112_125/DIA1
    SLICE_X49Y27         RAMD32                                       r  design_1_i/axi_smc/inst/m00_nodes/m00_w_node/inst/inst_mi_handler/gen_normal_area.inst_fifo_node_payld/gen_xpm_memory_fifo.inst_fifo/gen_mem_rep[0].inst_xpm_memory/xpm_memory_base_inst/gen_wr_a.gen_word_narrow.mem_reg_0_31_112_125/RAMA_D1/I
  -------------------------------------------------------------------    -------------------

                         (clock clk_pl_0 rise edge)
                                                      0.000     0.000 r  
    PS8_X0Y0             PS8                          0.000     0.000 r  design_1_i/zynq_ultra_ps_e_0/inst/PS8_i/PLCLK[0]
                         net (fo=1, routed)           0.135     0.135    design_1_i/zynq_ultra_ps_e_0/inst/pl_clk_unbuffered[0]
    BUFG_PS_X0Y58        BUFG_PS (Prop_BUFG_PS_I_O)
                                                      0.028     0.163 r  design_1_i/zynq_ultra_ps_e_0/inst/buffer_pl_clk_0.PL_CLK_0_BUFG/O
    X1Y1 (CLOCK_ROOT)    net (fo=10024, routed)       1.619     1.782    design_1_i/axi_smc/inst/m00_nodes/m00_w_node/inst/inst_mi_handler/gen_normal_area.inst_fifo_node_payld/gen_xpm_memory_fifo.inst_fifo/gen_mem_rep[0].inst_xpm_memory/xpm_memory_base_inst/gen_wr_a.gen_word_narrow.mem_reg_0_31_112_125/WCLK
    SLICE_X49Y27         RAMD32                                       r  design_1_i/axi_smc/inst/m00_nodes/m00_w_node/inst/inst_mi_handler/gen_normal_area.inst_fifo_node_payld/gen_xpm_memory_fifo.inst_fifo/gen_mem_rep[0].inst_xpm_memory/xpm_memory_base_inst/gen_wr_a.gen_word_narrow.mem_reg_0_31_112_125/RAMA_D1/CLK
                         clock pessimism             -0.145     1.636    
    SLICE_X49Y27         RAMD32 (Hold_A6LUT_SLICEM_CLK_I)
                                                      0.058     1.694    design_1_i/axi_smc/inst/m00_nodes/m00_w_node/inst/inst_mi_handler/gen_normal_area.inst_fifo_node_payld/gen_xpm_memory_fifo.inst_fifo/gen_mem_rep[0].inst_xpm_memory/xpm_memory_base_inst/gen_wr_a.gen_word_narrow.mem_reg_0_31_112_125/RAMA_D1
  -------------------------------------------------------------------
                         required time                         -1.694    
                         arrival time                           1.706    
  -------------------------------------------------------------------
                         slack                                  0.011    

Slack (MET) :             0.011ns  (arrival time - required time)
  Source:                 design_1_i/axi_smc/inst/switchboards/r_switchboard/inst/gen_mi[0].inst_opipe_payld/gen_pipe[1].pipe_reg[1][94]/C
                            (rising edge-triggered cell FDRE clocked by clk_pl_0  {rise@0.000ns fall@5.000ns period=10.000ns})
  Destination:            design_1_i/axi_smc/inst/s00_nodes/s00_r_node/inst/inst_mi_handler/gen_normal_area.inst_fifo_node_payld/gen_xpm_memory_fifo.inst_fifo/gen_mem_rep[0].inst_xpm_memory/xpm_memory_base_inst/gen_wr_a.gen_word_narrow.mem_reg_0_31_84_97/RAMF/I
                            (rising edge-triggered cell RAMD32 clocked by clk_pl_0  {rise@0.000ns fall@5.000ns period=10.000ns})
  Path Group:             clk_pl_0
  Path Type:              Hold (Min at Slow Process Corner)
  Requirement:            0.000ns  (clk_pl_0 rise@0.000ns - clk_pl_0 rise@0.000ns)
  Data Path Delay:        0.168ns  (logic 0.058ns (34.524%)  route 0.110ns (65.476%))
  Logic Levels:           0  
  Clock Path Skew:        0.079ns (DCD - SCD - CPR)
    Destination Clock Delay (DCD):    1.809ns
    Source Clock Delay      (SCD):    1.539ns
    Clock Pessimism Removal (CPR):    0.191ns
  Clock Net Delay (Source):      1.409ns (routing 0.510ns, distribution 0.899ns)
  Clock Net Delay (Destination): 1.646ns (routing 0.567ns, distribution 1.079ns)

    Location             Delay type                Incr(ns)  Path(ns)    Netlist Resource(s)
  -------------------------------------------------------------------    -------------------
                         (clock clk_pl_0 rise edge)
                                                      0.000     0.000 r  
    PS8_X0Y0             PS8                          0.000     0.000 r  design_1_i/zynq_ultra_ps_e_0/inst/PS8_i/PLCLK[0]
                         net (fo=1, routed)           0.105     0.105    design_1_i/zynq_ultra_ps_e_0/inst/pl_clk_unbuffered[0]
    BUFG_PS_X0Y58        BUFG_PS (Prop_BUFG_PS_I_O)
                                                      0.025     0.130 r  design_1_i/zynq_ultra_ps_e_0/inst/buffer_pl_clk_0.PL_CLK_0_BUFG/O
    X1Y1 (CLOCK_ROOT)    net (fo=10024, routed)       1.409     1.539    design_1_i/axi_smc/inst/switchboards/r_switchboard/inst/gen_mi[0].inst_opipe_payld/aclk
    SLICE_X41Y138        FDRE                                         r  design_1_i/axi_smc/inst/switchboards/r_switchboard/inst/gen_mi[0].inst_opipe_payld/gen_pipe[1].pipe_reg[1][94]/C
  -------------------------------------------------------------------    -------------------
    SLICE_X41Y138        FDRE (Prop_CFF_SLICEM_C_Q)
                                                      0.058     1.597 r  design_1_i/axi_smc/inst/switchboards/r_switchboard/inst/gen_mi[0].inst_opipe_payld/gen_pipe[1].pipe_reg[1][94]/Q
                         net (fo=1, routed)           0.110     1.707    design_1_i/axi_smc/inst/s00_nodes/s00_r_node/inst/inst_mi_handler/gen_normal_area.inst_fifo_node_payld/gen_xpm_memory_fifo.inst_fifo/gen_mem_rep[0].inst_xpm_memory/xpm_memory_base_inst/gen_wr_a.gen_word_narrow.mem_reg_0_31_84_97/DIF0
    SLICE_X41Y137        RAMD32                                       r  design_1_i/axi_smc/inst/s00_nodes/s00_r_node/inst/inst_mi_handler/gen_normal_area.inst_fifo_node_payld/gen_xpm_memory_fifo.inst_fifo/gen_mem_rep[0].inst_xpm_memory/xpm_memory_base_inst/gen_wr_a.gen_word_narrow.mem_reg_0_31_84_97/RAMF/I
  -------------------------------------------------------------------    -------------------

                         (clock clk_pl_0 rise edge)
                                                      0.000     0.000 r  
    PS8_X0Y0             PS8                          0.000     0.000 r  design_1_i/zynq_ultra_ps_e_0/inst/PS8_i/PLCLK[0]
                         net (fo=1, routed)           0.135     0.135    design_1_i/zynq_ultra_ps_e_0/inst/pl_clk_unbuffered[0]
    BUFG_PS_X0Y58        BUFG_PS (Prop_BUFG_PS_I_O)
                                                      0.028     0.163 r  design_1_i/zynq_ultra_ps_e_0/inst/buffer_pl_clk_0.PL_CLK_0_BUFG/O
    X1Y1 (CLOCK_ROOT)    net (fo=10024, routed)       1.646     1.809    design_1_i/axi_smc/inst/s00_nodes/s00_r_node/inst/inst_mi_handler/gen_normal_area.inst_fifo_node_payld/gen_xpm_memory_fifo.inst_fifo/gen_mem_rep[0].inst_xpm_memory/xpm_memory_base_inst/gen_wr_a.gen_word_narrow.mem_reg_0_31_84_97/WCLK
    SLICE_X41Y137        RAMD32                                       r  design_1_i/axi_smc/inst/s00_nodes/s00_r_node/inst/inst_mi_handler/gen_normal_area.inst_fifo_node_payld/gen_xpm_memory_fifo.inst_fifo/gen_mem_rep[0].inst_xpm_memory/xpm_memory_base_inst/gen_wr_a.gen_word_narrow.mem_reg_0_31_84_97/RAMF/CLK
                         clock pessimism             -0.191     1.617    
    SLICE_X41Y137        RAMD32 (Hold_F5LUT_SLICEM_CLK_I)
                                                      0.078     1.695    design_1_i/axi_smc/inst/s00_nodes/s00_r_node/inst/inst_mi_handler/gen_normal_area.inst_fifo_node_payld/gen_xpm_memory_fifo.inst_fifo/gen_mem_rep[0].inst_xpm_memory/xpm_memory_base_inst/gen_wr_a.gen_word_narrow.mem_reg_0_31_84_97/RAMF
  -------------------------------------------------------------------
                         required time                         -1.695    
                         arrival time                           1.707    
  -------------------------------------------------------------------
                         slack                                  0.011    

Slack (MET) :             0.012ns  (arrival time - required time)
  Source:                 design_1_i/axi_smc/inst/s01_entry_pipeline/s01_mmu/inst/aw_reg_stall/m_vector_i_reg[1073]/C
                            (rising edge-triggered cell FDRE clocked by clk_pl_0  {rise@0.000ns fall@5.000ns period=10.000ns})
  Destination:            design_1_i/axi_smc/inst/s01_entry_pipeline/s01_transaction_regulator/inst/gen_endpoint.gen_w_singleorder.w_singleorder/gen_cmd_reg.cmd_reg/skid_buffer_reg[1073]/D
                            (rising edge-triggered cell FDRE clocked by clk_pl_0  {rise@0.000ns fall@5.000ns period=10.000ns})
  Path Group:             clk_pl_0
  Path Type:              Hold (Min at Slow Process Corner)
  Requirement:            0.000ns  (clk_pl_0 rise@0.000ns - clk_pl_0 rise@0.000ns)
  Data Path Delay:        0.174ns  (logic 0.059ns (33.998%)  route 0.115ns (66.002%))
  Logic Levels:           0  
  Clock Path Skew:        0.100ns (DCD - SCD - CPR)
    Destination Clock Delay (DCD):    1.743ns
    Source Clock Delay      (SCD):    1.498ns
    Clock Pessimism Removal (CPR):    0.146ns
  Clock Net Delay (Source):      1.368ns (routing 0.510ns, distribution 0.858ns)
  Clock Net Delay (Destination): 1.580ns (routing 0.567ns, distribution 1.013ns)

    Location             Delay type                Incr(ns)  Path(ns)    Netlist Resource(s)
  -------------------------------------------------------------------    -------------------
                         (clock clk_pl_0 rise edge)
                                                      0.000     0.000 r  
    PS8_X0Y0             PS8                          0.000     0.000 r  design_1_i/zynq_ultra_ps_e_0/inst/PS8_i/PLCLK[0]
                         net (fo=1, routed)           0.105     0.105    design_1_i/zynq_ultra_ps_e_0/inst/pl_clk_unbuffered[0]
    BUFG_PS_X0Y58        BUFG_PS (Prop_BUFG_PS_I_O)
                                                      0.025     0.130 r  design_1_i/zynq_ultra_ps_e_0/inst/buffer_pl_clk_0.PL_CLK_0_BUFG/O
    X1Y1 (CLOCK_ROOT)    net (fo=10024, routed)       1.368     1.498    design_1_i/axi_smc/inst/s01_entry_pipeline/s01_mmu/inst/aw_reg_stall/aclk
    SLICE_X43Y35         FDRE                                         r  design_1_i/axi_smc/inst/s01_entry_pipeline/s01_mmu/inst/aw_reg_stall/m_vector_i_reg[1073]/C
  -------------------------------------------------------------------    -------------------
    SLICE_X43Y35         FDRE (Prop_CFF2_SLICEM_C_Q)
                                                      0.059     1.557 r  design_1_i/axi_smc/inst/s01_entry_pipeline/s01_mmu/inst/aw_reg_stall/m_vector_i_reg[1073]/Q
                         net (fo=2, routed)           0.115     1.671    design_1_i/axi_smc/inst/s01_entry_pipeline/s01_transaction_regulator/inst/gen_endpoint.gen_w_singleorder.w_singleorder/gen_cmd_reg.cmd_reg/D[25]
    SLICE_X42Y34         FDRE                                         r  design_1_i/axi_smc/inst/s01_entry_pipeline/s01_transaction_regulator/inst/gen_endpoint.gen_w_singleorder.w_singleorder/gen_cmd_reg.cmd_reg/skid_buffer_reg[1073]/D
  -------------------------------------------------------------------    -------------------

                         (clock clk_pl_0 rise edge)
                                                      0.000     0.000 r  
    PS8_X0Y0             PS8                          0.000     0.000 r  design_1_i/zynq_ultra_ps_e_0/inst/PS8_i/PLCLK[0]
                         net (fo=1, routed)           0.135     0.135    design_1_i/zynq_ultra_ps_e_0/inst/pl_clk_unbuffered[0]
    BUFG_PS_X0Y58        BUFG_PS (Prop_BUFG_PS_I_O)
                                                      0.028     0.163 r  design_1_i/zynq_ultra_ps_e_0/inst/buffer_pl_clk_0.PL_CLK_0_BUFG/O
    X1Y1 (CLOCK_ROOT)    net (fo=10024, routed)       1.580     1.743    design_1_i/axi_smc/inst/s01_entry_pipeline/s01_transaction_regulator/inst/gen_endpoint.gen_w_singleorder.w_singleorder/gen_cmd_reg.cmd_reg/aclk
    SLICE_X42Y34         FDRE                                         r  design_1_i/axi_smc/inst/s01_entry_pipeline/s01_transaction_regulator/inst/gen_endpoint.gen_w_singleorder.w_singleorder/gen_cmd_reg.cmd_reg/skid_buffer_reg[1073]/C
                         clock pessimism             -0.146     1.597    
    SLICE_X42Y34         FDRE (Hold_FFF2_SLICEL_C_D)
                                                      0.062     1.659    design_1_i/axi_smc/inst/s01_entry_pipeline/s01_transaction_regulator/inst/gen_endpoint.gen_w_singleorder.w_singleorder/gen_cmd_reg.cmd_reg/skid_buffer_reg[1073]
  -------------------------------------------------------------------
                         required time                         -1.659    
                         arrival time                           1.671    
  -------------------------------------------------------------------
                         slack                                  0.012    

Slack (MET) :             0.012ns  (arrival time - required time)
  Source:                 design_1_i/axi_smc/inst/s01_nodes/s01_w_node/inst/inst_mi_handler/gen_normal_area.gen_upsizer.inst_upsizer/gen_w_ch.accum_reg[bytes][3][userdata][0]/C
                            (rising edge-triggered cell FDRE clocked by clk_pl_0  {rise@0.000ns fall@5.000ns period=10.000ns})
  Destination:            design_1_i/axi_smc/inst/s01_nodes/s01_w_node/inst/inst_mi_handler/gen_normal_area.inst_fifo_node_payld/gen_xpm_memory_fifo.inst_fifo/gen_mem_rep[0].inst_xpm_memory/xpm_memory_base_inst/gen_wr_a.gen_word_narrow.mem_reg_0_31_42_55/RAMB/I
                            (rising edge-triggered cell RAMD32 clocked by clk_pl_0  {rise@0.000ns fall@5.000ns period=10.000ns})
  Path Group:             clk_pl_0
  Path Type:              Hold (Min at Slow Process Corner)
  Requirement:            0.000ns  (clk_pl_0 rise@0.000ns - clk_pl_0 rise@0.000ns)
  Data Path Delay:        0.241ns  (logic 0.058ns (24.066%)  route 0.183ns (75.934%))
  Logic Levels:           0  
  Clock Path Skew:        0.151ns (DCD - SCD - CPR)
    Destination Clock Delay (DCD):    1.815ns
    Source Clock Delay      (SCD):    1.519ns
    Clock Pessimism Removal (CPR):    0.145ns
  Clock Net Delay (Source):      1.389ns (routing 0.510ns, distribution 0.879ns)
  Clock Net Delay (Destination): 1.652ns (routing 0.567ns, distribution 1.085ns)

    Location             Delay type                Incr(ns)  Path(ns)    Netlist Resource(s)
  -------------------------------------------------------------------    -------------------
                         (clock clk_pl_0 rise edge)
                                                      0.000     0.000 r  
    PS8_X0Y0             PS8                          0.000     0.000 r  design_1_i/zynq_ultra_ps_e_0/inst/PS8_i/PLCLK[0]
                         net (fo=1, routed)           0.105     0.105    design_1_i/zynq_ultra_ps_e_0/inst/pl_clk_unbuffered[0]
    BUFG_PS_X0Y58        BUFG_PS (Prop_BUFG_PS_I_O)
                                                      0.025     0.130 r  design_1_i/zynq_ultra_ps_e_0/inst/buffer_pl_clk_0.PL_CLK_0_BUFG/O
    X1Y1 (CLOCK_ROOT)    net (fo=10024, routed)       1.389     1.519    design_1_i/axi_smc/inst/s01_nodes/s01_w_node/inst/inst_mi_handler/gen_normal_area.gen_upsizer.inst_upsizer/s_sc_aclk
    SLICE_X52Y23         FDRE                                         r  design_1_i/axi_smc/inst/s01_nodes/s01_w_node/inst/inst_mi_handler/gen_normal_area.gen_upsizer.inst_upsizer/gen_w_ch.accum_reg[bytes][3][userdata][0]/C
  -------------------------------------------------------------------    -------------------
    SLICE_X52Y23         FDRE (Prop_AFF_SLICEM_C_Q)
                                                      0.058     1.577 r  design_1_i/axi_smc/inst/s01_nodes/s01_w_node/inst/inst_mi_handler/gen_normal_area.gen_upsizer.inst_upsizer/gen_w_ch.accum_reg[bytes][3][userdata][0]/Q
                         net (fo=1, routed)           0.183     1.760    design_1_i/axi_smc/inst/s01_nodes/s01_w_node/inst/inst_mi_handler/gen_normal_area.inst_fifo_node_payld/gen_xpm_memory_fifo.inst_fifo/gen_mem_rep[0].inst_xpm_memory/xpm_memory_base_inst/gen_wr_a.gen_word_narrow.mem_reg_0_31_42_55/DIB0
    SLICE_X50Y19         RAMD32                                       r  design_1_i/axi_smc/inst/s01_nodes/s01_w_node/inst/inst_mi_handler/gen_normal_area.inst_fifo_node_payld/gen_xpm_memory_fifo.inst_fifo/gen_mem_rep[0].inst_xpm_memory/xpm_memory_base_inst/gen_wr_a.gen_word_narrow.mem_reg_0_31_42_55/RAMB/I
  -------------------------------------------------------------------    -------------------

                         (clock clk_pl_0 rise edge)
                                                      0.000     0.000 r  
    PS8_X0Y0             PS8                          0.000     0.000 r  design_1_i/zynq_ultra_ps_e_0/inst/PS8_i/PLCLK[0]
                         net (fo=1, routed)           0.135     0.135    design_1_i/zynq_ultra_ps_e_0/inst/pl_clk_unbuffered[0]
    BUFG_PS_X0Y58        BUFG_PS (Prop_BUFG_PS_I_O)
                                                      0.028     0.163 r  design_1_i/zynq_ultra_ps_e_0/inst/buffer_pl_clk_0.PL_CLK_0_BUFG/O
    X1Y1 (CLOCK_ROOT)    net (fo=10024, routed)       1.652     1.815    design_1_i/axi_smc/inst/s01_nodes/s01_w_node/inst/inst_mi_handler/gen_normal_area.inst_fifo_node_payld/gen_xpm_memory_fifo.inst_fifo/gen_mem_rep[0].inst_xpm_memory/xpm_memory_base_inst/gen_wr_a.gen_word_narrow.mem_reg_0_31_42_55/WCLK
    SLICE_X50Y19         RAMD32                                       r  design_1_i/axi_smc/inst/s01_nodes/s01_w_node/inst/inst_mi_handler/gen_normal_area.inst_fifo_node_payld/gen_xpm_memory_fifo.inst_fifo/gen_mem_rep[0].inst_xpm_memory/xpm_memory_base_inst/gen_wr_a.gen_word_narrow.mem_reg_0_31_42_55/RAMB/CLK
                         clock pessimism             -0.145     1.670    
    SLICE_X50Y19         RAMD32 (Hold_B5LUT_SLICEM_CLK_I)
                                                      0.078     1.748    design_1_i/axi_smc/inst/s01_nodes/s01_w_node/inst/inst_mi_handler/gen_normal_area.inst_fifo_node_payld/gen_xpm_memory_fifo.inst_fifo/gen_mem_rep[0].inst_xpm_memory/xpm_memory_base_inst/gen_wr_a.gen_word_narrow.mem_reg_0_31_42_55/RAMB
  -------------------------------------------------------------------
                         required time                         -1.748    
                         arrival time                           1.760    
  -------------------------------------------------------------------
                         slack                                  0.012    





Pulse Width Checks
--------------------------------------------------------------------------------------
Clock Name:         clk_pl_0
Waveform(ns):       { 0.000 5.000 }
Period(ns):         10.000
Sources:            { design_1_i/zynq_ultra_ps_e_0/inst/PS8_i/PLCLK[0] }

Check Type        Corner  Lib Pin             Reference Pin  Required(ns)  Actual(ns)  Slack(ns)  Location     Pin
Min Period        n/a     PS8/MAXIGP0ACLK     n/a            3.000         10.000      7.000      PS8_X0Y0     design_1_i/zynq_ultra_ps_e_0/inst/PS8_i/MAXIGP0ACLK
Min Period        n/a     PS8/MAXIGP1ACLK     n/a            3.000         10.000      7.000      PS8_X0Y0     design_1_i/zynq_ultra_ps_e_0/inst/PS8_i/MAXIGP1ACLK
Min Period        n/a     PS8/SAXIGP2RCLK     n/a            3.000         10.000      7.000      PS8_X0Y0     design_1_i/zynq_ultra_ps_e_0/inst/PS8_i/SAXIGP2RCLK
Min Period        n/a     PS8/SAXIGP2WCLK     n/a            3.000         10.000      7.000      PS8_X0Y0     design_1_i/zynq_ultra_ps_e_0/inst/PS8_i/SAXIGP2WCLK
Min Period        n/a     RAMB36E2/CLKARDCLK  n/a            1.569         10.000      8.431      RAMB36_X6Y6  design_1_i/axis_data_fifo_0/inst/gen_fifo.xpm_fifo_axis_inst/xpm_fifo_base_inst/gen_sdpram.xpm_memory_base_inst/gen_wr_a.gen_word_narrow.mem_reg/CLKARDCLK
Min Period        n/a     RAMB36E2/CLKBWRCLK  n/a            1.569         10.000      8.431      RAMB36_X6Y6  design_1_i/axis_data_fifo_0/inst/gen_fifo.xpm_fifo_axis_inst/xpm_fifo_base_inst/gen_sdpram.xpm_memory_base_inst/gen_wr_a.gen_word_narrow.mem_reg/CLKBWRCLK
Min Period        n/a     RAMB36E2/CLKARDCLK  n/a            1.355         10.000      8.645      RAMB36_X5Y7  design_1_i/axi_dma_0/U0/I_PRMRY_DATAMOVER/GEN_MM2S_FULL.I_MM2S_FULL_WRAPPER/GEN_INCLUDE_MM2S_SF.I_RD_SF/I_DATA_FIFO/BLK_MEM.I_SYNC_FIFOGEN_FIFO/xpm_fifo_instance.xpm_fifo_sync_inst/xpm_fifo_base_inst/gen_sdpram.xpm_memory_base_inst/gen_wr_a.gen_word_narrow.mem_reg/CLKARDCLK
Min Period        n/a     RAMB36E2/CLKBWRCLK  n/a            1.355         10.000      8.645      RAMB36_X5Y7  design_1_i/axi_dma_0/U0/I_PRMRY_DATAMOVER/GEN_MM2S_FULL.I_MM2S_FULL_WRAPPER/GEN_INCLUDE_MM2S_SF.I_RD_SF/I_DATA_FIFO/BLK_MEM.I_SYNC_FIFOGEN_FIFO/xpm_fifo_instance.xpm_fifo_sync_inst/xpm_fifo_base_inst/gen_sdpram.xpm_memory_base_inst/gen_wr_a.gen_word_narrow.mem_reg/CLKBWRCLK
Min Period        n/a     RAMB36E2/CLKARDCLK  n/a            1.355         10.000      8.645      RAMB36_X6Y5  design_1_i/axi_dma_0/U0/I_PRMRY_DATAMOVER/GEN_S2MM_FULL.I_S2MM_FULL_WRAPPER/GEN_ENABLE_INDET_BTT_SF.I_INDET_BTT/I_DATA_FIFO/BLK_MEM.I_SYNC_FIFOGEN_FIFO/xpm_fifo_instance.xpm_fifo_sync_inst/xpm_fifo_base_inst/gen_sdpram.xpm_memory_base_inst/gen_wr_a.gen_word_narrow.mem_reg/CLKARDCLK
Min Period        n/a     RAMB36E2/CLKBWRCLK  n/a            1.355         10.000      8.645      RAMB36_X6Y5  design_1_i/axi_dma_0/U0/I_PRMRY_DATAMOVER/GEN_S2MM_FULL.I_S2MM_FULL_WRAPPER/GEN_ENABLE_INDET_BTT_SF.I_INDET_BTT/I_DATA_FIFO/BLK_MEM.I_SYNC_FIFOGEN_FIFO/xpm_fifo_instance.xpm_fifo_sync_inst/xpm_fifo_base_inst/gen_sdpram.xpm_memory_base_inst/gen_wr_a.gen_word_narrow.mem_reg/CLKBWRCLK
Low Pulse Width   Slow    PS8/MAXIGP0ACLK     n/a            1.500         5.000       3.500      PS8_X0Y0     design_1_i/zynq_ultra_ps_e_0/inst/PS8_i/MAXIGP0ACLK
Low Pulse Width   Fast    PS8/MAXIGP0ACLK     n/a            1.500         5.000       3.500      PS8_X0Y0     design_1_i/zynq_ultra_ps_e_0/inst/PS8_i/MAXIGP0ACLK
Low Pulse Width   Slow    PS8/MAXIGP1ACLK     n/a            1.500         5.000       3.500      PS8_X0Y0     design_1_i/zynq_ultra_ps_e_0/inst/PS8_i/MAXIGP1ACLK
Low Pulse Width   Fast    PS8/MAXIGP1ACLK     n/a            1.500         5.000       3.500      PS8_X0Y0     design_1_i/zynq_ultra_ps_e_0/inst/PS8_i/MAXIGP1ACLK
Low Pulse Width   Slow    PS8/SAXIGP2RCLK     n/a            1.500         5.000       3.500      PS8_X0Y0     design_1_i/zynq_ultra_ps_e_0/inst/PS8_i/SAXIGP2RCLK
Low Pulse Width   Fast    PS8/SAXIGP2RCLK     n/a            1.500         5.000       3.500      PS8_X0Y0     design_1_i/zynq_ultra_ps_e_0/inst/PS8_i/SAXIGP2RCLK
Low Pulse Width   Slow    PS8/SAXIGP2WCLK     n/a            1.500         5.000       3.500      PS8_X0Y0     design_1_i/zynq_ultra_ps_e_0/inst/PS8_i/SAXIGP2WCLK
Low Pulse Width   Fast    PS8/SAXIGP2WCLK     n/a            1.500         5.000       3.500      PS8_X0Y0     design_1_i/zynq_ultra_ps_e_0/inst/PS8_i/SAXIGP2WCLK
Low Pulse Width   Slow    RAMB36E2/CLKARDCLK  n/a            0.542         5.000       4.458      RAMB36_X5Y7  design_1_i/axi_dma_0/U0/I_PRMRY_DATAMOVER/GEN_MM2S_FULL.I_MM2S_FULL_WRAPPER/GEN_INCLUDE_MM2S_SF.I_RD_SF/I_DATA_FIFO/BLK_MEM.I_SYNC_FIFOGEN_FIFO/xpm_fifo_instance.xpm_fifo_sync_inst/xpm_fifo_base_inst/gen_sdpram.xpm_memory_base_inst/gen_wr_a.gen_word_narrow.mem_reg/CLKARDCLK
Low Pulse Width   Fast    RAMB36E2/CLKARDCLK  n/a            0.542         5.000       4.458      RAMB36_X5Y7  design_1_i/axi_dma_0/U0/I_PRMRY_DATAMOVER/GEN_MM2S_FULL.I_MM2S_FULL_WRAPPER/GEN_INCLUDE_MM2S_SF.I_RD_SF/I_DATA_FIFO/BLK_MEM.I_SYNC_FIFOGEN_FIFO/xpm_fifo_instance.xpm_fifo_sync_inst/xpm_fifo_base_inst/gen_sdpram.xpm_memory_base_inst/gen_wr_a.gen_word_narrow.mem_reg/CLKARDCLK
High Pulse Width  Slow    PS8/MAXIGP0ACLK     n/a            1.500         5.000       3.500      PS8_X0Y0     design_1_i/zynq_ultra_ps_e_0/inst/PS8_i/MAXIGP0ACLK
High Pulse Width  Fast    PS8/MAXIGP0ACLK     n/a            1.500         5.000       3.500      PS8_X0Y0     design_1_i/zynq_ultra_ps_e_0/inst/PS8_i/MAXIGP0ACLK
High Pulse Width  Slow    PS8/MAXIGP1ACLK     n/a            1.500         5.000       3.500      PS8_X0Y0     design_1_i/zynq_ultra_ps_e_0/inst/PS8_i/MAXIGP1ACLK
High Pulse Width  Fast    PS8/MAXIGP1ACLK     n/a            1.500         5.000       3.500      PS8_X0Y0     design_1_i/zynq_ultra_ps_e_0/inst/PS8_i/MAXIGP1ACLK
High Pulse Width  Slow    PS8/SAXIGP2RCLK     n/a            1.500         5.000       3.500      PS8_X0Y0     design_1_i/zynq_ultra_ps_e_0/inst/PS8_i/SAXIGP2RCLK
High Pulse Width  Fast    PS8/SAXIGP2RCLK     n/a            1.500         5.000       3.500      PS8_X0Y0     design_1_i/zynq_ultra_ps_e_0/inst/PS8_i/SAXIGP2RCLK
High Pulse Width  Slow    PS8/SAXIGP2WCLK     n/a            1.500         5.000       3.500      PS8_X0Y0     design_1_i/zynq_ultra_ps_e_0/inst/PS8_i/SAXIGP2WCLK
High Pulse Width  Fast    PS8/SAXIGP2WCLK     n/a            1.500         5.000       3.500      PS8_X0Y0     design_1_i/zynq_ultra_ps_e_0/inst/PS8_i/SAXIGP2WCLK
High Pulse Width  Slow    RAMB36E2/CLKARDCLK  n/a            0.542         5.000       4.458      RAMB36_X5Y7  design_1_i/axi_dma_0/U0/I_PRMRY_DATAMOVER/GEN_MM2S_FULL.I_MM2S_FULL_WRAPPER/GEN_INCLUDE_MM2S_SF.I_RD_SF/I_DATA_FIFO/BLK_MEM.I_SYNC_FIFOGEN_FIFO/xpm_fifo_instance.xpm_fifo_sync_inst/xpm_fifo_base_inst/gen_sdpram.xpm_memory_base_inst/gen_wr_a.gen_word_narrow.mem_reg/CLKARDCLK
High Pulse Width  Fast    RAMB36E2/CLKARDCLK  n/a            0.542         5.000       4.458      RAMB36_X5Y7  design_1_i/axi_dma_0/U0/I_PRMRY_DATAMOVER/GEN_MM2S_FULL.I_MM2S_FULL_WRAPPER/GEN_INCLUDE_MM2S_SF.I_RD_SF/I_DATA_FIFO/BLK_MEM.I_SYNC_FIFOGEN_FIFO/xpm_fifo_instance.xpm_fifo_sync_inst/xpm_fifo_base_inst/gen_sdpram.xpm_memory_base_inst/gen_wr_a.gen_word_narrow.mem_reg/CLKARDCLK



---------------------------------------------------------------------------------------------------
Path Group:  **async_default**
From Clock:  clk_pl_0
  To Clock:  clk_pl_0

Setup :            0  Failing Endpoints,  Worst Slack        8.628ns,  Total Violation        0.000ns
Hold  :            0  Failing Endpoints,  Worst Slack        0.186ns,  Total Violation        0.000ns
---------------------------------------------------------------------------------------------------


Max Delay Paths
--------------------------------------------------------------------------------------
Slack (MET) :             8.628ns  (required time - arrival time)
  Source:                 design_1_i/ps8_0_axi_periph/s00_couplers/auto_ds/inst/gen_downsizer.gen_simple_downsizer.axi_downsizer_inst/USE_WRITE.write_addr_inst/cmd_queue/inst/fifo_gen_inst/inst_fifo_gen/gconvfifo.rf/grf.rf/rstblk/ngwrdrst.grst.g7serrst.gnsckt_wrst.gcc_rst.sckt_wr_rst_cc_reg[1]/C
                            (rising edge-triggered cell FDRE clocked by clk_pl_0  {rise@0.000ns fall@5.000ns period=10.000ns})
  Destination:            design_1_i/ps8_0_axi_periph/s00_couplers/auto_ds/inst/gen_downsizer.gen_simple_downsizer.axi_downsizer_inst/USE_WRITE.write_addr_inst/cmd_queue/inst/fifo_gen_inst/inst_fifo_gen/gconvfifo.rf/grf.rf/gntv_or_sync_fifo.gl0.wr/wpntr/gcc0.gc0.count_reg[0]/PRE
                            (recovery check against rising-edge clock clk_pl_0  {rise@0.000ns fall@5.000ns period=10.000ns})
  Path Group:             **async_default**
  Path Type:              Recovery (Max at Slow Process Corner)
  Requirement:            10.000ns  (clk_pl_0 rise@10.000ns - clk_pl_0 rise@0.000ns)
  Data Path Delay:        1.094ns  (logic 0.169ns (15.442%)  route 0.925ns (84.558%))
  Logic Levels:           1  (LUT3=1)
  Clock Path Skew:        -0.082ns (DCD - SCD + CPR)
    Destination Clock Delay (DCD):    1.515ns = ( 11.515 - 10.000 ) 
    Source Clock Delay      (SCD):    1.737ns
    Clock Pessimism Removal (CPR):    0.140ns
  Clock Uncertainty:      0.130ns  ((TSJ^2 + DJ^2)^1/2) / 2 + PE
    Total System Jitter     (TSJ):    0.071ns
    Discrete Jitter          (DJ):    0.250ns
    Phase Error              (PE):    0.000ns
  Clock Net Delay (Source):      1.574ns (routing 0.567ns, distribution 1.007ns)
  Clock Net Delay (Destination): 1.385ns (routing 0.510ns, distribution 0.875ns)

    Location             Delay type                Incr(ns)  Path(ns)    Netlist Resource(s)
  -------------------------------------------------------------------    -------------------
                         (clock clk_pl_0 rise edge)
                                                      0.000     0.000 r  
    PS8_X0Y0             PS8                          0.000     0.000 r  design_1_i/zynq_ultra_ps_e_0/inst/PS8_i/PLCLK[0]
                         net (fo=1, routed)           0.135     0.135    design_1_i/zynq_ultra_ps_e_0/inst/pl_clk_unbuffered[0]
    BUFG_PS_X0Y58        BUFG_PS (Prop_BUFG_PS_I_O)
                                                      0.028     0.163 r  design_1_i/zynq_ultra_ps_e_0/inst/buffer_pl_clk_0.PL_CLK_0_BUFG/O
    X1Y1 (CLOCK_ROOT)    net (fo=10024, routed)       1.574     1.737    design_1_i/ps8_0_axi_periph/s00_couplers/auto_ds/inst/gen_downsizer.gen_simple_downsizer.axi_downsizer_inst/USE_WRITE.write_addr_inst/cmd_queue/inst/fifo_gen_inst/inst_fifo_gen/gconvfifo.rf/grf.rf/rstblk/clk
    SLICE_X49Y66         FDRE                                         r  design_1_i/ps8_0_axi_periph/s00_couplers/auto_ds/inst/gen_downsizer.gen_simple_downsizer.axi_downsizer_inst/USE_WRITE.write_addr_inst/cmd_queue/inst/fifo_gen_inst/inst_fifo_gen/gconvfifo.rf/grf.rf/rstblk/ngwrdrst.grst.g7serrst.gnsckt_wrst.gcc_rst.sckt_wr_rst_cc_reg[1]/C
  -------------------------------------------------------------------    -------------------
    SLICE_X49Y66         FDRE (Prop_GFF2_SLICEM_C_Q)
                                                      0.079     1.816 f  design_1_i/ps8_0_axi_periph/s00_couplers/auto_ds/inst/gen_downsizer.gen_simple_downsizer.axi_downsizer_inst/USE_WRITE.write_addr_inst/cmd_queue/inst/fifo_gen_inst/inst_fifo_gen/gconvfifo.rf/grf.rf/rstblk/ngwrdrst.grst.g7serrst.gnsckt_wrst.gcc_rst.sckt_wr_rst_cc_reg[1]/Q
                         net (fo=2, routed)           0.214     2.030    design_1_i/ps8_0_axi_periph/s00_couplers/auto_ds/inst/gen_downsizer.gen_simple_downsizer.axi_downsizer_inst/USE_WRITE.write_addr_inst/cmd_queue/inst/fifo_gen_inst/inst_fifo_gen/gconvfifo.rf/grf.rf/rstblk/ngwrdrst.grst.g7serrst.gnsckt_wrst.gcc_rst.sckt_wr_rst_cc[1]
    SLICE_X49Y66         LUT3 (Prop_G6LUT_SLICEM_I0_O)
                                                      0.090     2.120 f  design_1_i/ps8_0_axi_periph/s00_couplers/auto_ds/inst/gen_downsizer.gen_simple_downsizer.axi_downsizer_inst/USE_WRITE.write_addr_inst/cmd_queue/inst/fifo_gen_inst/inst_fifo_gen/gconvfifo.rf/grf.rf/rstblk/gpregsm1.curr_fwft_state[1]_i_2/O
                         net (fo=32, routed)          0.711     2.832    design_1_i/ps8_0_axi_periph/s00_couplers/auto_ds/inst/gen_downsizer.gen_simple_downsizer.axi_downsizer_inst/USE_WRITE.write_addr_inst/cmd_queue/inst/fifo_gen_inst/inst_fifo_gen/gconvfifo.rf/grf.rf/gntv_or_sync_fifo.gl0.wr/wpntr/AR[0]
    SLICE_X47Y65         FDPE                                         f  design_1_i/ps8_0_axi_periph/s00_couplers/auto_ds/inst/gen_downsizer.gen_simple_downsizer.axi_downsizer_inst/USE_WRITE.write_addr_inst/cmd_queue/inst/fifo_gen_inst/inst_fifo_gen/gconvfifo.rf/grf.rf/gntv_or_sync_fifo.gl0.wr/wpntr/gcc0.gc0.count_reg[0]/PRE
  -------------------------------------------------------------------    -------------------

                         (clock clk_pl_0 rise edge)
                                                     10.000    10.000 r  
    PS8_X0Y0             PS8                          0.000    10.000 r  design_1_i/zynq_ultra_ps_e_0/inst/PS8_i/PLCLK[0]
                         net (fo=1, routed)           0.105    10.105    design_1_i/zynq_ultra_ps_e_0/inst/pl_clk_unbuffered[0]
    BUFG_PS_X0Y58        BUFG_PS (Prop_BUFG_PS_I_O)
                                                      0.025    10.130 r  design_1_i/zynq_ultra_ps_e_0/inst/buffer_pl_clk_0.PL_CLK_0_BUFG/O
    X1Y1 (CLOCK_ROOT)    net (fo=10024, routed)       1.385    11.515    design_1_i/ps8_0_axi_periph/s00_couplers/auto_ds/inst/gen_downsizer.gen_simple_downsizer.axi_downsizer_inst/USE_WRITE.write_addr_inst/cmd_queue/inst/fifo_gen_inst/inst_fifo_gen/gconvfifo.rf/grf.rf/gntv_or_sync_fifo.gl0.wr/wpntr/clk
    SLICE_X47Y65         FDPE                                         r  design_1_i/ps8_0_axi_periph/s00_couplers/auto_ds/inst/gen_downsizer.gen_simple_downsizer.axi_downsizer_inst/USE_WRITE.write_addr_inst/cmd_queue/inst/fifo_gen_inst/inst_fifo_gen/gconvfifo.rf/grf.rf/gntv_or_sync_fifo.gl0.wr/wpntr/gcc0.gc0.count_reg[0]/C
                         clock pessimism              0.140    11.656    
                         clock uncertainty           -0.130    11.526    
    SLICE_X47Y65         FDPE (Recov_CFF2_SLICEL_C_PRE)
                                                     -0.066    11.460    design_1_i/ps8_0_axi_periph/s00_couplers/auto_ds/inst/gen_downsizer.gen_simple_downsizer.axi_downsizer_inst/USE_WRITE.write_addr_inst/cmd_queue/inst/fifo_gen_inst/inst_fifo_gen/gconvfifo.rf/grf.rf/gntv_or_sync_fifo.gl0.wr/wpntr/gcc0.gc0.count_reg[0]
  -------------------------------------------------------------------
                         required time                         11.460    
                         arrival time                          -2.832    
  -------------------------------------------------------------------
                         slack                                  8.628    

Slack (MET) :             8.628ns  (required time - arrival time)
  Source:                 design_1_i/ps8_0_axi_periph/s00_couplers/auto_ds/inst/gen_downsizer.gen_simple_downsizer.axi_downsizer_inst/USE_WRITE.write_addr_inst/cmd_queue/inst/fifo_gen_inst/inst_fifo_gen/gconvfifo.rf/grf.rf/rstblk/ngwrdrst.grst.g7serrst.gnsckt_wrst.gcc_rst.sckt_wr_rst_cc_reg[1]/C
                            (rising edge-triggered cell FDRE clocked by clk_pl_0  {rise@0.000ns fall@5.000ns period=10.000ns})
  Destination:            design_1_i/ps8_0_axi_periph/s00_couplers/auto_ds/inst/gen_downsizer.gen_simple_downsizer.axi_downsizer_inst/USE_WRITE.write_addr_inst/cmd_queue/inst/fifo_gen_inst/inst_fifo_gen/gconvfifo.rf/grf.rf/gntv_or_sync_fifo.gl0.wr/wpntr/gcc0.gc0.count_reg[2]/CLR
                            (recovery check against rising-edge clock clk_pl_0  {rise@0.000ns fall@5.000ns period=10.000ns})
  Path Group:             **async_default**
  Path Type:              Recovery (Max at Slow Process Corner)
  Requirement:            10.000ns  (clk_pl_0 rise@10.000ns - clk_pl_0 rise@0.000ns)
  Data Path Delay:        1.094ns  (logic 0.169ns (15.442%)  route 0.925ns (84.558%))
  Logic Levels:           1  (LUT3=1)
  Clock Path Skew:        -0.082ns (DCD - SCD + CPR)
    Destination Clock Delay (DCD):    1.515ns = ( 11.515 - 10.000 ) 
    Source Clock Delay      (SCD):    1.737ns
    Clock Pessimism Removal (CPR):    0.140ns
  Clock Uncertainty:      0.130ns  ((TSJ^2 + DJ^2)^1/2) / 2 + PE
    Total System Jitter     (TSJ):    0.071ns
    Discrete Jitter          (DJ):    0.250ns
    Phase Error              (PE):    0.000ns
  Clock Net Delay (Source):      1.574ns (routing 0.567ns, distribution 1.007ns)
  Clock Net Delay (Destination): 1.385ns (routing 0.510ns, distribution 0.875ns)

    Location             Delay type                Incr(ns)  Path(ns)    Netlist Resource(s)
  -------------------------------------------------------------------    -------------------
                         (clock clk_pl_0 rise edge)
                                                      0.000     0.000 r  
    PS8_X0Y0             PS8                          0.000     0.000 r  design_1_i/zynq_ultra_ps_e_0/inst/PS8_i/PLCLK[0]
                         net (fo=1, routed)           0.135     0.135    design_1_i/zynq_ultra_ps_e_0/inst/pl_clk_unbuffered[0]
    BUFG_PS_X0Y58        BUFG_PS (Prop_BUFG_PS_I_O)
                                                      0.028     0.163 r  design_1_i/zynq_ultra_ps_e_0/inst/buffer_pl_clk_0.PL_CLK_0_BUFG/O
    X1Y1 (CLOCK_ROOT)    net (fo=10024, routed)       1.574     1.737    design_1_i/ps8_0_axi_periph/s00_couplers/auto_ds/inst/gen_downsizer.gen_simple_downsizer.axi_downsizer_inst/USE_WRITE.write_addr_inst/cmd_queue/inst/fifo_gen_inst/inst_fifo_gen/gconvfifo.rf/grf.rf/rstblk/clk
    SLICE_X49Y66         FDRE                                         r  design_1_i/ps8_0_axi_periph/s00_couplers/auto_ds/inst/gen_downsizer.gen_simple_downsizer.axi_downsizer_inst/USE_WRITE.write_addr_inst/cmd_queue/inst/fifo_gen_inst/inst_fifo_gen/gconvfifo.rf/grf.rf/rstblk/ngwrdrst.grst.g7serrst.gnsckt_wrst.gcc_rst.sckt_wr_rst_cc_reg[1]/C
  -------------------------------------------------------------------    -------------------
    SLICE_X49Y66         FDRE (Prop_GFF2_SLICEM_C_Q)
                                                      0.079     1.816 f  design_1_i/ps8_0_axi_periph/s00_couplers/auto_ds/inst/gen_downsizer.gen_simple_downsizer.axi_downsizer_inst/USE_WRITE.write_addr_inst/cmd_queue/inst/fifo_gen_inst/inst_fifo_gen/gconvfifo.rf/grf.rf/rstblk/ngwrdrst.grst.g7serrst.gnsckt_wrst.gcc_rst.sckt_wr_rst_cc_reg[1]/Q
                         net (fo=2, routed)           0.214     2.030    design_1_i/ps8_0_axi_periph/s00_couplers/auto_ds/inst/gen_downsizer.gen_simple_downsizer.axi_downsizer_inst/USE_WRITE.write_addr_inst/cmd_queue/inst/fifo_gen_inst/inst_fifo_gen/gconvfifo.rf/grf.rf/rstblk/ngwrdrst.grst.g7serrst.gnsckt_wrst.gcc_rst.sckt_wr_rst_cc[1]
    SLICE_X49Y66         LUT3 (Prop_G6LUT_SLICEM_I0_O)
                                                      0.090     2.120 f  design_1_i/ps8_0_axi_periph/s00_couplers/auto_ds/inst/gen_downsizer.gen_simple_downsizer.axi_downsizer_inst/USE_WRITE.write_addr_inst/cmd_queue/inst/fifo_gen_inst/inst_fifo_gen/gconvfifo.rf/grf.rf/rstblk/gpregsm1.curr_fwft_state[1]_i_2/O
                         net (fo=32, routed)          0.711     2.832    design_1_i/ps8_0_axi_periph/s00_couplers/auto_ds/inst/gen_downsizer.gen_simple_downsizer.axi_downsizer_inst/USE_WRITE.write_addr_inst/cmd_queue/inst/fifo_gen_inst/inst_fifo_gen/gconvfifo.rf/grf.rf/gntv_or_sync_fifo.gl0.wr/wpntr/AR[0]
    SLICE_X47Y65         FDCE                                         f  design_1_i/ps8_0_axi_periph/s00_couplers/auto_ds/inst/gen_downsizer.gen_simple_downsizer.axi_downsizer_inst/USE_WRITE.write_addr_inst/cmd_queue/inst/fifo_gen_inst/inst_fifo_gen/gconvfifo.rf/grf.rf/gntv_or_sync_fifo.gl0.wr/wpntr/gcc0.gc0.count_reg[2]/CLR
  -------------------------------------------------------------------    -------------------

                         (clock clk_pl_0 rise edge)
                                                     10.000    10.000 r  
    PS8_X0Y0             PS8                          0.000    10.000 r  design_1_i/zynq_ultra_ps_e_0/inst/PS8_i/PLCLK[0]
                         net (fo=1, routed)           0.105    10.105    design_1_i/zynq_ultra_ps_e_0/inst/pl_clk_unbuffered[0]
    BUFG_PS_X0Y58        BUFG_PS (Prop_BUFG_PS_I_O)
                                                      0.025    10.130 r  design_1_i/zynq_ultra_ps_e_0/inst/buffer_pl_clk_0.PL_CLK_0_BUFG/O
    X1Y1 (CLOCK_ROOT)    net (fo=10024, routed)       1.385    11.515    design_1_i/ps8_0_axi_periph/s00_couplers/auto_ds/inst/gen_downsizer.gen_simple_downsizer.axi_downsizer_inst/USE_WRITE.write_addr_inst/cmd_queue/inst/fifo_gen_inst/inst_fifo_gen/gconvfifo.rf/grf.rf/gntv_or_sync_fifo.gl0.wr/wpntr/clk
    SLICE_X47Y65         FDCE                                         r  design_1_i/ps8_0_axi_periph/s00_couplers/auto_ds/inst/gen_downsizer.gen_simple_downsizer.axi_downsizer_inst/USE_WRITE.write_addr_inst/cmd_queue/inst/fifo_gen_inst/inst_fifo_gen/gconvfifo.rf/grf.rf/gntv_or_sync_fifo.gl0.wr/wpntr/gcc0.gc0.count_reg[2]/C
                         clock pessimism              0.140    11.656    
                         clock uncertainty           -0.130    11.526    
    SLICE_X47Y65         FDCE (Recov_BFF2_SLICEL_C_CLR)
                                                     -0.066    11.460    design_1_i/ps8_0_axi_periph/s00_couplers/auto_ds/inst/gen_downsizer.gen_simple_downsizer.axi_downsizer_inst/USE_WRITE.write_addr_inst/cmd_queue/inst/fifo_gen_inst/inst_fifo_gen/gconvfifo.rf/grf.rf/gntv_or_sync_fifo.gl0.wr/wpntr/gcc0.gc0.count_reg[2]
  -------------------------------------------------------------------
                         required time                         11.460    
                         arrival time                          -2.832    
  -------------------------------------------------------------------
                         slack                                  8.628    

Slack (MET) :             8.628ns  (required time - arrival time)
  Source:                 design_1_i/ps8_0_axi_periph/s00_couplers/auto_ds/inst/gen_downsizer.gen_simple_downsizer.axi_downsizer_inst/USE_WRITE.write_addr_inst/cmd_queue/inst/fifo_gen_inst/inst_fifo_gen/gconvfifo.rf/grf.rf/rstblk/ngwrdrst.grst.g7serrst.gnsckt_wrst.gcc_rst.sckt_wr_rst_cc_reg[1]/C
                            (rising edge-triggered cell FDRE clocked by clk_pl_0  {rise@0.000ns fall@5.000ns period=10.000ns})
  Destination:            design_1_i/ps8_0_axi_periph/s00_couplers/auto_ds/inst/gen_downsizer.gen_simple_downsizer.axi_downsizer_inst/USE_WRITE.write_addr_inst/cmd_queue/inst/fifo_gen_inst/inst_fifo_gen/gconvfifo.rf/grf.rf/gntv_or_sync_fifo.gl0.wr/wpntr/gcc0.gc0.count_reg[3]/CLR
                            (recovery check against rising-edge clock clk_pl_0  {rise@0.000ns fall@5.000ns period=10.000ns})
  Path Group:             **async_default**
  Path Type:              Recovery (Max at Slow Process Corner)
  Requirement:            10.000ns  (clk_pl_0 rise@10.000ns - clk_pl_0 rise@0.000ns)
  Data Path Delay:        1.094ns  (logic 0.169ns (15.442%)  route 0.925ns (84.558%))
  Logic Levels:           1  (LUT3=1)
  Clock Path Skew:        -0.082ns (DCD - SCD + CPR)
    Destination Clock Delay (DCD):    1.515ns = ( 11.515 - 10.000 ) 
    Source Clock Delay      (SCD):    1.737ns
    Clock Pessimism Removal (CPR):    0.140ns
  Clock Uncertainty:      0.130ns  ((TSJ^2 + DJ^2)^1/2) / 2 + PE
    Total System Jitter     (TSJ):    0.071ns
    Discrete Jitter          (DJ):    0.250ns
    Phase Error              (PE):    0.000ns
  Clock Net Delay (Source):      1.574ns (routing 0.567ns, distribution 1.007ns)
  Clock Net Delay (Destination): 1.385ns (routing 0.510ns, distribution 0.875ns)

    Location             Delay type                Incr(ns)  Path(ns)    Netlist Resource(s)
  -------------------------------------------------------------------    -------------------
                         (clock clk_pl_0 rise edge)
                                                      0.000     0.000 r  
    PS8_X0Y0             PS8                          0.000     0.000 r  design_1_i/zynq_ultra_ps_e_0/inst/PS8_i/PLCLK[0]
                         net (fo=1, routed)           0.135     0.135    design_1_i/zynq_ultra_ps_e_0/inst/pl_clk_unbuffered[0]
    BUFG_PS_X0Y58        BUFG_PS (Prop_BUFG_PS_I_O)
                                                      0.028     0.163 r  design_1_i/zynq_ultra_ps_e_0/inst/buffer_pl_clk_0.PL_CLK_0_BUFG/O
    X1Y1 (CLOCK_ROOT)    net (fo=10024, routed)       1.574     1.737    design_1_i/ps8_0_axi_periph/s00_couplers/auto_ds/inst/gen_downsizer.gen_simple_downsizer.axi_downsizer_inst/USE_WRITE.write_addr_inst/cmd_queue/inst/fifo_gen_inst/inst_fifo_gen/gconvfifo.rf/grf.rf/rstblk/clk
    SLICE_X49Y66         FDRE                                         r  design_1_i/ps8_0_axi_periph/s00_couplers/auto_ds/inst/gen_downsizer.gen_simple_downsizer.axi_downsizer_inst/USE_WRITE.write_addr_inst/cmd_queue/inst/fifo_gen_inst/inst_fifo_gen/gconvfifo.rf/grf.rf/rstblk/ngwrdrst.grst.g7serrst.gnsckt_wrst.gcc_rst.sckt_wr_rst_cc_reg[1]/C
  -------------------------------------------------------------------    -------------------
    SLICE_X49Y66         FDRE (Prop_GFF2_SLICEM_C_Q)
                                                      0.079     1.816 f  design_1_i/ps8_0_axi_periph/s00_couplers/auto_ds/inst/gen_downsizer.gen_simple_downsizer.axi_downsizer_inst/USE_WRITE.write_addr_inst/cmd_queue/inst/fifo_gen_inst/inst_fifo_gen/gconvfifo.rf/grf.rf/rstblk/ngwrdrst.grst.g7serrst.gnsckt_wrst.gcc_rst.sckt_wr_rst_cc_reg[1]/Q
                         net (fo=2, routed)           0.214     2.030    design_1_i/ps8_0_axi_periph/s00_couplers/auto_ds/inst/gen_downsizer.gen_simple_downsizer.axi_downsizer_inst/USE_WRITE.write_addr_inst/cmd_queue/inst/fifo_gen_inst/inst_fifo_gen/gconvfifo.rf/grf.rf/rstblk/ngwrdrst.grst.g7serrst.gnsckt_wrst.gcc_rst.sckt_wr_rst_cc[1]
    SLICE_X49Y66         LUT3 (Prop_G6LUT_SLICEM_I0_O)
                                                      0.090     2.120 f  design_1_i/ps8_0_axi_periph/s00_couplers/auto_ds/inst/gen_downsizer.gen_simple_downsizer.axi_downsizer_inst/USE_WRITE.write_addr_inst/cmd_queue/inst/fifo_gen_inst/inst_fifo_gen/gconvfifo.rf/grf.rf/rstblk/gpregsm1.curr_fwft_state[1]_i_2/O
                         net (fo=32, routed)          0.711     2.832    design_1_i/ps8_0_axi_periph/s00_couplers/auto_ds/inst/gen_downsizer.gen_simple_downsizer.axi_downsizer_inst/USE_WRITE.write_addr_inst/cmd_queue/inst/fifo_gen_inst/inst_fifo_gen/gconvfifo.rf/grf.rf/gntv_or_sync_fifo.gl0.wr/wpntr/AR[0]
    SLICE_X47Y65         FDCE                                         f  design_1_i/ps8_0_axi_periph/s00_couplers/auto_ds/inst/gen_downsizer.gen_simple_downsizer.axi_downsizer_inst/USE_WRITE.write_addr_inst/cmd_queue/inst/fifo_gen_inst/inst_fifo_gen/gconvfifo.rf/grf.rf/gntv_or_sync_fifo.gl0.wr/wpntr/gcc0.gc0.count_reg[3]/CLR
  -------------------------------------------------------------------    -------------------

                         (clock clk_pl_0 rise edge)
                                                     10.000    10.000 r  
    PS8_X0Y0             PS8                          0.000    10.000 r  design_1_i/zynq_ultra_ps_e_0/inst/PS8_i/PLCLK[0]
                         net (fo=1, routed)           0.105    10.105    design_1_i/zynq_ultra_ps_e_0/inst/pl_clk_unbuffered[0]
    BUFG_PS_X0Y58        BUFG_PS (Prop_BUFG_PS_I_O)
                                                      0.025    10.130 r  design_1_i/zynq_ultra_ps_e_0/inst/buffer_pl_clk_0.PL_CLK_0_BUFG/O
    X1Y1 (CLOCK_ROOT)    net (fo=10024, routed)       1.385    11.515    design_1_i/ps8_0_axi_periph/s00_couplers/auto_ds/inst/gen_downsizer.gen_simple_downsizer.axi_downsizer_inst/USE_WRITE.write_addr_inst/cmd_queue/inst/fifo_gen_inst/inst_fifo_gen/gconvfifo.rf/grf.rf/gntv_or_sync_fifo.gl0.wr/wpntr/clk
    SLICE_X47Y65         FDCE                                         r  design_1_i/ps8_0_axi_periph/s00_couplers/auto_ds/inst/gen_downsizer.gen_simple_downsizer.axi_downsizer_inst/USE_WRITE.write_addr_inst/cmd_queue/inst/fifo_gen_inst/inst_fifo_gen/gconvfifo.rf/grf.rf/gntv_or_sync_fifo.gl0.wr/wpntr/gcc0.gc0.count_reg[3]/C
                         clock pessimism              0.140    11.656    
                         clock uncertainty           -0.130    11.526    
    SLICE_X47Y65         FDCE (Recov_DFF_SLICEL_C_CLR)
                                                     -0.066    11.460    design_1_i/ps8_0_axi_periph/s00_couplers/auto_ds/inst/gen_downsizer.gen_simple_downsizer.axi_downsizer_inst/USE_WRITE.write_addr_inst/cmd_queue/inst/fifo_gen_inst/inst_fifo_gen/gconvfifo.rf/grf.rf/gntv_or_sync_fifo.gl0.wr/wpntr/gcc0.gc0.count_reg[3]
  -------------------------------------------------------------------
                         required time                         11.460    
                         arrival time                          -2.832    
  -------------------------------------------------------------------
                         slack                                  8.628    

Slack (MET) :             8.628ns  (required time - arrival time)
  Source:                 design_1_i/ps8_0_axi_periph/s00_couplers/auto_ds/inst/gen_downsizer.gen_simple_downsizer.axi_downsizer_inst/USE_WRITE.write_addr_inst/cmd_queue/inst/fifo_gen_inst/inst_fifo_gen/gconvfifo.rf/grf.rf/rstblk/ngwrdrst.grst.g7serrst.gnsckt_wrst.gcc_rst.sckt_wr_rst_cc_reg[1]/C
                            (rising edge-triggered cell FDRE clocked by clk_pl_0  {rise@0.000ns fall@5.000ns period=10.000ns})
  Destination:            design_1_i/ps8_0_axi_periph/s00_couplers/auto_ds/inst/gen_downsizer.gen_simple_downsizer.axi_downsizer_inst/USE_WRITE.write_addr_inst/cmd_queue/inst/fifo_gen_inst/inst_fifo_gen/gconvfifo.rf/grf.rf/gntv_or_sync_fifo.gl0.wr/wpntr/gcc0.gc0.count_reg[4]/CLR
                            (recovery check against rising-edge clock clk_pl_0  {rise@0.000ns fall@5.000ns period=10.000ns})
  Path Group:             **async_default**
  Path Type:              Recovery (Max at Slow Process Corner)
  Requirement:            10.000ns  (clk_pl_0 rise@10.000ns - clk_pl_0 rise@0.000ns)
  Data Path Delay:        1.094ns  (logic 0.169ns (15.442%)  route 0.925ns (84.558%))
  Logic Levels:           1  (LUT3=1)
  Clock Path Skew:        -0.082ns (DCD - SCD + CPR)
    Destination Clock Delay (DCD):    1.515ns = ( 11.515 - 10.000 ) 
    Source Clock Delay      (SCD):    1.737ns
    Clock Pessimism Removal (CPR):    0.140ns
  Clock Uncertainty:      0.130ns  ((TSJ^2 + DJ^2)^1/2) / 2 + PE
    Total System Jitter     (TSJ):    0.071ns
    Discrete Jitter          (DJ):    0.250ns
    Phase Error              (PE):    0.000ns
  Clock Net Delay (Source):      1.574ns (routing 0.567ns, distribution 1.007ns)
  Clock Net Delay (Destination): 1.385ns (routing 0.510ns, distribution 0.875ns)

    Location             Delay type                Incr(ns)  Path(ns)    Netlist Resource(s)
  -------------------------------------------------------------------    -------------------
                         (clock clk_pl_0 rise edge)
                                                      0.000     0.000 r  
    PS8_X0Y0             PS8                          0.000     0.000 r  design_1_i/zynq_ultra_ps_e_0/inst/PS8_i/PLCLK[0]
                         net (fo=1, routed)           0.135     0.135    design_1_i/zynq_ultra_ps_e_0/inst/pl_clk_unbuffered[0]
    BUFG_PS_X0Y58        BUFG_PS (Prop_BUFG_PS_I_O)
                                                      0.028     0.163 r  design_1_i/zynq_ultra_ps_e_0/inst/buffer_pl_clk_0.PL_CLK_0_BUFG/O
    X1Y1 (CLOCK_ROOT)    net (fo=10024, routed)       1.574     1.737    design_1_i/ps8_0_axi_periph/s00_couplers/auto_ds/inst/gen_downsizer.gen_simple_downsizer.axi_downsizer_inst/USE_WRITE.write_addr_inst/cmd_queue/inst/fifo_gen_inst/inst_fifo_gen/gconvfifo.rf/grf.rf/rstblk/clk
    SLICE_X49Y66         FDRE                                         r  design_1_i/ps8_0_axi_periph/s00_couplers/auto_ds/inst/gen_downsizer.gen_simple_downsizer.axi_downsizer_inst/USE_WRITE.write_addr_inst/cmd_queue/inst/fifo_gen_inst/inst_fifo_gen/gconvfifo.rf/grf.rf/rstblk/ngwrdrst.grst.g7serrst.gnsckt_wrst.gcc_rst.sckt_wr_rst_cc_reg[1]/C
  -------------------------------------------------------------------    -------------------
    SLICE_X49Y66         FDRE (Prop_GFF2_SLICEM_C_Q)
                                                      0.079     1.816 f  design_1_i/ps8_0_axi_periph/s00_couplers/auto_ds/inst/gen_downsizer.gen_simple_downsizer.axi_downsizer_inst/USE_WRITE.write_addr_inst/cmd_queue/inst/fifo_gen_inst/inst_fifo_gen/gconvfifo.rf/grf.rf/rstblk/ngwrdrst.grst.g7serrst.gnsckt_wrst.gcc_rst.sckt_wr_rst_cc_reg[1]/Q
                         net (fo=2, routed)           0.214     2.030    design_1_i/ps8_0_axi_periph/s00_couplers/auto_ds/inst/gen_downsizer.gen_simple_downsizer.axi_downsizer_inst/USE_WRITE.write_addr_inst/cmd_queue/inst/fifo_gen_inst/inst_fifo_gen/gconvfifo.rf/grf.rf/rstblk/ngwrdrst.grst.g7serrst.gnsckt_wrst.gcc_rst.sckt_wr_rst_cc[1]
    SLICE_X49Y66         LUT3 (Prop_G6LUT_SLICEM_I0_O)
                                                      0.090     2.120 f  design_1_i/ps8_0_axi_periph/s00_couplers/auto_ds/inst/gen_downsizer.gen_simple_downsizer.axi_downsizer_inst/USE_WRITE.write_addr_inst/cmd_queue/inst/fifo_gen_inst/inst_fifo_gen/gconvfifo.rf/grf.rf/rstblk/gpregsm1.curr_fwft_state[1]_i_2/O
                         net (fo=32, routed)          0.711     2.832    design_1_i/ps8_0_axi_periph/s00_couplers/auto_ds/inst/gen_downsizer.gen_simple_downsizer.axi_downsizer_inst/USE_WRITE.write_addr_inst/cmd_queue/inst/fifo_gen_inst/inst_fifo_gen/gconvfifo.rf/grf.rf/gntv_or_sync_fifo.gl0.wr/wpntr/AR[0]
    SLICE_X47Y65         FDCE                                         f  design_1_i/ps8_0_axi_periph/s00_couplers/auto_ds/inst/gen_downsizer.gen_simple_downsizer.axi_downsizer_inst/USE_WRITE.write_addr_inst/cmd_queue/inst/fifo_gen_inst/inst_fifo_gen/gconvfifo.rf/grf.rf/gntv_or_sync_fifo.gl0.wr/wpntr/gcc0.gc0.count_reg[4]/CLR
  -------------------------------------------------------------------    -------------------

                         (clock clk_pl_0 rise edge)
                                                     10.000    10.000 r  
    PS8_X0Y0             PS8                          0.000    10.000 r  design_1_i/zynq_ultra_ps_e_0/inst/PS8_i/PLCLK[0]
                         net (fo=1, routed)           0.105    10.105    design_1_i/zynq_ultra_ps_e_0/inst/pl_clk_unbuffered[0]
    BUFG_PS_X0Y58        BUFG_PS (Prop_BUFG_PS_I_O)
                                                      0.025    10.130 r  design_1_i/zynq_ultra_ps_e_0/inst/buffer_pl_clk_0.PL_CLK_0_BUFG/O
    X1Y1 (CLOCK_ROOT)    net (fo=10024, routed)       1.385    11.515    design_1_i/ps8_0_axi_periph/s00_couplers/auto_ds/inst/gen_downsizer.gen_simple_downsizer.axi_downsizer_inst/USE_WRITE.write_addr_inst/cmd_queue/inst/fifo_gen_inst/inst_fifo_gen/gconvfifo.rf/grf.rf/gntv_or_sync_fifo.gl0.wr/wpntr/clk
    SLICE_X47Y65         FDCE                                         r  design_1_i/ps8_0_axi_periph/s00_couplers/auto_ds/inst/gen_downsizer.gen_simple_downsizer.axi_downsizer_inst/USE_WRITE.write_addr_inst/cmd_queue/inst/fifo_gen_inst/inst_fifo_gen/gconvfifo.rf/grf.rf/gntv_or_sync_fifo.gl0.wr/wpntr/gcc0.gc0.count_reg[4]/C
                         clock pessimism              0.140    11.656    
                         clock uncertainty           -0.130    11.526    
    SLICE_X47Y65         FDCE (Recov_DFF2_SLICEL_C_CLR)
                                                     -0.066    11.460    design_1_i/ps8_0_axi_periph/s00_couplers/auto_ds/inst/gen_downsizer.gen_simple_downsizer.axi_downsizer_inst/USE_WRITE.write_addr_inst/cmd_queue/inst/fifo_gen_inst/inst_fifo_gen/gconvfifo.rf/grf.rf/gntv_or_sync_fifo.gl0.wr/wpntr/gcc0.gc0.count_reg[4]
  -------------------------------------------------------------------
                         required time                         11.460    
                         arrival time                          -2.832    
  -------------------------------------------------------------------
                         slack                                  8.628    

Slack (MET) :             8.631ns  (required time - arrival time)
  Source:                 design_1_i/ps8_0_axi_periph/s00_couplers/auto_ds/inst/gen_downsizer.gen_simple_downsizer.axi_downsizer_inst/USE_WRITE.write_addr_inst/cmd_queue/inst/fifo_gen_inst/inst_fifo_gen/gconvfifo.rf/grf.rf/rstblk/ngwrdrst.grst.g7serrst.gnsckt_wrst.gcc_rst.sckt_wr_rst_cc_reg[1]/C
                            (rising edge-triggered cell FDRE clocked by clk_pl_0  {rise@0.000ns fall@5.000ns period=10.000ns})
  Destination:            design_1_i/ps8_0_axi_periph/s00_couplers/auto_ds/inst/gen_downsizer.gen_simple_downsizer.axi_downsizer_inst/USE_WRITE.write_addr_inst/cmd_queue/inst/fifo_gen_inst/inst_fifo_gen/gconvfifo.rf/grf.rf/gntv_or_sync_fifo.gl0.wr/wpntr/gcc0.gc0.count_d1_reg[0]/CLR
                            (recovery check against rising-edge clock clk_pl_0  {rise@0.000ns fall@5.000ns period=10.000ns})
  Path Group:             **async_default**
  Path Type:              Recovery (Max at Slow Process Corner)
  Requirement:            10.000ns  (clk_pl_0 rise@10.000ns - clk_pl_0 rise@0.000ns)
  Data Path Delay:        1.093ns  (logic 0.169ns (15.456%)  route 0.924ns (84.544%))
  Logic Levels:           1  (LUT3=1)
  Clock Path Skew:        -0.080ns (DCD - SCD + CPR)
    Destination Clock Delay (DCD):    1.517ns = ( 11.517 - 10.000 ) 
    Source Clock Delay      (SCD):    1.737ns
    Clock Pessimism Removal (CPR):    0.140ns
  Clock Uncertainty:      0.130ns  ((TSJ^2 + DJ^2)^1/2) / 2 + PE
    Total System Jitter     (TSJ):    0.071ns
    Discrete Jitter          (DJ):    0.250ns
    Phase Error              (PE):    0.000ns
  Clock Net Delay (Source):      1.574ns (routing 0.567ns, distribution 1.007ns)
  Clock Net Delay (Destination): 1.387ns (routing 0.510ns, distribution 0.877ns)

    Location             Delay type                Incr(ns)  Path(ns)    Netlist Resource(s)
  -------------------------------------------------------------------    -------------------
                         (clock clk_pl_0 rise edge)
                                                      0.000     0.000 r  
    PS8_X0Y0             PS8                          0.000     0.000 r  design_1_i/zynq_ultra_ps_e_0/inst/PS8_i/PLCLK[0]
                         net (fo=1, routed)           0.135     0.135    design_1_i/zynq_ultra_ps_e_0/inst/pl_clk_unbuffered[0]
    BUFG_PS_X0Y58        BUFG_PS (Prop_BUFG_PS_I_O)
                                                      0.028     0.163 r  design_1_i/zynq_ultra_ps_e_0/inst/buffer_pl_clk_0.PL_CLK_0_BUFG/O
    X1Y1 (CLOCK_ROOT)    net (fo=10024, routed)       1.574     1.737    design_1_i/ps8_0_axi_periph/s00_couplers/auto_ds/inst/gen_downsizer.gen_simple_downsizer.axi_downsizer_inst/USE_WRITE.write_addr_inst/cmd_queue/inst/fifo_gen_inst/inst_fifo_gen/gconvfifo.rf/grf.rf/rstblk/clk
    SLICE_X49Y66         FDRE                                         r  design_1_i/ps8_0_axi_periph/s00_couplers/auto_ds/inst/gen_downsizer.gen_simple_downsizer.axi_downsizer_inst/USE_WRITE.write_addr_inst/cmd_queue/inst/fifo_gen_inst/inst_fifo_gen/gconvfifo.rf/grf.rf/rstblk/ngwrdrst.grst.g7serrst.gnsckt_wrst.gcc_rst.sckt_wr_rst_cc_reg[1]/C
  -------------------------------------------------------------------    -------------------
    SLICE_X49Y66         FDRE (Prop_GFF2_SLICEM_C_Q)
                                                      0.079     1.816 f  design_1_i/ps8_0_axi_periph/s00_couplers/auto_ds/inst/gen_downsizer.gen_simple_downsizer.axi_downsizer_inst/USE_WRITE.write_addr_inst/cmd_queue/inst/fifo_gen_inst/inst_fifo_gen/gconvfifo.rf/grf.rf/rstblk/ngwrdrst.grst.g7serrst.gnsckt_wrst.gcc_rst.sckt_wr_rst_cc_reg[1]/Q
                         net (fo=2, routed)           0.214     2.030    design_1_i/ps8_0_axi_periph/s00_couplers/auto_ds/inst/gen_downsizer.gen_simple_downsizer.axi_downsizer_inst/USE_WRITE.write_addr_inst/cmd_queue/inst/fifo_gen_inst/inst_fifo_gen/gconvfifo.rf/grf.rf/rstblk/ngwrdrst.grst.g7serrst.gnsckt_wrst.gcc_rst.sckt_wr_rst_cc[1]
    SLICE_X49Y66         LUT3 (Prop_G6LUT_SLICEM_I0_O)
                                                      0.090     2.120 f  design_1_i/ps8_0_axi_periph/s00_couplers/auto_ds/inst/gen_downsizer.gen_simple_downsizer.axi_downsizer_inst/USE_WRITE.write_addr_inst/cmd_queue/inst/fifo_gen_inst/inst_fifo_gen/gconvfifo.rf/grf.rf/rstblk/gpregsm1.curr_fwft_state[1]_i_2/O
                         net (fo=32, routed)          0.710     2.831    design_1_i/ps8_0_axi_periph/s00_couplers/auto_ds/inst/gen_downsizer.gen_simple_downsizer.axi_downsizer_inst/USE_WRITE.write_addr_inst/cmd_queue/inst/fifo_gen_inst/inst_fifo_gen/gconvfifo.rf/grf.rf/gntv_or_sync_fifo.gl0.wr/wpntr/AR[0]
    SLICE_X47Y65         FDCE                                         f  design_1_i/ps8_0_axi_periph/s00_couplers/auto_ds/inst/gen_downsizer.gen_simple_downsizer.axi_downsizer_inst/USE_WRITE.write_addr_inst/cmd_queue/inst/fifo_gen_inst/inst_fifo_gen/gconvfifo.rf/grf.rf/gntv_or_sync_fifo.gl0.wr/wpntr/gcc0.gc0.count_d1_reg[0]/CLR
  -------------------------------------------------------------------    -------------------

                         (clock clk_pl_0 rise edge)
                                                     10.000    10.000 r  
    PS8_X0Y0             PS8                          0.000    10.000 r  design_1_i/zynq_ultra_ps_e_0/inst/PS8_i/PLCLK[0]
                         net (fo=1, routed)           0.105    10.105    design_1_i/zynq_ultra_ps_e_0/inst/pl_clk_unbuffered[0]
    BUFG_PS_X0Y58        BUFG_PS (Prop_BUFG_PS_I_O)
                                                      0.025    10.130 r  design_1_i/zynq_ultra_ps_e_0/inst/buffer_pl_clk_0.PL_CLK_0_BUFG/O
    X1Y1 (CLOCK_ROOT)    net (fo=10024, routed)       1.387    11.517    design_1_i/ps8_0_axi_periph/s00_couplers/auto_ds/inst/gen_downsizer.gen_simple_downsizer.axi_downsizer_inst/USE_WRITE.write_addr_inst/cmd_queue/inst/fifo_gen_inst/inst_fifo_gen/gconvfifo.rf/grf.rf/gntv_or_sync_fifo.gl0.wr/wpntr/clk
    SLICE_X47Y65         FDCE                                         r  design_1_i/ps8_0_axi_periph/s00_couplers/auto_ds/inst/gen_downsizer.gen_simple_downsizer.axi_downsizer_inst/USE_WRITE.write_addr_inst/cmd_queue/inst/fifo_gen_inst/inst_fifo_gen/gconvfifo.rf/grf.rf/gntv_or_sync_fifo.gl0.wr/wpntr/gcc0.gc0.count_d1_reg[0]/C
                         clock pessimism              0.140    11.658    
                         clock uncertainty           -0.130    11.528    
    SLICE_X47Y65         FDCE (Recov_EFF_SLICEL_C_CLR)
                                                     -0.066    11.462    design_1_i/ps8_0_axi_periph/s00_couplers/auto_ds/inst/gen_downsizer.gen_simple_downsizer.axi_downsizer_inst/USE_WRITE.write_addr_inst/cmd_queue/inst/fifo_gen_inst/inst_fifo_gen/gconvfifo.rf/grf.rf/gntv_or_sync_fifo.gl0.wr/wpntr/gcc0.gc0.count_d1_reg[0]
  -------------------------------------------------------------------
                         required time                         11.462    
                         arrival time                          -2.831    
  -------------------------------------------------------------------
                         slack                                  8.631    

Slack (MET) :             8.631ns  (required time - arrival time)
  Source:                 design_1_i/ps8_0_axi_periph/s00_couplers/auto_ds/inst/gen_downsizer.gen_simple_downsizer.axi_downsizer_inst/USE_WRITE.write_addr_inst/cmd_queue/inst/fifo_gen_inst/inst_fifo_gen/gconvfifo.rf/grf.rf/rstblk/ngwrdrst.grst.g7serrst.gnsckt_wrst.gcc_rst.sckt_wr_rst_cc_reg[1]/C
                            (rising edge-triggered cell FDRE clocked by clk_pl_0  {rise@0.000ns fall@5.000ns period=10.000ns})
  Destination:            design_1_i/ps8_0_axi_periph/s00_couplers/auto_ds/inst/gen_downsizer.gen_simple_downsizer.axi_downsizer_inst/USE_WRITE.write_addr_inst/cmd_queue/inst/fifo_gen_inst/inst_fifo_gen/gconvfifo.rf/grf.rf/gntv_or_sync_fifo.gl0.wr/wpntr/gcc0.gc0.count_d1_reg[1]/CLR
                            (recovery check against rising-edge clock clk_pl_0  {rise@0.000ns fall@5.000ns period=10.000ns})
  Path Group:             **async_default**
  Path Type:              Recovery (Max at Slow Process Corner)
  Requirement:            10.000ns  (clk_pl_0 rise@10.000ns - clk_pl_0 rise@0.000ns)
  Data Path Delay:        1.093ns  (logic 0.169ns (15.456%)  route 0.924ns (84.544%))
  Logic Levels:           1  (LUT3=1)
  Clock Path Skew:        -0.080ns (DCD - SCD + CPR)
    Destination Clock Delay (DCD):    1.517ns = ( 11.517 - 10.000 ) 
    Source Clock Delay      (SCD):    1.737ns
    Clock Pessimism Removal (CPR):    0.140ns
  Clock Uncertainty:      0.130ns  ((TSJ^2 + DJ^2)^1/2) / 2 + PE
    Total System Jitter     (TSJ):    0.071ns
    Discrete Jitter          (DJ):    0.250ns
    Phase Error              (PE):    0.000ns
  Clock Net Delay (Source):      1.574ns (routing 0.567ns, distribution 1.007ns)
  Clock Net Delay (Destination): 1.387ns (routing 0.510ns, distribution 0.877ns)

    Location             Delay type                Incr(ns)  Path(ns)    Netlist Resource(s)
  -------------------------------------------------------------------    -------------------
                         (clock clk_pl_0 rise edge)
                                                      0.000     0.000 r  
    PS8_X0Y0             PS8                          0.000     0.000 r  design_1_i/zynq_ultra_ps_e_0/inst/PS8_i/PLCLK[0]
                         net (fo=1, routed)           0.135     0.135    design_1_i/zynq_ultra_ps_e_0/inst/pl_clk_unbuffered[0]
    BUFG_PS_X0Y58        BUFG_PS (Prop_BUFG_PS_I_O)
                                                      0.028     0.163 r  design_1_i/zynq_ultra_ps_e_0/inst/buffer_pl_clk_0.PL_CLK_0_BUFG/O
    X1Y1 (CLOCK_ROOT)    net (fo=10024, routed)       1.574     1.737    design_1_i/ps8_0_axi_periph/s00_couplers/auto_ds/inst/gen_downsizer.gen_simple_downsizer.axi_downsizer_inst/USE_WRITE.write_addr_inst/cmd_queue/inst/fifo_gen_inst/inst_fifo_gen/gconvfifo.rf/grf.rf/rstblk/clk
    SLICE_X49Y66         FDRE                                         r  design_1_i/ps8_0_axi_periph/s00_couplers/auto_ds/inst/gen_downsizer.gen_simple_downsizer.axi_downsizer_inst/USE_WRITE.write_addr_inst/cmd_queue/inst/fifo_gen_inst/inst_fifo_gen/gconvfifo.rf/grf.rf/rstblk/ngwrdrst.grst.g7serrst.gnsckt_wrst.gcc_rst.sckt_wr_rst_cc_reg[1]/C
  -------------------------------------------------------------------    -------------------
    SLICE_X49Y66         FDRE (Prop_GFF2_SLICEM_C_Q)
                                                      0.079     1.816 f  design_1_i/ps8_0_axi_periph/s00_couplers/auto_ds/inst/gen_downsizer.gen_simple_downsizer.axi_downsizer_inst/USE_WRITE.write_addr_inst/cmd_queue/inst/fifo_gen_inst/inst_fifo_gen/gconvfifo.rf/grf.rf/rstblk/ngwrdrst.grst.g7serrst.gnsckt_wrst.gcc_rst.sckt_wr_rst_cc_reg[1]/Q
                         net (fo=2, routed)           0.214     2.030    design_1_i/ps8_0_axi_periph/s00_couplers/auto_ds/inst/gen_downsizer.gen_simple_downsizer.axi_downsizer_inst/USE_WRITE.write_addr_inst/cmd_queue/inst/fifo_gen_inst/inst_fifo_gen/gconvfifo.rf/grf.rf/rstblk/ngwrdrst.grst.g7serrst.gnsckt_wrst.gcc_rst.sckt_wr_rst_cc[1]
    SLICE_X49Y66         LUT3 (Prop_G6LUT_SLICEM_I0_O)
                                                      0.090     2.120 f  design_1_i/ps8_0_axi_periph/s00_couplers/auto_ds/inst/gen_downsizer.gen_simple_downsizer.axi_downsizer_inst/USE_WRITE.write_addr_inst/cmd_queue/inst/fifo_gen_inst/inst_fifo_gen/gconvfifo.rf/grf.rf/rstblk/gpregsm1.curr_fwft_state[1]_i_2/O
                         net (fo=32, routed)          0.710     2.831    design_1_i/ps8_0_axi_periph/s00_couplers/auto_ds/inst/gen_downsizer.gen_simple_downsizer.axi_downsizer_inst/USE_WRITE.write_addr_inst/cmd_queue/inst/fifo_gen_inst/inst_fifo_gen/gconvfifo.rf/grf.rf/gntv_or_sync_fifo.gl0.wr/wpntr/AR[0]
    SLICE_X47Y65         FDCE                                         f  design_1_i/ps8_0_axi_periph/s00_couplers/auto_ds/inst/gen_downsizer.gen_simple_downsizer.axi_downsizer_inst/USE_WRITE.write_addr_inst/cmd_queue/inst/fifo_gen_inst/inst_fifo_gen/gconvfifo.rf/grf.rf/gntv_or_sync_fifo.gl0.wr/wpntr/gcc0.gc0.count_d1_reg[1]/CLR
  -------------------------------------------------------------------    -------------------

                         (clock clk_pl_0 rise edge)
                                                     10.000    10.000 r  
    PS8_X0Y0             PS8                          0.000    10.000 r  design_1_i/zynq_ultra_ps_e_0/inst/PS8_i/PLCLK[0]
                         net (fo=1, routed)           0.105    10.105    design_1_i/zynq_ultra_ps_e_0/inst/pl_clk_unbuffered[0]
    BUFG_PS_X0Y58        BUFG_PS (Prop_BUFG_PS_I_O)
                                                      0.025    10.130 r  design_1_i/zynq_ultra_ps_e_0/inst/buffer_pl_clk_0.PL_CLK_0_BUFG/O
    X1Y1 (CLOCK_ROOT)    net (fo=10024, routed)       1.387    11.517    design_1_i/ps8_0_axi_periph/s00_couplers/auto_ds/inst/gen_downsizer.gen_simple_downsizer.axi_downsizer_inst/USE_WRITE.write_addr_inst/cmd_queue/inst/fifo_gen_inst/inst_fifo_gen/gconvfifo.rf/grf.rf/gntv_or_sync_fifo.gl0.wr/wpntr/clk
    SLICE_X47Y65         FDCE                                         r  design_1_i/ps8_0_axi_periph/s00_couplers/auto_ds/inst/gen_downsizer.gen_simple_downsizer.axi_downsizer_inst/USE_WRITE.write_addr_inst/cmd_queue/inst/fifo_gen_inst/inst_fifo_gen/gconvfifo.rf/grf.rf/gntv_or_sync_fifo.gl0.wr/wpntr/gcc0.gc0.count_d1_reg[1]/C
                         clock pessimism              0.140    11.658    
                         clock uncertainty           -0.130    11.528    
    SLICE_X47Y65         FDCE (Recov_EFF2_SLICEL_C_CLR)
                                                     -0.066    11.462    design_1_i/ps8_0_axi_periph/s00_couplers/auto_ds/inst/gen_downsizer.gen_simple_downsizer.axi_downsizer_inst/USE_WRITE.write_addr_inst/cmd_queue/inst/fifo_gen_inst/inst_fifo_gen/gconvfifo.rf/grf.rf/gntv_or_sync_fifo.gl0.wr/wpntr/gcc0.gc0.count_d1_reg[1]
  -------------------------------------------------------------------
                         required time                         11.462    
                         arrival time                          -2.831    
  -------------------------------------------------------------------
                         slack                                  8.631    

Slack (MET) :             8.631ns  (required time - arrival time)
  Source:                 design_1_i/ps8_0_axi_periph/s00_couplers/auto_ds/inst/gen_downsizer.gen_simple_downsizer.axi_downsizer_inst/USE_WRITE.write_addr_inst/cmd_queue/inst/fifo_gen_inst/inst_fifo_gen/gconvfifo.rf/grf.rf/rstblk/ngwrdrst.grst.g7serrst.gnsckt_wrst.gcc_rst.sckt_wr_rst_cc_reg[1]/C
                            (rising edge-triggered cell FDRE clocked by clk_pl_0  {rise@0.000ns fall@5.000ns period=10.000ns})
  Destination:            design_1_i/ps8_0_axi_periph/s00_couplers/auto_ds/inst/gen_downsizer.gen_simple_downsizer.axi_downsizer_inst/USE_WRITE.write_addr_inst/cmd_queue/inst/fifo_gen_inst/inst_fifo_gen/gconvfifo.rf/grf.rf/gntv_or_sync_fifo.gl0.wr/wpntr/gcc0.gc0.count_d1_reg[2]/CLR
                            (recovery check against rising-edge clock clk_pl_0  {rise@0.000ns fall@5.000ns period=10.000ns})
  Path Group:             **async_default**
  Path Type:              Recovery (Max at Slow Process Corner)
  Requirement:            10.000ns  (clk_pl_0 rise@10.000ns - clk_pl_0 rise@0.000ns)
  Data Path Delay:        1.093ns  (logic 0.169ns (15.456%)  route 0.924ns (84.544%))
  Logic Levels:           1  (LUT3=1)
  Clock Path Skew:        -0.080ns (DCD - SCD + CPR)
    Destination Clock Delay (DCD):    1.517ns = ( 11.517 - 10.000 ) 
    Source Clock Delay      (SCD):    1.737ns
    Clock Pessimism Removal (CPR):    0.140ns
  Clock Uncertainty:      0.130ns  ((TSJ^2 + DJ^2)^1/2) / 2 + PE
    Total System Jitter     (TSJ):    0.071ns
    Discrete Jitter          (DJ):    0.250ns
    Phase Error              (PE):    0.000ns
  Clock Net Delay (Source):      1.574ns (routing 0.567ns, distribution 1.007ns)
  Clock Net Delay (Destination): 1.387ns (routing 0.510ns, distribution 0.877ns)

    Location             Delay type                Incr(ns)  Path(ns)    Netlist Resource(s)
  -------------------------------------------------------------------    -------------------
                         (clock clk_pl_0 rise edge)
                                                      0.000     0.000 r  
    PS8_X0Y0             PS8                          0.000     0.000 r  design_1_i/zynq_ultra_ps_e_0/inst/PS8_i/PLCLK[0]
                         net (fo=1, routed)           0.135     0.135    design_1_i/zynq_ultra_ps_e_0/inst/pl_clk_unbuffered[0]
    BUFG_PS_X0Y58        BUFG_PS (Prop_BUFG_PS_I_O)
                                                      0.028     0.163 r  design_1_i/zynq_ultra_ps_e_0/inst/buffer_pl_clk_0.PL_CLK_0_BUFG/O
    X1Y1 (CLOCK_ROOT)    net (fo=10024, routed)       1.574     1.737    design_1_i/ps8_0_axi_periph/s00_couplers/auto_ds/inst/gen_downsizer.gen_simple_downsizer.axi_downsizer_inst/USE_WRITE.write_addr_inst/cmd_queue/inst/fifo_gen_inst/inst_fifo_gen/gconvfifo.rf/grf.rf/rstblk/clk
    SLICE_X49Y66         FDRE                                         r  design_1_i/ps8_0_axi_periph/s00_couplers/auto_ds/inst/gen_downsizer.gen_simple_downsizer.axi_downsizer_inst/USE_WRITE.write_addr_inst/cmd_queue/inst/fifo_gen_inst/inst_fifo_gen/gconvfifo.rf/grf.rf/rstblk/ngwrdrst.grst.g7serrst.gnsckt_wrst.gcc_rst.sckt_wr_rst_cc_reg[1]/C
  -------------------------------------------------------------------    -------------------
    SLICE_X49Y66         FDRE (Prop_GFF2_SLICEM_C_Q)
                                                      0.079     1.816 f  design_1_i/ps8_0_axi_periph/s00_couplers/auto_ds/inst/gen_downsizer.gen_simple_downsizer.axi_downsizer_inst/USE_WRITE.write_addr_inst/cmd_queue/inst/fifo_gen_inst/inst_fifo_gen/gconvfifo.rf/grf.rf/rstblk/ngwrdrst.grst.g7serrst.gnsckt_wrst.gcc_rst.sckt_wr_rst_cc_reg[1]/Q
                         net (fo=2, routed)           0.214     2.030    design_1_i/ps8_0_axi_periph/s00_couplers/auto_ds/inst/gen_downsizer.gen_simple_downsizer.axi_downsizer_inst/USE_WRITE.write_addr_inst/cmd_queue/inst/fifo_gen_inst/inst_fifo_gen/gconvfifo.rf/grf.rf/rstblk/ngwrdrst.grst.g7serrst.gnsckt_wrst.gcc_rst.sckt_wr_rst_cc[1]
    SLICE_X49Y66         LUT3 (Prop_G6LUT_SLICEM_I0_O)
                                                      0.090     2.120 f  design_1_i/ps8_0_axi_periph/s00_couplers/auto_ds/inst/gen_downsizer.gen_simple_downsizer.axi_downsizer_inst/USE_WRITE.write_addr_inst/cmd_queue/inst/fifo_gen_inst/inst_fifo_gen/gconvfifo.rf/grf.rf/rstblk/gpregsm1.curr_fwft_state[1]_i_2/O
                         net (fo=32, routed)          0.710     2.831    design_1_i/ps8_0_axi_periph/s00_couplers/auto_ds/inst/gen_downsizer.gen_simple_downsizer.axi_downsizer_inst/USE_WRITE.write_addr_inst/cmd_queue/inst/fifo_gen_inst/inst_fifo_gen/gconvfifo.rf/grf.rf/gntv_or_sync_fifo.gl0.wr/wpntr/AR[0]
    SLICE_X47Y65         FDCE                                         f  design_1_i/ps8_0_axi_periph/s00_couplers/auto_ds/inst/gen_downsizer.gen_simple_downsizer.axi_downsizer_inst/USE_WRITE.write_addr_inst/cmd_queue/inst/fifo_gen_inst/inst_fifo_gen/gconvfifo.rf/grf.rf/gntv_or_sync_fifo.gl0.wr/wpntr/gcc0.gc0.count_d1_reg[2]/CLR
  -------------------------------------------------------------------    -------------------

                         (clock clk_pl_0 rise edge)
                                                     10.000    10.000 r  
    PS8_X0Y0             PS8                          0.000    10.000 r  design_1_i/zynq_ultra_ps_e_0/inst/PS8_i/PLCLK[0]
                         net (fo=1, routed)           0.105    10.105    design_1_i/zynq_ultra_ps_e_0/inst/pl_clk_unbuffered[0]
    BUFG_PS_X0Y58        BUFG_PS (Prop_BUFG_PS_I_O)
                                                      0.025    10.130 r  design_1_i/zynq_ultra_ps_e_0/inst/buffer_pl_clk_0.PL_CLK_0_BUFG/O
    X1Y1 (CLOCK_ROOT)    net (fo=10024, routed)       1.387    11.517    design_1_i/ps8_0_axi_periph/s00_couplers/auto_ds/inst/gen_downsizer.gen_simple_downsizer.axi_downsizer_inst/USE_WRITE.write_addr_inst/cmd_queue/inst/fifo_gen_inst/inst_fifo_gen/gconvfifo.rf/grf.rf/gntv_or_sync_fifo.gl0.wr/wpntr/clk
    SLICE_X47Y65         FDCE                                         r  design_1_i/ps8_0_axi_periph/s00_couplers/auto_ds/inst/gen_downsizer.gen_simple_downsizer.axi_downsizer_inst/USE_WRITE.write_addr_inst/cmd_queue/inst/fifo_gen_inst/inst_fifo_gen/gconvfifo.rf/grf.rf/gntv_or_sync_fifo.gl0.wr/wpntr/gcc0.gc0.count_d1_reg[2]/C
                         clock pessimism              0.140    11.658    
                         clock uncertainty           -0.130    11.528    
    SLICE_X47Y65         FDCE (Recov_FFF_SLICEL_C_CLR)
                                                     -0.066    11.462    design_1_i/ps8_0_axi_periph/s00_couplers/auto_ds/inst/gen_downsizer.gen_simple_downsizer.axi_downsizer_inst/USE_WRITE.write_addr_inst/cmd_queue/inst/fifo_gen_inst/inst_fifo_gen/gconvfifo.rf/grf.rf/gntv_or_sync_fifo.gl0.wr/wpntr/gcc0.gc0.count_d1_reg[2]
  -------------------------------------------------------------------
                         required time                         11.462    
                         arrival time                          -2.831    
  -------------------------------------------------------------------
                         slack                                  8.631    

Slack (MET) :             8.631ns  (required time - arrival time)
  Source:                 design_1_i/ps8_0_axi_periph/s00_couplers/auto_ds/inst/gen_downsizer.gen_simple_downsizer.axi_downsizer_inst/USE_WRITE.write_addr_inst/cmd_queue/inst/fifo_gen_inst/inst_fifo_gen/gconvfifo.rf/grf.rf/rstblk/ngwrdrst.grst.g7serrst.gnsckt_wrst.gcc_rst.sckt_wr_rst_cc_reg[1]/C
                            (rising edge-triggered cell FDRE clocked by clk_pl_0  {rise@0.000ns fall@5.000ns period=10.000ns})
  Destination:            design_1_i/ps8_0_axi_periph/s00_couplers/auto_ds/inst/gen_downsizer.gen_simple_downsizer.axi_downsizer_inst/USE_WRITE.write_addr_inst/cmd_queue/inst/fifo_gen_inst/inst_fifo_gen/gconvfifo.rf/grf.rf/gntv_or_sync_fifo.gl0.wr/wpntr/gcc0.gc0.count_d1_reg[3]/CLR
                            (recovery check against rising-edge clock clk_pl_0  {rise@0.000ns fall@5.000ns period=10.000ns})
  Path Group:             **async_default**
  Path Type:              Recovery (Max at Slow Process Corner)
  Requirement:            10.000ns  (clk_pl_0 rise@10.000ns - clk_pl_0 rise@0.000ns)
  Data Path Delay:        1.093ns  (logic 0.169ns (15.456%)  route 0.924ns (84.544%))
  Logic Levels:           1  (LUT3=1)
  Clock Path Skew:        -0.080ns (DCD - SCD + CPR)
    Destination Clock Delay (DCD):    1.517ns = ( 11.517 - 10.000 ) 
    Source Clock Delay      (SCD):    1.737ns
    Clock Pessimism Removal (CPR):    0.140ns
  Clock Uncertainty:      0.130ns  ((TSJ^2 + DJ^2)^1/2) / 2 + PE
    Total System Jitter     (TSJ):    0.071ns
    Discrete Jitter          (DJ):    0.250ns
    Phase Error              (PE):    0.000ns
  Clock Net Delay (Source):      1.574ns (routing 0.567ns, distribution 1.007ns)
  Clock Net Delay (Destination): 1.387ns (routing 0.510ns, distribution 0.877ns)

    Location             Delay type                Incr(ns)  Path(ns)    Netlist Resource(s)
  -------------------------------------------------------------------    -------------------
                         (clock clk_pl_0 rise edge)
                                                      0.000     0.000 r  
    PS8_X0Y0             PS8                          0.000     0.000 r  design_1_i/zynq_ultra_ps_e_0/inst/PS8_i/PLCLK[0]
                         net (fo=1, routed)           0.135     0.135    design_1_i/zynq_ultra_ps_e_0/inst/pl_clk_unbuffered[0]
    BUFG_PS_X0Y58        BUFG_PS (Prop_BUFG_PS_I_O)
                                                      0.028     0.163 r  design_1_i/zynq_ultra_ps_e_0/inst/buffer_pl_clk_0.PL_CLK_0_BUFG/O
    X1Y1 (CLOCK_ROOT)    net (fo=10024, routed)       1.574     1.737    design_1_i/ps8_0_axi_periph/s00_couplers/auto_ds/inst/gen_downsizer.gen_simple_downsizer.axi_downsizer_inst/USE_WRITE.write_addr_inst/cmd_queue/inst/fifo_gen_inst/inst_fifo_gen/gconvfifo.rf/grf.rf/rstblk/clk
    SLICE_X49Y66         FDRE                                         r  design_1_i/ps8_0_axi_periph/s00_couplers/auto_ds/inst/gen_downsizer.gen_simple_downsizer.axi_downsizer_inst/USE_WRITE.write_addr_inst/cmd_queue/inst/fifo_gen_inst/inst_fifo_gen/gconvfifo.rf/grf.rf/rstblk/ngwrdrst.grst.g7serrst.gnsckt_wrst.gcc_rst.sckt_wr_rst_cc_reg[1]/C
  -------------------------------------------------------------------    -------------------
    SLICE_X49Y66         FDRE (Prop_GFF2_SLICEM_C_Q)
                                                      0.079     1.816 f  design_1_i/ps8_0_axi_periph/s00_couplers/auto_ds/inst/gen_downsizer.gen_simple_downsizer.axi_downsizer_inst/USE_WRITE.write_addr_inst/cmd_queue/inst/fifo_gen_inst/inst_fifo_gen/gconvfifo.rf/grf.rf/rstblk/ngwrdrst.grst.g7serrst.gnsckt_wrst.gcc_rst.sckt_wr_rst_cc_reg[1]/Q
                         net (fo=2, routed)           0.214     2.030    design_1_i/ps8_0_axi_periph/s00_couplers/auto_ds/inst/gen_downsizer.gen_simple_downsizer.axi_downsizer_inst/USE_WRITE.write_addr_inst/cmd_queue/inst/fifo_gen_inst/inst_fifo_gen/gconvfifo.rf/grf.rf/rstblk/ngwrdrst.grst.g7serrst.gnsckt_wrst.gcc_rst.sckt_wr_rst_cc[1]
    SLICE_X49Y66         LUT3 (Prop_G6LUT_SLICEM_I0_O)
                                                      0.090     2.120 f  design_1_i/ps8_0_axi_periph/s00_couplers/auto_ds/inst/gen_downsizer.gen_simple_downsizer.axi_downsizer_inst/USE_WRITE.write_addr_inst/cmd_queue/inst/fifo_gen_inst/inst_fifo_gen/gconvfifo.rf/grf.rf/rstblk/gpregsm1.curr_fwft_state[1]_i_2/O
                         net (fo=32, routed)          0.710     2.831    design_1_i/ps8_0_axi_periph/s00_couplers/auto_ds/inst/gen_downsizer.gen_simple_downsizer.axi_downsizer_inst/USE_WRITE.write_addr_inst/cmd_queue/inst/fifo_gen_inst/inst_fifo_gen/gconvfifo.rf/grf.rf/gntv_or_sync_fifo.gl0.wr/wpntr/AR[0]
    SLICE_X47Y65         FDCE                                         f  design_1_i/ps8_0_axi_periph/s00_couplers/auto_ds/inst/gen_downsizer.gen_simple_downsizer.axi_downsizer_inst/USE_WRITE.write_addr_inst/cmd_queue/inst/fifo_gen_inst/inst_fifo_gen/gconvfifo.rf/grf.rf/gntv_or_sync_fifo.gl0.wr/wpntr/gcc0.gc0.count_d1_reg[3]/CLR
  -------------------------------------------------------------------    -------------------

                         (clock clk_pl_0 rise edge)
                                                     10.000    10.000 r  
    PS8_X0Y0             PS8                          0.000    10.000 r  design_1_i/zynq_ultra_ps_e_0/inst/PS8_i/PLCLK[0]
                         net (fo=1, routed)           0.105    10.105    design_1_i/zynq_ultra_ps_e_0/inst/pl_clk_unbuffered[0]
    BUFG_PS_X0Y58        BUFG_PS (Prop_BUFG_PS_I_O)
                                                      0.025    10.130 r  design_1_i/zynq_ultra_ps_e_0/inst/buffer_pl_clk_0.PL_CLK_0_BUFG/O
    X1Y1 (CLOCK_ROOT)    net (fo=10024, routed)       1.387    11.517    design_1_i/ps8_0_axi_periph/s00_couplers/auto_ds/inst/gen_downsizer.gen_simple_downsizer.axi_downsizer_inst/USE_WRITE.write_addr_inst/cmd_queue/inst/fifo_gen_inst/inst_fifo_gen/gconvfifo.rf/grf.rf/gntv_or_sync_fifo.gl0.wr/wpntr/clk
    SLICE_X47Y65         FDCE                                         r  design_1_i/ps8_0_axi_periph/s00_couplers/auto_ds/inst/gen_downsizer.gen_simple_downsizer.axi_downsizer_inst/USE_WRITE.write_addr_inst/cmd_queue/inst/fifo_gen_inst/inst_fifo_gen/gconvfifo.rf/grf.rf/gntv_or_sync_fifo.gl0.wr/wpntr/gcc0.gc0.count_d1_reg[3]/C
                         clock pessimism              0.140    11.658    
                         clock uncertainty           -0.130    11.528    
    SLICE_X47Y65         FDCE (Recov_FFF2_SLICEL_C_CLR)
                                                     -0.066    11.462    design_1_i/ps8_0_axi_periph/s00_couplers/auto_ds/inst/gen_downsizer.gen_simple_downsizer.axi_downsizer_inst/USE_WRITE.write_addr_inst/cmd_queue/inst/fifo_gen_inst/inst_fifo_gen/gconvfifo.rf/grf.rf/gntv_or_sync_fifo.gl0.wr/wpntr/gcc0.gc0.count_d1_reg[3]
  -------------------------------------------------------------------
                         required time                         11.462    
                         arrival time                          -2.831    
  -------------------------------------------------------------------
                         slack                                  8.631    

Slack (MET) :             8.631ns  (required time - arrival time)
  Source:                 design_1_i/ps8_0_axi_periph/s00_couplers/auto_ds/inst/gen_downsizer.gen_simple_downsizer.axi_downsizer_inst/USE_WRITE.write_addr_inst/cmd_queue/inst/fifo_gen_inst/inst_fifo_gen/gconvfifo.rf/grf.rf/rstblk/ngwrdrst.grst.g7serrst.gnsckt_wrst.gcc_rst.sckt_wr_rst_cc_reg[1]/C
                            (rising edge-triggered cell FDRE clocked by clk_pl_0  {rise@0.000ns fall@5.000ns period=10.000ns})
  Destination:            design_1_i/ps8_0_axi_periph/s00_couplers/auto_ds/inst/gen_downsizer.gen_simple_downsizer.axi_downsizer_inst/USE_WRITE.write_addr_inst/cmd_queue/inst/fifo_gen_inst/inst_fifo_gen/gconvfifo.rf/grf.rf/gntv_or_sync_fifo.gl0.wr/wpntr/gcc0.gc0.count_d1_reg[4]/CLR
                            (recovery check against rising-edge clock clk_pl_0  {rise@0.000ns fall@5.000ns period=10.000ns})
  Path Group:             **async_default**
  Path Type:              Recovery (Max at Slow Process Corner)
  Requirement:            10.000ns  (clk_pl_0 rise@10.000ns - clk_pl_0 rise@0.000ns)
  Data Path Delay:        1.093ns  (logic 0.169ns (15.456%)  route 0.924ns (84.544%))
  Logic Levels:           1  (LUT3=1)
  Clock Path Skew:        -0.080ns (DCD - SCD + CPR)
    Destination Clock Delay (DCD):    1.517ns = ( 11.517 - 10.000 ) 
    Source Clock Delay      (SCD):    1.737ns
    Clock Pessimism Removal (CPR):    0.140ns
  Clock Uncertainty:      0.130ns  ((TSJ^2 + DJ^2)^1/2) / 2 + PE
    Total System Jitter     (TSJ):    0.071ns
    Discrete Jitter          (DJ):    0.250ns
    Phase Error              (PE):    0.000ns
  Clock Net Delay (Source):      1.574ns (routing 0.567ns, distribution 1.007ns)
  Clock Net Delay (Destination): 1.387ns (routing 0.510ns, distribution 0.877ns)

    Location             Delay type                Incr(ns)  Path(ns)    Netlist Resource(s)
  -------------------------------------------------------------------    -------------------
                         (clock clk_pl_0 rise edge)
                                                      0.000     0.000 r  
    PS8_X0Y0             PS8                          0.000     0.000 r  design_1_i/zynq_ultra_ps_e_0/inst/PS8_i/PLCLK[0]
                         net (fo=1, routed)           0.135     0.135    design_1_i/zynq_ultra_ps_e_0/inst/pl_clk_unbuffered[0]
    BUFG_PS_X0Y58        BUFG_PS (Prop_BUFG_PS_I_O)
                                                      0.028     0.163 r  design_1_i/zynq_ultra_ps_e_0/inst/buffer_pl_clk_0.PL_CLK_0_BUFG/O
    X1Y1 (CLOCK_ROOT)    net (fo=10024, routed)       1.574     1.737    design_1_i/ps8_0_axi_periph/s00_couplers/auto_ds/inst/gen_downsizer.gen_simple_downsizer.axi_downsizer_inst/USE_WRITE.write_addr_inst/cmd_queue/inst/fifo_gen_inst/inst_fifo_gen/gconvfifo.rf/grf.rf/rstblk/clk
    SLICE_X49Y66         FDRE                                         r  design_1_i/ps8_0_axi_periph/s00_couplers/auto_ds/inst/gen_downsizer.gen_simple_downsizer.axi_downsizer_inst/USE_WRITE.write_addr_inst/cmd_queue/inst/fifo_gen_inst/inst_fifo_gen/gconvfifo.rf/grf.rf/rstblk/ngwrdrst.grst.g7serrst.gnsckt_wrst.gcc_rst.sckt_wr_rst_cc_reg[1]/C
  -------------------------------------------------------------------    -------------------
    SLICE_X49Y66         FDRE (Prop_GFF2_SLICEM_C_Q)
                                                      0.079     1.816 f  design_1_i/ps8_0_axi_periph/s00_couplers/auto_ds/inst/gen_downsizer.gen_simple_downsizer.axi_downsizer_inst/USE_WRITE.write_addr_inst/cmd_queue/inst/fifo_gen_inst/inst_fifo_gen/gconvfifo.rf/grf.rf/rstblk/ngwrdrst.grst.g7serrst.gnsckt_wrst.gcc_rst.sckt_wr_rst_cc_reg[1]/Q
                         net (fo=2, routed)           0.214     2.030    design_1_i/ps8_0_axi_periph/s00_couplers/auto_ds/inst/gen_downsizer.gen_simple_downsizer.axi_downsizer_inst/USE_WRITE.write_addr_inst/cmd_queue/inst/fifo_gen_inst/inst_fifo_gen/gconvfifo.rf/grf.rf/rstblk/ngwrdrst.grst.g7serrst.gnsckt_wrst.gcc_rst.sckt_wr_rst_cc[1]
    SLICE_X49Y66         LUT3 (Prop_G6LUT_SLICEM_I0_O)
                                                      0.090     2.120 f  design_1_i/ps8_0_axi_periph/s00_couplers/auto_ds/inst/gen_downsizer.gen_simple_downsizer.axi_downsizer_inst/USE_WRITE.write_addr_inst/cmd_queue/inst/fifo_gen_inst/inst_fifo_gen/gconvfifo.rf/grf.rf/rstblk/gpregsm1.curr_fwft_state[1]_i_2/O
                         net (fo=32, routed)          0.710     2.831    design_1_i/ps8_0_axi_periph/s00_couplers/auto_ds/inst/gen_downsizer.gen_simple_downsizer.axi_downsizer_inst/USE_WRITE.write_addr_inst/cmd_queue/inst/fifo_gen_inst/inst_fifo_gen/gconvfifo.rf/grf.rf/gntv_or_sync_fifo.gl0.wr/wpntr/AR[0]
    SLICE_X47Y65         FDCE                                         f  design_1_i/ps8_0_axi_periph/s00_couplers/auto_ds/inst/gen_downsizer.gen_simple_downsizer.axi_downsizer_inst/USE_WRITE.write_addr_inst/cmd_queue/inst/fifo_gen_inst/inst_fifo_gen/gconvfifo.rf/grf.rf/gntv_or_sync_fifo.gl0.wr/wpntr/gcc0.gc0.count_d1_reg[4]/CLR
  -------------------------------------------------------------------    -------------------

                         (clock clk_pl_0 rise edge)
                                                     10.000    10.000 r  
    PS8_X0Y0             PS8                          0.000    10.000 r  design_1_i/zynq_ultra_ps_e_0/inst/PS8_i/PLCLK[0]
                         net (fo=1, routed)           0.105    10.105    design_1_i/zynq_ultra_ps_e_0/inst/pl_clk_unbuffered[0]
    BUFG_PS_X0Y58        BUFG_PS (Prop_BUFG_PS_I_O)
                                                      0.025    10.130 r  design_1_i/zynq_ultra_ps_e_0/inst/buffer_pl_clk_0.PL_CLK_0_BUFG/O
    X1Y1 (CLOCK_ROOT)    net (fo=10024, routed)       1.387    11.517    design_1_i/ps8_0_axi_periph/s00_couplers/auto_ds/inst/gen_downsizer.gen_simple_downsizer.axi_downsizer_inst/USE_WRITE.write_addr_inst/cmd_queue/inst/fifo_gen_inst/inst_fifo_gen/gconvfifo.rf/grf.rf/gntv_or_sync_fifo.gl0.wr/wpntr/clk
    SLICE_X47Y65         FDCE                                         r  design_1_i/ps8_0_axi_periph/s00_couplers/auto_ds/inst/gen_downsizer.gen_simple_downsizer.axi_downsizer_inst/USE_WRITE.write_addr_inst/cmd_queue/inst/fifo_gen_inst/inst_fifo_gen/gconvfifo.rf/grf.rf/gntv_or_sync_fifo.gl0.wr/wpntr/gcc0.gc0.count_d1_reg[4]/C
                         clock pessimism              0.140    11.658    
                         clock uncertainty           -0.130    11.528    
    SLICE_X47Y65         FDCE (Recov_GFF_SLICEL_C_CLR)
                                                     -0.066    11.462    design_1_i/ps8_0_axi_periph/s00_couplers/auto_ds/inst/gen_downsizer.gen_simple_downsizer.axi_downsizer_inst/USE_WRITE.write_addr_inst/cmd_queue/inst/fifo_gen_inst/inst_fifo_gen/gconvfifo.rf/grf.rf/gntv_or_sync_fifo.gl0.wr/wpntr/gcc0.gc0.count_d1_reg[4]
  -------------------------------------------------------------------
                         required time                         11.462    
                         arrival time                          -2.831    
  -------------------------------------------------------------------
                         slack                                  8.631    

Slack (MET) :             8.699ns  (required time - arrival time)
  Source:                 design_1_i/ps8_0_axi_periph/s01_couplers/auto_ds/inst/gen_downsizer.gen_simple_downsizer.axi_downsizer_inst/USE_READ.read_addr_inst/cmd_queue/inst/fifo_gen_inst/inst_fifo_gen/gconvfifo.rf/grf.rf/rstblk/ngwrdrst.grst.g7serrst.gnsckt_wrst.gcc_rst.sckt_wr_rst_cc_reg[1]/C
                            (rising edge-triggered cell FDRE clocked by clk_pl_0  {rise@0.000ns fall@5.000ns period=10.000ns})
  Destination:            design_1_i/ps8_0_axi_periph/s01_couplers/auto_ds/inst/gen_downsizer.gen_simple_downsizer.axi_downsizer_inst/USE_READ.read_addr_inst/cmd_queue/inst/fifo_gen_inst/inst_fifo_gen/gconvfifo.rf/grf.rf/gntv_or_sync_fifo.gl0.rd/rpntr/gc0.count_reg[0]/PRE
                            (recovery check against rising-edge clock clk_pl_0  {rise@0.000ns fall@5.000ns period=10.000ns})
  Path Group:             **async_default**
  Path Type:              Recovery (Max at Slow Process Corner)
  Requirement:            10.000ns  (clk_pl_0 rise@10.000ns - clk_pl_0 rise@0.000ns)
  Data Path Delay:        1.026ns  (logic 0.229ns (22.314%)  route 0.797ns (77.686%))
  Logic Levels:           1  (LUT3=1)
  Clock Path Skew:        -0.079ns (DCD - SCD + CPR)
    Destination Clock Delay (DCD):    1.490ns = ( 11.490 - 10.000 ) 
    Source Clock Delay      (SCD):    1.709ns
    Clock Pessimism Removal (CPR):    0.141ns
  Clock Uncertainty:      0.130ns  ((TSJ^2 + DJ^2)^1/2) / 2 + PE
    Total System Jitter     (TSJ):    0.071ns
    Discrete Jitter          (DJ):    0.250ns
    Phase Error              (PE):    0.000ns
  Clock Net Delay (Source):      1.546ns (routing 0.567ns, distribution 0.979ns)
  Clock Net Delay (Destination): 1.360ns (routing 0.510ns, distribution 0.850ns)

    Location             Delay type                Incr(ns)  Path(ns)    Netlist Resource(s)
  -------------------------------------------------------------------    -------------------
                         (clock clk_pl_0 rise edge)
                                                      0.000     0.000 r  
    PS8_X0Y0             PS8                          0.000     0.000 r  design_1_i/zynq_ultra_ps_e_0/inst/PS8_i/PLCLK[0]
                         net (fo=1, routed)           0.135     0.135    design_1_i/zynq_ultra_ps_e_0/inst/pl_clk_unbuffered[0]
    BUFG_PS_X0Y58        BUFG_PS (Prop_BUFG_PS_I_O)
                                                      0.028     0.163 r  design_1_i/zynq_ultra_ps_e_0/inst/buffer_pl_clk_0.PL_CLK_0_BUFG/O
    X1Y1 (CLOCK_ROOT)    net (fo=10024, routed)       1.546     1.709    design_1_i/ps8_0_axi_periph/s01_couplers/auto_ds/inst/gen_downsizer.gen_simple_downsizer.axi_downsizer_inst/USE_READ.read_addr_inst/cmd_queue/inst/fifo_gen_inst/inst_fifo_gen/gconvfifo.rf/grf.rf/rstblk/clk
    SLICE_X40Y99         FDRE                                         r  design_1_i/ps8_0_axi_periph/s01_couplers/auto_ds/inst/gen_downsizer.gen_simple_downsizer.axi_downsizer_inst/USE_READ.read_addr_inst/cmd_queue/inst/fifo_gen_inst/inst_fifo_gen/gconvfifo.rf/grf.rf/rstblk/ngwrdrst.grst.g7serrst.gnsckt_wrst.gcc_rst.sckt_wr_rst_cc_reg[1]/C
  -------------------------------------------------------------------    -------------------
    SLICE_X40Y99         FDRE (Prop_EFF2_SLICEM_C_Q)
                                                      0.079     1.788 f  design_1_i/ps8_0_axi_periph/s01_couplers/auto_ds/inst/gen_downsizer.gen_simple_downsizer.axi_downsizer_inst/USE_READ.read_addr_inst/cmd_queue/inst/fifo_gen_inst/inst_fifo_gen/gconvfifo.rf/grf.rf/rstblk/ngwrdrst.grst.g7serrst.gnsckt_wrst.gcc_rst.sckt_wr_rst_cc_reg[1]/Q
                         net (fo=2, routed)           0.209     1.997    design_1_i/ps8_0_axi_periph/s01_couplers/auto_ds/inst/gen_downsizer.gen_simple_downsizer.axi_downsizer_inst/USE_READ.read_addr_inst/cmd_queue/inst/fifo_gen_inst/inst_fifo_gen/gconvfifo.rf/grf.rf/rstblk/ngwrdrst.grst.g7serrst.gnsckt_wrst.gcc_rst.sckt_wr_rst_cc[1]
    SLICE_X40Y99         LUT3 (Prop_G6LUT_SLICEM_I0_O)
                                                      0.150     2.147 f  design_1_i/ps8_0_axi_periph/s01_couplers/auto_ds/inst/gen_downsizer.gen_simple_downsizer.axi_downsizer_inst/USE_READ.read_addr_inst/cmd_queue/inst/fifo_gen_inst/inst_fifo_gen/gconvfifo.rf/grf.rf/rstblk/gpregsm1.curr_fwft_state[1]_i_2/O
                         net (fo=32, routed)          0.588     2.735    design_1_i/ps8_0_axi_periph/s01_couplers/auto_ds/inst/gen_downsizer.gen_simple_downsizer.axi_downsizer_inst/USE_READ.read_addr_inst/cmd_queue/inst/fifo_gen_inst/inst_fifo_gen/gconvfifo.rf/grf.rf/gntv_or_sync_fifo.gl0.rd/rpntr/gc0.count_d1_reg[4]_1
    SLICE_X44Y99         FDPE                                         f  design_1_i/ps8_0_axi_periph/s01_couplers/auto_ds/inst/gen_downsizer.gen_simple_downsizer.axi_downsizer_inst/USE_READ.read_addr_inst/cmd_queue/inst/fifo_gen_inst/inst_fifo_gen/gconvfifo.rf/grf.rf/gntv_or_sync_fifo.gl0.rd/rpntr/gc0.count_reg[0]/PRE
  -------------------------------------------------------------------    -------------------

                         (clock clk_pl_0 rise edge)
                                                     10.000    10.000 r  
    PS8_X0Y0             PS8                          0.000    10.000 r  design_1_i/zynq_ultra_ps_e_0/inst/PS8_i/PLCLK[0]
                         net (fo=1, routed)           0.105    10.105    design_1_i/zynq_ultra_ps_e_0/inst/pl_clk_unbuffered[0]
    BUFG_PS_X0Y58        BUFG_PS (Prop_BUFG_PS_I_O)
                                                      0.025    10.130 r  design_1_i/zynq_ultra_ps_e_0/inst/buffer_pl_clk_0.PL_CLK_0_BUFG/O
    X1Y1 (CLOCK_ROOT)    net (fo=10024, routed)       1.360    11.490    design_1_i/ps8_0_axi_periph/s01_couplers/auto_ds/inst/gen_downsizer.gen_simple_downsizer.axi_downsizer_inst/USE_READ.read_addr_inst/cmd_queue/inst/fifo_gen_inst/inst_fifo_gen/gconvfifo.rf/grf.rf/gntv_or_sync_fifo.gl0.rd/rpntr/clk
    SLICE_X44Y99         FDPE                                         r  design_1_i/ps8_0_axi_periph/s01_couplers/auto_ds/inst/gen_downsizer.gen_simple_downsizer.axi_downsizer_inst/USE_READ.read_addr_inst/cmd_queue/inst/fifo_gen_inst/inst_fifo_gen/gconvfifo.rf/grf.rf/gntv_or_sync_fifo.gl0.rd/rpntr/gc0.count_reg[0]/C
                         clock pessimism              0.141    11.630    
                         clock uncertainty           -0.130    11.501    
    SLICE_X44Y99         FDPE (Recov_DFF2_SLICEM_C_PRE)
                                                     -0.066    11.435    design_1_i/ps8_0_axi_periph/s01_couplers/auto_ds/inst/gen_downsizer.gen_simple_downsizer.axi_downsizer_inst/USE_READ.read_addr_inst/cmd_queue/inst/fifo_gen_inst/inst_fifo_gen/gconvfifo.rf/grf.rf/gntv_or_sync_fifo.gl0.rd/rpntr/gc0.count_reg[0]
  -------------------------------------------------------------------
                         required time                         11.435    
                         arrival time                          -2.735    
  -------------------------------------------------------------------
                         slack                                  8.699    





Min Delay Paths
--------------------------------------------------------------------------------------
Slack (MET) :             0.186ns  (arrival time - required time)
  Source:                 design_1_i/ps8_0_axi_periph/s00_couplers/auto_ds/inst/gen_downsizer.gen_simple_downsizer.axi_downsizer_inst/USE_WRITE.write_addr_inst/USE_B_CHANNEL.cmd_b_queue/inst/fifo_gen_inst/inst_fifo_gen/gconvfifo.rf/grf.rf/rstblk/ngwrdrst.grst.g7serrst.gnsckt_wrst.gcc_rst.sckt_wr_rst_cc_reg[0]/C
                            (rising edge-triggered cell FDRE clocked by clk_pl_0  {rise@0.000ns fall@5.000ns period=10.000ns})
  Destination:            design_1_i/ps8_0_axi_periph/s00_couplers/auto_ds/inst/gen_downsizer.gen_simple_downsizer.axi_downsizer_inst/USE_WRITE.write_addr_inst/USE_B_CHANNEL.cmd_b_queue/inst/fifo_gen_inst/inst_fifo_gen/gconvfifo.rf/grf.rf/gntv_or_sync_fifo.gl0.wr/gwss.wsts/ram_full_i_reg/CLR
                            (removal check against rising-edge clock clk_pl_0  {rise@0.000ns fall@5.000ns period=10.000ns})
  Path Group:             **async_default**
  Path Type:              Removal (Min at Fast Process Corner)
  Requirement:            0.000ns  (clk_pl_0 rise@0.000ns - clk_pl_0 rise@0.000ns)
  Data Path Delay:        0.229ns  (logic 0.074ns (32.312%)  route 0.155ns (67.688%))
  Logic Levels:           1  (LUT3=1)
  Clock Path Skew:        0.063ns (DCD - SCD - CPR)
    Destination Clock Delay (DCD):    1.097ns
    Source Clock Delay      (SCD):    0.970ns
    Clock Pessimism Removal (CPR):    0.065ns
  Clock Net Delay (Source):      0.877ns (routing 0.312ns, distribution 0.565ns)
  Clock Net Delay (Destination): 0.981ns (routing 0.352ns, distribution 0.629ns)

    Location             Delay type                Incr(ns)  Path(ns)    Netlist Resource(s)
  -------------------------------------------------------------------    -------------------
                         (clock clk_pl_0 rise edge)
                                                      0.000     0.000 r  
    PS8_X0Y0             PS8                          0.000     0.000 r  design_1_i/zynq_ultra_ps_e_0/inst/PS8_i/PLCLK[0]
                         net (fo=1, routed)           0.076     0.076    design_1_i/zynq_ultra_ps_e_0/inst/pl_clk_unbuffered[0]
    BUFG_PS_X0Y58        BUFG_PS (Prop_BUFG_PS_I_O)
                                                      0.017     0.093 r  design_1_i/zynq_ultra_ps_e_0/inst/buffer_pl_clk_0.PL_CLK_0_BUFG/O
    X1Y1 (CLOCK_ROOT)    net (fo=10024, routed)       0.877     0.970    design_1_i/ps8_0_axi_periph/s00_couplers/auto_ds/inst/gen_downsizer.gen_simple_downsizer.axi_downsizer_inst/USE_WRITE.write_addr_inst/USE_B_CHANNEL.cmd_b_queue/inst/fifo_gen_inst/inst_fifo_gen/gconvfifo.rf/grf.rf/rstblk/clk
    SLICE_X48Y59         FDRE                                         r  design_1_i/ps8_0_axi_periph/s00_couplers/auto_ds/inst/gen_downsizer.gen_simple_downsizer.axi_downsizer_inst/USE_WRITE.write_addr_inst/USE_B_CHANNEL.cmd_b_queue/inst/fifo_gen_inst/inst_fifo_gen/gconvfifo.rf/grf.rf/rstblk/ngwrdrst.grst.g7serrst.gnsckt_wrst.gcc_rst.sckt_wr_rst_cc_reg[0]/C
  -------------------------------------------------------------------    -------------------
    SLICE_X48Y59         FDRE (Prop_EFF_SLICEL_C_Q)
                                                      0.039     1.009 f  design_1_i/ps8_0_axi_periph/s00_couplers/auto_ds/inst/gen_downsizer.gen_simple_downsizer.axi_downsizer_inst/USE_WRITE.write_addr_inst/USE_B_CHANNEL.cmd_b_queue/inst/fifo_gen_inst/inst_fifo_gen/gconvfifo.rf/grf.rf/rstblk/ngwrdrst.grst.g7serrst.gnsckt_wrst.gcc_rst.sckt_wr_rst_cc_reg[0]/Q
                         net (fo=3, routed)           0.056     1.064    design_1_i/ps8_0_axi_periph/s00_couplers/auto_ds/inst/gen_downsizer.gen_simple_downsizer.axi_downsizer_inst/USE_WRITE.write_addr_inst/USE_B_CHANNEL.cmd_b_queue/inst/fifo_gen_inst/inst_fifo_gen/gconvfifo.rf/grf.rf/rstblk/ngwrdrst.grst.g7serrst.gnsckt_wrst.gcc_rst.sckt_wr_rst_cc[0]
    SLICE_X48Y58         LUT3 (Prop_F6LUT_SLICEL_I1_O)
                                                      0.035     1.099 f  design_1_i/ps8_0_axi_periph/s00_couplers/auto_ds/inst/gen_downsizer.gen_simple_downsizer.axi_downsizer_inst/USE_WRITE.write_addr_inst/USE_B_CHANNEL.cmd_b_queue/inst/fifo_gen_inst/inst_fifo_gen/gconvfifo.rf/grf.rf/rstblk/gpregsm1.curr_fwft_state[1]_i_2/O
                         net (fo=32, routed)          0.099     1.199    design_1_i/ps8_0_axi_periph/s00_couplers/auto_ds/inst/gen_downsizer.gen_simple_downsizer.axi_downsizer_inst/USE_WRITE.write_addr_inst/USE_B_CHANNEL.cmd_b_queue/inst/fifo_gen_inst/inst_fifo_gen/gconvfifo.rf/grf.rf/gntv_or_sync_fifo.gl0.wr/gwss.wsts/AR[0]
    SLICE_X48Y60         FDCE                                         f  design_1_i/ps8_0_axi_periph/s00_couplers/auto_ds/inst/gen_downsizer.gen_simple_downsizer.axi_downsizer_inst/USE_WRITE.write_addr_inst/USE_B_CHANNEL.cmd_b_queue/inst/fifo_gen_inst/inst_fifo_gen/gconvfifo.rf/grf.rf/gntv_or_sync_fifo.gl0.wr/gwss.wsts/ram_full_i_reg/CLR
  -------------------------------------------------------------------    -------------------

                         (clock clk_pl_0 rise edge)
                                                      0.000     0.000 r  
    PS8_X0Y0             PS8                          0.000     0.000 r  design_1_i/zynq_ultra_ps_e_0/inst/PS8_i/PLCLK[0]
                         net (fo=1, routed)           0.098     0.098    design_1_i/zynq_ultra_ps_e_0/inst/pl_clk_unbuffered[0]
    BUFG_PS_X0Y58        BUFG_PS (Prop_BUFG_PS_I_O)
                                                      0.018     0.116 r  design_1_i/zynq_ultra_ps_e_0/inst/buffer_pl_clk_0.PL_CLK_0_BUFG/O
    X1Y1 (CLOCK_ROOT)    net (fo=10024, routed)       0.981     1.097    design_1_i/ps8_0_axi_periph/s00_couplers/auto_ds/inst/gen_downsizer.gen_simple_downsizer.axi_downsizer_inst/USE_WRITE.write_addr_inst/USE_B_CHANNEL.cmd_b_queue/inst/fifo_gen_inst/inst_fifo_gen/gconvfifo.rf/grf.rf/gntv_or_sync_fifo.gl0.wr/gwss.wsts/clk
    SLICE_X48Y60         FDCE                                         r  design_1_i/ps8_0_axi_periph/s00_couplers/auto_ds/inst/gen_downsizer.gen_simple_downsizer.axi_downsizer_inst/USE_WRITE.write_addr_inst/USE_B_CHANNEL.cmd_b_queue/inst/fifo_gen_inst/inst_fifo_gen/gconvfifo.rf/grf.rf/gntv_or_sync_fifo.gl0.wr/gwss.wsts/ram_full_i_reg/C
                         clock pessimism             -0.065     1.032    
    SLICE_X48Y60         FDCE (Remov_HFF_SLICEL_C_CLR)
                                                     -0.020     1.012    design_1_i/ps8_0_axi_periph/s00_couplers/auto_ds/inst/gen_downsizer.gen_simple_downsizer.axi_downsizer_inst/USE_WRITE.write_addr_inst/USE_B_CHANNEL.cmd_b_queue/inst/fifo_gen_inst/inst_fifo_gen/gconvfifo.rf/grf.rf/gntv_or_sync_fifo.gl0.wr/gwss.wsts/ram_full_i_reg
  -------------------------------------------------------------------
                         required time                         -1.012    
                         arrival time                           1.199    
  -------------------------------------------------------------------
                         slack                                  0.186    

Slack (MET) :             0.186ns  (arrival time - required time)
  Source:                 design_1_i/ps8_0_axi_periph/s00_couplers/auto_ds/inst/gen_downsizer.gen_simple_downsizer.axi_downsizer_inst/USE_WRITE.write_addr_inst/USE_B_CHANNEL.cmd_b_queue/inst/fifo_gen_inst/inst_fifo_gen/gconvfifo.rf/grf.rf/rstblk/ngwrdrst.grst.g7serrst.gnsckt_wrst.gcc_rst.sckt_wr_rst_cc_reg[0]/C
                            (rising edge-triggered cell FDRE clocked by clk_pl_0  {rise@0.000ns fall@5.000ns period=10.000ns})
  Destination:            design_1_i/ps8_0_axi_periph/s00_couplers/auto_ds/inst/gen_downsizer.gen_simple_downsizer.axi_downsizer_inst/USE_WRITE.write_addr_inst/USE_B_CHANNEL.cmd_b_queue/inst/fifo_gen_inst/inst_fifo_gen/gconvfifo.rf/grf.rf/gntv_or_sync_fifo.gl0.wr/wpntr/gcc0.gc0.count_d1_reg[0]/CLR
                            (removal check against rising-edge clock clk_pl_0  {rise@0.000ns fall@5.000ns period=10.000ns})
  Path Group:             **async_default**
  Path Type:              Removal (Min at Fast Process Corner)
  Requirement:            0.000ns  (clk_pl_0 rise@0.000ns - clk_pl_0 rise@0.000ns)
  Data Path Delay:        0.229ns  (logic 0.074ns (32.312%)  route 0.155ns (67.688%))
  Logic Levels:           1  (LUT3=1)
  Clock Path Skew:        0.063ns (DCD - SCD - CPR)
    Destination Clock Delay (DCD):    1.097ns
    Source Clock Delay      (SCD):    0.970ns
    Clock Pessimism Removal (CPR):    0.065ns
  Clock Net Delay (Source):      0.877ns (routing 0.312ns, distribution 0.565ns)
  Clock Net Delay (Destination): 0.981ns (routing 0.352ns, distribution 0.629ns)

    Location             Delay type                Incr(ns)  Path(ns)    Netlist Resource(s)
  -------------------------------------------------------------------    -------------------
                         (clock clk_pl_0 rise edge)
                                                      0.000     0.000 r  
    PS8_X0Y0             PS8                          0.000     0.000 r  design_1_i/zynq_ultra_ps_e_0/inst/PS8_i/PLCLK[0]
                         net (fo=1, routed)           0.076     0.076    design_1_i/zynq_ultra_ps_e_0/inst/pl_clk_unbuffered[0]
    BUFG_PS_X0Y58        BUFG_PS (Prop_BUFG_PS_I_O)
                                                      0.017     0.093 r  design_1_i/zynq_ultra_ps_e_0/inst/buffer_pl_clk_0.PL_CLK_0_BUFG/O
    X1Y1 (CLOCK_ROOT)    net (fo=10024, routed)       0.877     0.970    design_1_i/ps8_0_axi_periph/s00_couplers/auto_ds/inst/gen_downsizer.gen_simple_downsizer.axi_downsizer_inst/USE_WRITE.write_addr_inst/USE_B_CHANNEL.cmd_b_queue/inst/fifo_gen_inst/inst_fifo_gen/gconvfifo.rf/grf.rf/rstblk/clk
    SLICE_X48Y59         FDRE                                         r  design_1_i/ps8_0_axi_periph/s00_couplers/auto_ds/inst/gen_downsizer.gen_simple_downsizer.axi_downsizer_inst/USE_WRITE.write_addr_inst/USE_B_CHANNEL.cmd_b_queue/inst/fifo_gen_inst/inst_fifo_gen/gconvfifo.rf/grf.rf/rstblk/ngwrdrst.grst.g7serrst.gnsckt_wrst.gcc_rst.sckt_wr_rst_cc_reg[0]/C
  -------------------------------------------------------------------    -------------------
    SLICE_X48Y59         FDRE (Prop_EFF_SLICEL_C_Q)
                                                      0.039     1.009 f  design_1_i/ps8_0_axi_periph/s00_couplers/auto_ds/inst/gen_downsizer.gen_simple_downsizer.axi_downsizer_inst/USE_WRITE.write_addr_inst/USE_B_CHANNEL.cmd_b_queue/inst/fifo_gen_inst/inst_fifo_gen/gconvfifo.rf/grf.rf/rstblk/ngwrdrst.grst.g7serrst.gnsckt_wrst.gcc_rst.sckt_wr_rst_cc_reg[0]/Q
                         net (fo=3, routed)           0.056     1.064    design_1_i/ps8_0_axi_periph/s00_couplers/auto_ds/inst/gen_downsizer.gen_simple_downsizer.axi_downsizer_inst/USE_WRITE.write_addr_inst/USE_B_CHANNEL.cmd_b_queue/inst/fifo_gen_inst/inst_fifo_gen/gconvfifo.rf/grf.rf/rstblk/ngwrdrst.grst.g7serrst.gnsckt_wrst.gcc_rst.sckt_wr_rst_cc[0]
    SLICE_X48Y58         LUT3 (Prop_F6LUT_SLICEL_I1_O)
                                                      0.035     1.099 f  design_1_i/ps8_0_axi_periph/s00_couplers/auto_ds/inst/gen_downsizer.gen_simple_downsizer.axi_downsizer_inst/USE_WRITE.write_addr_inst/USE_B_CHANNEL.cmd_b_queue/inst/fifo_gen_inst/inst_fifo_gen/gconvfifo.rf/grf.rf/rstblk/gpregsm1.curr_fwft_state[1]_i_2/O
                         net (fo=32, routed)          0.099     1.199    design_1_i/ps8_0_axi_periph/s00_couplers/auto_ds/inst/gen_downsizer.gen_simple_downsizer.axi_downsizer_inst/USE_WRITE.write_addr_inst/USE_B_CHANNEL.cmd_b_queue/inst/fifo_gen_inst/inst_fifo_gen/gconvfifo.rf/grf.rf/gntv_or_sync_fifo.gl0.wr/wpntr/AR[0]
    SLICE_X48Y60         FDCE                                         f  design_1_i/ps8_0_axi_periph/s00_couplers/auto_ds/inst/gen_downsizer.gen_simple_downsizer.axi_downsizer_inst/USE_WRITE.write_addr_inst/USE_B_CHANNEL.cmd_b_queue/inst/fifo_gen_inst/inst_fifo_gen/gconvfifo.rf/grf.rf/gntv_or_sync_fifo.gl0.wr/wpntr/gcc0.gc0.count_d1_reg[0]/CLR
  -------------------------------------------------------------------    -------------------

                         (clock clk_pl_0 rise edge)
                                                      0.000     0.000 r  
    PS8_X0Y0             PS8                          0.000     0.000 r  design_1_i/zynq_ultra_ps_e_0/inst/PS8_i/PLCLK[0]
                         net (fo=1, routed)           0.098     0.098    design_1_i/zynq_ultra_ps_e_0/inst/pl_clk_unbuffered[0]
    BUFG_PS_X0Y58        BUFG_PS (Prop_BUFG_PS_I_O)
                                                      0.018     0.116 r  design_1_i/zynq_ultra_ps_e_0/inst/buffer_pl_clk_0.PL_CLK_0_BUFG/O
    X1Y1 (CLOCK_ROOT)    net (fo=10024, routed)       0.981     1.097    design_1_i/ps8_0_axi_periph/s00_couplers/auto_ds/inst/gen_downsizer.gen_simple_downsizer.axi_downsizer_inst/USE_WRITE.write_addr_inst/USE_B_CHANNEL.cmd_b_queue/inst/fifo_gen_inst/inst_fifo_gen/gconvfifo.rf/grf.rf/gntv_or_sync_fifo.gl0.wr/wpntr/clk
    SLICE_X48Y60         FDCE                                         r  design_1_i/ps8_0_axi_periph/s00_couplers/auto_ds/inst/gen_downsizer.gen_simple_downsizer.axi_downsizer_inst/USE_WRITE.write_addr_inst/USE_B_CHANNEL.cmd_b_queue/inst/fifo_gen_inst/inst_fifo_gen/gconvfifo.rf/grf.rf/gntv_or_sync_fifo.gl0.wr/wpntr/gcc0.gc0.count_d1_reg[0]/C
                         clock pessimism             -0.065     1.032    
    SLICE_X48Y60         FDCE (Remov_HFF2_SLICEL_C_CLR)
                                                     -0.020     1.012    design_1_i/ps8_0_axi_periph/s00_couplers/auto_ds/inst/gen_downsizer.gen_simple_downsizer.axi_downsizer_inst/USE_WRITE.write_addr_inst/USE_B_CHANNEL.cmd_b_queue/inst/fifo_gen_inst/inst_fifo_gen/gconvfifo.rf/grf.rf/gntv_or_sync_fifo.gl0.wr/wpntr/gcc0.gc0.count_d1_reg[0]
  -------------------------------------------------------------------
                         required time                         -1.012    
                         arrival time                           1.199    
  -------------------------------------------------------------------
                         slack                                  0.186    

Slack (MET) :             0.186ns  (arrival time - required time)
  Source:                 design_1_i/ps8_0_axi_periph/s00_couplers/auto_ds/inst/gen_downsizer.gen_simple_downsizer.axi_downsizer_inst/USE_WRITE.write_addr_inst/USE_B_CHANNEL.cmd_b_queue/inst/fifo_gen_inst/inst_fifo_gen/gconvfifo.rf/grf.rf/rstblk/ngwrdrst.grst.g7serrst.gnsckt_wrst.gcc_rst.sckt_wr_rst_cc_reg[0]/C
                            (rising edge-triggered cell FDRE clocked by clk_pl_0  {rise@0.000ns fall@5.000ns period=10.000ns})
  Destination:            design_1_i/ps8_0_axi_periph/s00_couplers/auto_ds/inst/gen_downsizer.gen_simple_downsizer.axi_downsizer_inst/USE_WRITE.write_addr_inst/USE_B_CHANNEL.cmd_b_queue/inst/fifo_gen_inst/inst_fifo_gen/gconvfifo.rf/grf.rf/gntv_or_sync_fifo.gl0.wr/wpntr/gcc0.gc0.count_d1_reg[1]/CLR
                            (removal check against rising-edge clock clk_pl_0  {rise@0.000ns fall@5.000ns period=10.000ns})
  Path Group:             **async_default**
  Path Type:              Removal (Min at Fast Process Corner)
  Requirement:            0.000ns  (clk_pl_0 rise@0.000ns - clk_pl_0 rise@0.000ns)
  Data Path Delay:        0.229ns  (logic 0.074ns (32.312%)  route 0.155ns (67.688%))
  Logic Levels:           1  (LUT3=1)
  Clock Path Skew:        0.063ns (DCD - SCD - CPR)
    Destination Clock Delay (DCD):    1.097ns
    Source Clock Delay      (SCD):    0.970ns
    Clock Pessimism Removal (CPR):    0.065ns
  Clock Net Delay (Source):      0.877ns (routing 0.312ns, distribution 0.565ns)
  Clock Net Delay (Destination): 0.981ns (routing 0.352ns, distribution 0.629ns)

    Location             Delay type                Incr(ns)  Path(ns)    Netlist Resource(s)
  -------------------------------------------------------------------    -------------------
                         (clock clk_pl_0 rise edge)
                                                      0.000     0.000 r  
    PS8_X0Y0             PS8                          0.000     0.000 r  design_1_i/zynq_ultra_ps_e_0/inst/PS8_i/PLCLK[0]
                         net (fo=1, routed)           0.076     0.076    design_1_i/zynq_ultra_ps_e_0/inst/pl_clk_unbuffered[0]
    BUFG_PS_X0Y58        BUFG_PS (Prop_BUFG_PS_I_O)
                                                      0.017     0.093 r  design_1_i/zynq_ultra_ps_e_0/inst/buffer_pl_clk_0.PL_CLK_0_BUFG/O
    X1Y1 (CLOCK_ROOT)    net (fo=10024, routed)       0.877     0.970    design_1_i/ps8_0_axi_periph/s00_couplers/auto_ds/inst/gen_downsizer.gen_simple_downsizer.axi_downsizer_inst/USE_WRITE.write_addr_inst/USE_B_CHANNEL.cmd_b_queue/inst/fifo_gen_inst/inst_fifo_gen/gconvfifo.rf/grf.rf/rstblk/clk
    SLICE_X48Y59         FDRE                                         r  design_1_i/ps8_0_axi_periph/s00_couplers/auto_ds/inst/gen_downsizer.gen_simple_downsizer.axi_downsizer_inst/USE_WRITE.write_addr_inst/USE_B_CHANNEL.cmd_b_queue/inst/fifo_gen_inst/inst_fifo_gen/gconvfifo.rf/grf.rf/rstblk/ngwrdrst.grst.g7serrst.gnsckt_wrst.gcc_rst.sckt_wr_rst_cc_reg[0]/C
  -------------------------------------------------------------------    -------------------
    SLICE_X48Y59         FDRE (Prop_EFF_SLICEL_C_Q)
                                                      0.039     1.009 f  design_1_i/ps8_0_axi_periph/s00_couplers/auto_ds/inst/gen_downsizer.gen_simple_downsizer.axi_downsizer_inst/USE_WRITE.write_addr_inst/USE_B_CHANNEL.cmd_b_queue/inst/fifo_gen_inst/inst_fifo_gen/gconvfifo.rf/grf.rf/rstblk/ngwrdrst.grst.g7serrst.gnsckt_wrst.gcc_rst.sckt_wr_rst_cc_reg[0]/Q
                         net (fo=3, routed)           0.056     1.064    design_1_i/ps8_0_axi_periph/s00_couplers/auto_ds/inst/gen_downsizer.gen_simple_downsizer.axi_downsizer_inst/USE_WRITE.write_addr_inst/USE_B_CHANNEL.cmd_b_queue/inst/fifo_gen_inst/inst_fifo_gen/gconvfifo.rf/grf.rf/rstblk/ngwrdrst.grst.g7serrst.gnsckt_wrst.gcc_rst.sckt_wr_rst_cc[0]
    SLICE_X48Y58         LUT3 (Prop_F6LUT_SLICEL_I1_O)
                                                      0.035     1.099 f  design_1_i/ps8_0_axi_periph/s00_couplers/auto_ds/inst/gen_downsizer.gen_simple_downsizer.axi_downsizer_inst/USE_WRITE.write_addr_inst/USE_B_CHANNEL.cmd_b_queue/inst/fifo_gen_inst/inst_fifo_gen/gconvfifo.rf/grf.rf/rstblk/gpregsm1.curr_fwft_state[1]_i_2/O
                         net (fo=32, routed)          0.099     1.199    design_1_i/ps8_0_axi_periph/s00_couplers/auto_ds/inst/gen_downsizer.gen_simple_downsizer.axi_downsizer_inst/USE_WRITE.write_addr_inst/USE_B_CHANNEL.cmd_b_queue/inst/fifo_gen_inst/inst_fifo_gen/gconvfifo.rf/grf.rf/gntv_or_sync_fifo.gl0.wr/wpntr/AR[0]
    SLICE_X48Y60         FDCE                                         f  design_1_i/ps8_0_axi_periph/s00_couplers/auto_ds/inst/gen_downsizer.gen_simple_downsizer.axi_downsizer_inst/USE_WRITE.write_addr_inst/USE_B_CHANNEL.cmd_b_queue/inst/fifo_gen_inst/inst_fifo_gen/gconvfifo.rf/grf.rf/gntv_or_sync_fifo.gl0.wr/wpntr/gcc0.gc0.count_d1_reg[1]/CLR
  -------------------------------------------------------------------    -------------------

                         (clock clk_pl_0 rise edge)
                                                      0.000     0.000 r  
    PS8_X0Y0             PS8                          0.000     0.000 r  design_1_i/zynq_ultra_ps_e_0/inst/PS8_i/PLCLK[0]
                         net (fo=1, routed)           0.098     0.098    design_1_i/zynq_ultra_ps_e_0/inst/pl_clk_unbuffered[0]
    BUFG_PS_X0Y58        BUFG_PS (Prop_BUFG_PS_I_O)
                                                      0.018     0.116 r  design_1_i/zynq_ultra_ps_e_0/inst/buffer_pl_clk_0.PL_CLK_0_BUFG/O
    X1Y1 (CLOCK_ROOT)    net (fo=10024, routed)       0.981     1.097    design_1_i/ps8_0_axi_periph/s00_couplers/auto_ds/inst/gen_downsizer.gen_simple_downsizer.axi_downsizer_inst/USE_WRITE.write_addr_inst/USE_B_CHANNEL.cmd_b_queue/inst/fifo_gen_inst/inst_fifo_gen/gconvfifo.rf/grf.rf/gntv_or_sync_fifo.gl0.wr/wpntr/clk
    SLICE_X48Y60         FDCE                                         r  design_1_i/ps8_0_axi_periph/s00_couplers/auto_ds/inst/gen_downsizer.gen_simple_downsizer.axi_downsizer_inst/USE_WRITE.write_addr_inst/USE_B_CHANNEL.cmd_b_queue/inst/fifo_gen_inst/inst_fifo_gen/gconvfifo.rf/grf.rf/gntv_or_sync_fifo.gl0.wr/wpntr/gcc0.gc0.count_d1_reg[1]/C
                         clock pessimism             -0.065     1.032    
    SLICE_X48Y60         FDCE (Remov_GFF2_SLICEL_C_CLR)
                                                     -0.020     1.012    design_1_i/ps8_0_axi_periph/s00_couplers/auto_ds/inst/gen_downsizer.gen_simple_downsizer.axi_downsizer_inst/USE_WRITE.write_addr_inst/USE_B_CHANNEL.cmd_b_queue/inst/fifo_gen_inst/inst_fifo_gen/gconvfifo.rf/grf.rf/gntv_or_sync_fifo.gl0.wr/wpntr/gcc0.gc0.count_d1_reg[1]
  -------------------------------------------------------------------
                         required time                         -1.012    
                         arrival time                           1.199    
  -------------------------------------------------------------------
                         slack                                  0.186    

Slack (MET) :             0.186ns  (arrival time - required time)
  Source:                 design_1_i/ps8_0_axi_periph/s00_couplers/auto_ds/inst/gen_downsizer.gen_simple_downsizer.axi_downsizer_inst/USE_WRITE.write_addr_inst/USE_B_CHANNEL.cmd_b_queue/inst/fifo_gen_inst/inst_fifo_gen/gconvfifo.rf/grf.rf/rstblk/ngwrdrst.grst.g7serrst.gnsckt_wrst.gcc_rst.sckt_wr_rst_cc_reg[0]/C
                            (rising edge-triggered cell FDRE clocked by clk_pl_0  {rise@0.000ns fall@5.000ns period=10.000ns})
  Destination:            design_1_i/ps8_0_axi_periph/s00_couplers/auto_ds/inst/gen_downsizer.gen_simple_downsizer.axi_downsizer_inst/USE_WRITE.write_addr_inst/USE_B_CHANNEL.cmd_b_queue/inst/fifo_gen_inst/inst_fifo_gen/gconvfifo.rf/grf.rf/gntv_or_sync_fifo.gl0.wr/wpntr/gcc0.gc0.count_reg[1]/CLR
                            (removal check against rising-edge clock clk_pl_0  {rise@0.000ns fall@5.000ns period=10.000ns})
  Path Group:             **async_default**
  Path Type:              Removal (Min at Fast Process Corner)
  Requirement:            0.000ns  (clk_pl_0 rise@0.000ns - clk_pl_0 rise@0.000ns)
  Data Path Delay:        0.229ns  (logic 0.074ns (32.312%)  route 0.155ns (67.688%))
  Logic Levels:           1  (LUT3=1)
  Clock Path Skew:        0.063ns (DCD - SCD - CPR)
    Destination Clock Delay (DCD):    1.097ns
    Source Clock Delay      (SCD):    0.970ns
    Clock Pessimism Removal (CPR):    0.065ns
  Clock Net Delay (Source):      0.877ns (routing 0.312ns, distribution 0.565ns)
  Clock Net Delay (Destination): 0.981ns (routing 0.352ns, distribution 0.629ns)

    Location             Delay type                Incr(ns)  Path(ns)    Netlist Resource(s)
  -------------------------------------------------------------------    -------------------
                         (clock clk_pl_0 rise edge)
                                                      0.000     0.000 r  
    PS8_X0Y0             PS8                          0.000     0.000 r  design_1_i/zynq_ultra_ps_e_0/inst/PS8_i/PLCLK[0]
                         net (fo=1, routed)           0.076     0.076    design_1_i/zynq_ultra_ps_e_0/inst/pl_clk_unbuffered[0]
    BUFG_PS_X0Y58        BUFG_PS (Prop_BUFG_PS_I_O)
                                                      0.017     0.093 r  design_1_i/zynq_ultra_ps_e_0/inst/buffer_pl_clk_0.PL_CLK_0_BUFG/O
    X1Y1 (CLOCK_ROOT)    net (fo=10024, routed)       0.877     0.970    design_1_i/ps8_0_axi_periph/s00_couplers/auto_ds/inst/gen_downsizer.gen_simple_downsizer.axi_downsizer_inst/USE_WRITE.write_addr_inst/USE_B_CHANNEL.cmd_b_queue/inst/fifo_gen_inst/inst_fifo_gen/gconvfifo.rf/grf.rf/rstblk/clk
    SLICE_X48Y59         FDRE                                         r  design_1_i/ps8_0_axi_periph/s00_couplers/auto_ds/inst/gen_downsizer.gen_simple_downsizer.axi_downsizer_inst/USE_WRITE.write_addr_inst/USE_B_CHANNEL.cmd_b_queue/inst/fifo_gen_inst/inst_fifo_gen/gconvfifo.rf/grf.rf/rstblk/ngwrdrst.grst.g7serrst.gnsckt_wrst.gcc_rst.sckt_wr_rst_cc_reg[0]/C
  -------------------------------------------------------------------    -------------------
    SLICE_X48Y59         FDRE (Prop_EFF_SLICEL_C_Q)
                                                      0.039     1.009 f  design_1_i/ps8_0_axi_periph/s00_couplers/auto_ds/inst/gen_downsizer.gen_simple_downsizer.axi_downsizer_inst/USE_WRITE.write_addr_inst/USE_B_CHANNEL.cmd_b_queue/inst/fifo_gen_inst/inst_fifo_gen/gconvfifo.rf/grf.rf/rstblk/ngwrdrst.grst.g7serrst.gnsckt_wrst.gcc_rst.sckt_wr_rst_cc_reg[0]/Q
                         net (fo=3, routed)           0.056     1.064    design_1_i/ps8_0_axi_periph/s00_couplers/auto_ds/inst/gen_downsizer.gen_simple_downsizer.axi_downsizer_inst/USE_WRITE.write_addr_inst/USE_B_CHANNEL.cmd_b_queue/inst/fifo_gen_inst/inst_fifo_gen/gconvfifo.rf/grf.rf/rstblk/ngwrdrst.grst.g7serrst.gnsckt_wrst.gcc_rst.sckt_wr_rst_cc[0]
    SLICE_X48Y58         LUT3 (Prop_F6LUT_SLICEL_I1_O)
                                                      0.035     1.099 f  design_1_i/ps8_0_axi_periph/s00_couplers/auto_ds/inst/gen_downsizer.gen_simple_downsizer.axi_downsizer_inst/USE_WRITE.write_addr_inst/USE_B_CHANNEL.cmd_b_queue/inst/fifo_gen_inst/inst_fifo_gen/gconvfifo.rf/grf.rf/rstblk/gpregsm1.curr_fwft_state[1]_i_2/O
                         net (fo=32, routed)          0.099     1.199    design_1_i/ps8_0_axi_periph/s00_couplers/auto_ds/inst/gen_downsizer.gen_simple_downsizer.axi_downsizer_inst/USE_WRITE.write_addr_inst/USE_B_CHANNEL.cmd_b_queue/inst/fifo_gen_inst/inst_fifo_gen/gconvfifo.rf/grf.rf/gntv_or_sync_fifo.gl0.wr/wpntr/AR[0]
    SLICE_X48Y60         FDCE                                         f  design_1_i/ps8_0_axi_periph/s00_couplers/auto_ds/inst/gen_downsizer.gen_simple_downsizer.axi_downsizer_inst/USE_WRITE.write_addr_inst/USE_B_CHANNEL.cmd_b_queue/inst/fifo_gen_inst/inst_fifo_gen/gconvfifo.rf/grf.rf/gntv_or_sync_fifo.gl0.wr/wpntr/gcc0.gc0.count_reg[1]/CLR
  -------------------------------------------------------------------    -------------------

                         (clock clk_pl_0 rise edge)
                                                      0.000     0.000 r  
    PS8_X0Y0             PS8                          0.000     0.000 r  design_1_i/zynq_ultra_ps_e_0/inst/PS8_i/PLCLK[0]
                         net (fo=1, routed)           0.098     0.098    design_1_i/zynq_ultra_ps_e_0/inst/pl_clk_unbuffered[0]
    BUFG_PS_X0Y58        BUFG_PS (Prop_BUFG_PS_I_O)
                                                      0.018     0.116 r  design_1_i/zynq_ultra_ps_e_0/inst/buffer_pl_clk_0.PL_CLK_0_BUFG/O
    X1Y1 (CLOCK_ROOT)    net (fo=10024, routed)       0.981     1.097    design_1_i/ps8_0_axi_periph/s00_couplers/auto_ds/inst/gen_downsizer.gen_simple_downsizer.axi_downsizer_inst/USE_WRITE.write_addr_inst/USE_B_CHANNEL.cmd_b_queue/inst/fifo_gen_inst/inst_fifo_gen/gconvfifo.rf/grf.rf/gntv_or_sync_fifo.gl0.wr/wpntr/clk
    SLICE_X48Y60         FDCE                                         r  design_1_i/ps8_0_axi_periph/s00_couplers/auto_ds/inst/gen_downsizer.gen_simple_downsizer.axi_downsizer_inst/USE_WRITE.write_addr_inst/USE_B_CHANNEL.cmd_b_queue/inst/fifo_gen_inst/inst_fifo_gen/gconvfifo.rf/grf.rf/gntv_or_sync_fifo.gl0.wr/wpntr/gcc0.gc0.count_reg[1]/C
                         clock pessimism             -0.065     1.032    
    SLICE_X48Y60         FDCE (Remov_FFF2_SLICEL_C_CLR)
                                                     -0.020     1.012    design_1_i/ps8_0_axi_periph/s00_couplers/auto_ds/inst/gen_downsizer.gen_simple_downsizer.axi_downsizer_inst/USE_WRITE.write_addr_inst/USE_B_CHANNEL.cmd_b_queue/inst/fifo_gen_inst/inst_fifo_gen/gconvfifo.rf/grf.rf/gntv_or_sync_fifo.gl0.wr/wpntr/gcc0.gc0.count_reg[1]
  -------------------------------------------------------------------
                         required time                         -1.012    
                         arrival time                           1.199    
  -------------------------------------------------------------------
                         slack                                  0.186    

Slack (MET) :             0.189ns  (arrival time - required time)
  Source:                 design_1_i/ps8_0_axi_periph/s01_couplers/auto_ds/inst/gen_downsizer.gen_simple_downsizer.axi_downsizer_inst/USE_WRITE.write_addr_inst/USE_B_CHANNEL.cmd_b_queue/inst/fifo_gen_inst/inst_fifo_gen/gconvfifo.rf/grf.rf/rstblk/ngwrdrst.grst.g7serrst.gnsckt_wrst.rst_wr_reg2_inst/arststages_ff_reg[1]/C
                            (rising edge-triggered cell FDPE clocked by clk_pl_0  {rise@0.000ns fall@5.000ns period=10.000ns})
  Destination:            design_1_i/ps8_0_axi_periph/s01_couplers/auto_ds/inst/gen_downsizer.gen_simple_downsizer.axi_downsizer_inst/USE_WRITE.write_addr_inst/USE_B_CHANNEL.cmd_b_queue/inst/fifo_gen_inst/inst_fifo_gen/gconvfifo.rf/grf.rf/gntv_or_sync_fifo.gl0.rd/gr1.gr1_int.rfwft/empty_fwft_fb_o_i_reg/PRE
                            (removal check against rising-edge clock clk_pl_0  {rise@0.000ns fall@5.000ns period=10.000ns})
  Path Group:             **async_default**
  Path Type:              Removal (Min at Fast Process Corner)
  Requirement:            0.000ns  (clk_pl_0 rise@0.000ns - clk_pl_0 rise@0.000ns)
  Data Path Delay:        0.218ns  (logic 0.054ns (24.766%)  route 0.164ns (75.234%))
  Logic Levels:           1  (LUT3=1)
  Clock Path Skew:        0.049ns (DCD - SCD - CPR)
    Destination Clock Delay (DCD):    1.086ns
    Source Clock Delay      (SCD):    0.945ns
    Clock Pessimism Removal (CPR):    0.093ns
  Clock Net Delay (Source):      0.852ns (routing 0.312ns, distribution 0.540ns)
  Clock Net Delay (Destination): 0.970ns (routing 0.352ns, distribution 0.618ns)

    Location             Delay type                Incr(ns)  Path(ns)    Netlist Resource(s)
  -------------------------------------------------------------------    -------------------
                         (clock clk_pl_0 rise edge)
                                                      0.000     0.000 r  
    PS8_X0Y0             PS8                          0.000     0.000 r  design_1_i/zynq_ultra_ps_e_0/inst/PS8_i/PLCLK[0]
                         net (fo=1, routed)           0.076     0.076    design_1_i/zynq_ultra_ps_e_0/inst/pl_clk_unbuffered[0]
    BUFG_PS_X0Y58        BUFG_PS (Prop_BUFG_PS_I_O)
                                                      0.017     0.093 r  design_1_i/zynq_ultra_ps_e_0/inst/buffer_pl_clk_0.PL_CLK_0_BUFG/O
    X1Y1 (CLOCK_ROOT)    net (fo=10024, routed)       0.852     0.945    design_1_i/ps8_0_axi_periph/s01_couplers/auto_ds/inst/gen_downsizer.gen_simple_downsizer.axi_downsizer_inst/USE_WRITE.write_addr_inst/USE_B_CHANNEL.cmd_b_queue/inst/fifo_gen_inst/inst_fifo_gen/gconvfifo.rf/grf.rf/rstblk/ngwrdrst.grst.g7serrst.gnsckt_wrst.rst_wr_reg2_inst/dest_clk
    SLICE_X47Y82         FDPE                                         r  design_1_i/ps8_0_axi_periph/s01_couplers/auto_ds/inst/gen_downsizer.gen_simple_downsizer.axi_downsizer_inst/USE_WRITE.write_addr_inst/USE_B_CHANNEL.cmd_b_queue/inst/fifo_gen_inst/inst_fifo_gen/gconvfifo.rf/grf.rf/rstblk/ngwrdrst.grst.g7serrst.gnsckt_wrst.rst_wr_reg2_inst/arststages_ff_reg[1]/C
  -------------------------------------------------------------------    -------------------
    SLICE_X47Y82         FDPE (Prop_AFF2_SLICEL_C_Q)
                                                      0.040     0.985 f  design_1_i/ps8_0_axi_periph/s01_couplers/auto_ds/inst/gen_downsizer.gen_simple_downsizer.axi_downsizer_inst/USE_WRITE.write_addr_inst/USE_B_CHANNEL.cmd_b_queue/inst/fifo_gen_inst/inst_fifo_gen/gconvfifo.rf/grf.rf/rstblk/ngwrdrst.grst.g7serrst.gnsckt_wrst.rst_wr_reg2_inst/arststages_ff_reg[1]/Q
                         net (fo=3, routed)           0.075     1.060    design_1_i/ps8_0_axi_periph/s01_couplers/auto_ds/inst/gen_downsizer.gen_simple_downsizer.axi_downsizer_inst/USE_WRITE.write_addr_inst/USE_B_CHANNEL.cmd_b_queue/inst/fifo_gen_inst/inst_fifo_gen/gconvfifo.rf/grf.rf/rstblk/ngwrdrst.rst_wr_reg2
    SLICE_X48Y82         LUT3 (Prop_G6LUT_SLICEL_I2_O)
                                                      0.014     1.074 f  design_1_i/ps8_0_axi_periph/s01_couplers/auto_ds/inst/gen_downsizer.gen_simple_downsizer.axi_downsizer_inst/USE_WRITE.write_addr_inst/USE_B_CHANNEL.cmd_b_queue/inst/fifo_gen_inst/inst_fifo_gen/gconvfifo.rf/grf.rf/rstblk/gpregsm1.curr_fwft_state[1]_i_2/O
                         net (fo=32, routed)          0.089     1.163    design_1_i/ps8_0_axi_periph/s01_couplers/auto_ds/inst/gen_downsizer.gen_simple_downsizer.axi_downsizer_inst/USE_WRITE.write_addr_inst/USE_B_CHANNEL.cmd_b_queue/inst/fifo_gen_inst/inst_fifo_gen/gconvfifo.rf/grf.rf/gntv_or_sync_fifo.gl0.rd/gr1.gr1_int.rfwft/gpregsm1.user_valid_reg_0
    SLICE_X48Y82         FDPE                                         f  design_1_i/ps8_0_axi_periph/s01_couplers/auto_ds/inst/gen_downsizer.gen_simple_downsizer.axi_downsizer_inst/USE_WRITE.write_addr_inst/USE_B_CHANNEL.cmd_b_queue/inst/fifo_gen_inst/inst_fifo_gen/gconvfifo.rf/grf.rf/gntv_or_sync_fifo.gl0.rd/gr1.gr1_int.rfwft/empty_fwft_fb_o_i_reg/PRE
  -------------------------------------------------------------------    -------------------

                         (clock clk_pl_0 rise edge)
                                                      0.000     0.000 r  
    PS8_X0Y0             PS8                          0.000     0.000 r  design_1_i/zynq_ultra_ps_e_0/inst/PS8_i/PLCLK[0]
                         net (fo=1, routed)           0.098     0.098    design_1_i/zynq_ultra_ps_e_0/inst/pl_clk_unbuffered[0]
    BUFG_PS_X0Y58        BUFG_PS (Prop_BUFG_PS_I_O)
                                                      0.018     0.116 r  design_1_i/zynq_ultra_ps_e_0/inst/buffer_pl_clk_0.PL_CLK_0_BUFG/O
    X1Y1 (CLOCK_ROOT)    net (fo=10024, routed)       0.970     1.086    design_1_i/ps8_0_axi_periph/s01_couplers/auto_ds/inst/gen_downsizer.gen_simple_downsizer.axi_downsizer_inst/USE_WRITE.write_addr_inst/USE_B_CHANNEL.cmd_b_queue/inst/fifo_gen_inst/inst_fifo_gen/gconvfifo.rf/grf.rf/gntv_or_sync_fifo.gl0.rd/gr1.gr1_int.rfwft/clk
    SLICE_X48Y82         FDPE                                         r  design_1_i/ps8_0_axi_periph/s01_couplers/auto_ds/inst/gen_downsizer.gen_simple_downsizer.axi_downsizer_inst/USE_WRITE.write_addr_inst/USE_B_CHANNEL.cmd_b_queue/inst/fifo_gen_inst/inst_fifo_gen/gconvfifo.rf/grf.rf/gntv_or_sync_fifo.gl0.rd/gr1.gr1_int.rfwft/empty_fwft_fb_o_i_reg/C
                         clock pessimism             -0.093     0.993    
    SLICE_X48Y82         FDPE (Remov_CFF2_SLICEL_C_PRE)
                                                     -0.020     0.973    design_1_i/ps8_0_axi_periph/s01_couplers/auto_ds/inst/gen_downsizer.gen_simple_downsizer.axi_downsizer_inst/USE_WRITE.write_addr_inst/USE_B_CHANNEL.cmd_b_queue/inst/fifo_gen_inst/inst_fifo_gen/gconvfifo.rf/grf.rf/gntv_or_sync_fifo.gl0.rd/gr1.gr1_int.rfwft/empty_fwft_fb_o_i_reg
  -------------------------------------------------------------------
                         required time                         -0.973    
                         arrival time                           1.163    
  -------------------------------------------------------------------
                         slack                                  0.189    

Slack (MET) :             0.190ns  (arrival time - required time)
  Source:                 design_1_i/ps8_0_axi_periph/s00_couplers/auto_ds/inst/gen_downsizer.gen_simple_downsizer.axi_downsizer_inst/USE_WRITE.write_addr_inst/USE_B_CHANNEL.cmd_b_queue/inst/fifo_gen_inst/inst_fifo_gen/gconvfifo.rf/grf.rf/rstblk/ngwrdrst.grst.g7serrst.gnsckt_wrst.gcc_rst.sckt_wr_rst_cc_reg[0]/C
                            (rising edge-triggered cell FDRE clocked by clk_pl_0  {rise@0.000ns fall@5.000ns period=10.000ns})
  Destination:            design_1_i/ps8_0_axi_periph/s00_couplers/auto_ds/inst/gen_downsizer.gen_simple_downsizer.axi_downsizer_inst/USE_WRITE.write_addr_inst/USE_B_CHANNEL.cmd_b_queue/inst/fifo_gen_inst/inst_fifo_gen/gconvfifo.rf/grf.rf/gntv_or_sync_fifo.gl0.wr/wpntr/gcc0.gc0.count_reg[0]/PRE
                            (removal check against rising-edge clock clk_pl_0  {rise@0.000ns fall@5.000ns period=10.000ns})
  Path Group:             **async_default**
  Path Type:              Removal (Min at Fast Process Corner)
  Requirement:            0.000ns  (clk_pl_0 rise@0.000ns - clk_pl_0 rise@0.000ns)
  Data Path Delay:        0.229ns  (logic 0.074ns (32.312%)  route 0.155ns (67.688%))
  Logic Levels:           1  (LUT3=1)
  Clock Path Skew:        0.059ns (DCD - SCD - CPR)
    Destination Clock Delay (DCD):    1.093ns
    Source Clock Delay      (SCD):    0.970ns
    Clock Pessimism Removal (CPR):    0.065ns
  Clock Net Delay (Source):      0.877ns (routing 0.312ns, distribution 0.565ns)
  Clock Net Delay (Destination): 0.977ns (routing 0.352ns, distribution 0.625ns)

    Location             Delay type                Incr(ns)  Path(ns)    Netlist Resource(s)
  -------------------------------------------------------------------    -------------------
                         (clock clk_pl_0 rise edge)
                                                      0.000     0.000 r  
    PS8_X0Y0             PS8                          0.000     0.000 r  design_1_i/zynq_ultra_ps_e_0/inst/PS8_i/PLCLK[0]
                         net (fo=1, routed)           0.076     0.076    design_1_i/zynq_ultra_ps_e_0/inst/pl_clk_unbuffered[0]
    BUFG_PS_X0Y58        BUFG_PS (Prop_BUFG_PS_I_O)
                                                      0.017     0.093 r  design_1_i/zynq_ultra_ps_e_0/inst/buffer_pl_clk_0.PL_CLK_0_BUFG/O
    X1Y1 (CLOCK_ROOT)    net (fo=10024, routed)       0.877     0.970    design_1_i/ps8_0_axi_periph/s00_couplers/auto_ds/inst/gen_downsizer.gen_simple_downsizer.axi_downsizer_inst/USE_WRITE.write_addr_inst/USE_B_CHANNEL.cmd_b_queue/inst/fifo_gen_inst/inst_fifo_gen/gconvfifo.rf/grf.rf/rstblk/clk
    SLICE_X48Y59         FDRE                                         r  design_1_i/ps8_0_axi_periph/s00_couplers/auto_ds/inst/gen_downsizer.gen_simple_downsizer.axi_downsizer_inst/USE_WRITE.write_addr_inst/USE_B_CHANNEL.cmd_b_queue/inst/fifo_gen_inst/inst_fifo_gen/gconvfifo.rf/grf.rf/rstblk/ngwrdrst.grst.g7serrst.gnsckt_wrst.gcc_rst.sckt_wr_rst_cc_reg[0]/C
  -------------------------------------------------------------------    -------------------
    SLICE_X48Y59         FDRE (Prop_EFF_SLICEL_C_Q)
                                                      0.039     1.009 f  design_1_i/ps8_0_axi_periph/s00_couplers/auto_ds/inst/gen_downsizer.gen_simple_downsizer.axi_downsizer_inst/USE_WRITE.write_addr_inst/USE_B_CHANNEL.cmd_b_queue/inst/fifo_gen_inst/inst_fifo_gen/gconvfifo.rf/grf.rf/rstblk/ngwrdrst.grst.g7serrst.gnsckt_wrst.gcc_rst.sckt_wr_rst_cc_reg[0]/Q
                         net (fo=3, routed)           0.056     1.064    design_1_i/ps8_0_axi_periph/s00_couplers/auto_ds/inst/gen_downsizer.gen_simple_downsizer.axi_downsizer_inst/USE_WRITE.write_addr_inst/USE_B_CHANNEL.cmd_b_queue/inst/fifo_gen_inst/inst_fifo_gen/gconvfifo.rf/grf.rf/rstblk/ngwrdrst.grst.g7serrst.gnsckt_wrst.gcc_rst.sckt_wr_rst_cc[0]
    SLICE_X48Y58         LUT3 (Prop_F6LUT_SLICEL_I1_O)
                                                      0.035     1.099 f  design_1_i/ps8_0_axi_periph/s00_couplers/auto_ds/inst/gen_downsizer.gen_simple_downsizer.axi_downsizer_inst/USE_WRITE.write_addr_inst/USE_B_CHANNEL.cmd_b_queue/inst/fifo_gen_inst/inst_fifo_gen/gconvfifo.rf/grf.rf/rstblk/gpregsm1.curr_fwft_state[1]_i_2/O
                         net (fo=32, routed)          0.099     1.199    design_1_i/ps8_0_axi_periph/s00_couplers/auto_ds/inst/gen_downsizer.gen_simple_downsizer.axi_downsizer_inst/USE_WRITE.write_addr_inst/USE_B_CHANNEL.cmd_b_queue/inst/fifo_gen_inst/inst_fifo_gen/gconvfifo.rf/grf.rf/gntv_or_sync_fifo.gl0.wr/wpntr/AR[0]
    SLICE_X48Y60         FDPE                                         f  design_1_i/ps8_0_axi_periph/s00_couplers/auto_ds/inst/gen_downsizer.gen_simple_downsizer.axi_downsizer_inst/USE_WRITE.write_addr_inst/USE_B_CHANNEL.cmd_b_queue/inst/fifo_gen_inst/inst_fifo_gen/gconvfifo.rf/grf.rf/gntv_or_sync_fifo.gl0.wr/wpntr/gcc0.gc0.count_reg[0]/PRE
  -------------------------------------------------------------------    -------------------

                         (clock clk_pl_0 rise edge)
                                                      0.000     0.000 r  
    PS8_X0Y0             PS8                          0.000     0.000 r  design_1_i/zynq_ultra_ps_e_0/inst/PS8_i/PLCLK[0]
                         net (fo=1, routed)           0.098     0.098    design_1_i/zynq_ultra_ps_e_0/inst/pl_clk_unbuffered[0]
    BUFG_PS_X0Y58        BUFG_PS (Prop_BUFG_PS_I_O)
                                                      0.018     0.116 r  design_1_i/zynq_ultra_ps_e_0/inst/buffer_pl_clk_0.PL_CLK_0_BUFG/O
    X1Y1 (CLOCK_ROOT)    net (fo=10024, routed)       0.977     1.093    design_1_i/ps8_0_axi_periph/s00_couplers/auto_ds/inst/gen_downsizer.gen_simple_downsizer.axi_downsizer_inst/USE_WRITE.write_addr_inst/USE_B_CHANNEL.cmd_b_queue/inst/fifo_gen_inst/inst_fifo_gen/gconvfifo.rf/grf.rf/gntv_or_sync_fifo.gl0.wr/wpntr/clk
    SLICE_X48Y60         FDPE                                         r  design_1_i/ps8_0_axi_periph/s00_couplers/auto_ds/inst/gen_downsizer.gen_simple_downsizer.axi_downsizer_inst/USE_WRITE.write_addr_inst/USE_B_CHANNEL.cmd_b_queue/inst/fifo_gen_inst/inst_fifo_gen/gconvfifo.rf/grf.rf/gntv_or_sync_fifo.gl0.wr/wpntr/gcc0.gc0.count_reg[0]/C
                         clock pessimism             -0.065     1.028    
    SLICE_X48Y60         FDPE (Remov_BFF2_SLICEL_C_PRE)
                                                     -0.020     1.008    design_1_i/ps8_0_axi_periph/s00_couplers/auto_ds/inst/gen_downsizer.gen_simple_downsizer.axi_downsizer_inst/USE_WRITE.write_addr_inst/USE_B_CHANNEL.cmd_b_queue/inst/fifo_gen_inst/inst_fifo_gen/gconvfifo.rf/grf.rf/gntv_or_sync_fifo.gl0.wr/wpntr/gcc0.gc0.count_reg[0]
  -------------------------------------------------------------------
                         required time                         -1.008    
                         arrival time                           1.199    
  -------------------------------------------------------------------
                         slack                                  0.190    

Slack (MET) :             0.190ns  (arrival time - required time)
  Source:                 design_1_i/ps8_0_axi_periph/s00_couplers/auto_ds/inst/gen_downsizer.gen_simple_downsizer.axi_downsizer_inst/USE_WRITE.write_addr_inst/USE_B_CHANNEL.cmd_b_queue/inst/fifo_gen_inst/inst_fifo_gen/gconvfifo.rf/grf.rf/rstblk/ngwrdrst.grst.g7serrst.gnsckt_wrst.gcc_rst.sckt_wr_rst_cc_reg[0]/C
                            (rising edge-triggered cell FDRE clocked by clk_pl_0  {rise@0.000ns fall@5.000ns period=10.000ns})
  Destination:            design_1_i/ps8_0_axi_periph/s00_couplers/auto_ds/inst/gen_downsizer.gen_simple_downsizer.axi_downsizer_inst/USE_WRITE.write_addr_inst/USE_B_CHANNEL.cmd_b_queue/inst/fifo_gen_inst/inst_fifo_gen/gconvfifo.rf/grf.rf/gntv_or_sync_fifo.gl0.wr/wpntr/gcc0.gc0.count_reg[2]/CLR
                            (removal check against rising-edge clock clk_pl_0  {rise@0.000ns fall@5.000ns period=10.000ns})
  Path Group:             **async_default**
  Path Type:              Removal (Min at Fast Process Corner)
  Requirement:            0.000ns  (clk_pl_0 rise@0.000ns - clk_pl_0 rise@0.000ns)
  Data Path Delay:        0.229ns  (logic 0.074ns (32.312%)  route 0.155ns (67.688%))
  Logic Levels:           1  (LUT3=1)
  Clock Path Skew:        0.059ns (DCD - SCD - CPR)
    Destination Clock Delay (DCD):    1.093ns
    Source Clock Delay      (SCD):    0.970ns
    Clock Pessimism Removal (CPR):    0.065ns
  Clock Net Delay (Source):      0.877ns (routing 0.312ns, distribution 0.565ns)
  Clock Net Delay (Destination): 0.977ns (routing 0.352ns, distribution 0.625ns)

    Location             Delay type                Incr(ns)  Path(ns)    Netlist Resource(s)
  -------------------------------------------------------------------    -------------------
                         (clock clk_pl_0 rise edge)
                                                      0.000     0.000 r  
    PS8_X0Y0             PS8                          0.000     0.000 r  design_1_i/zynq_ultra_ps_e_0/inst/PS8_i/PLCLK[0]
                         net (fo=1, routed)           0.076     0.076    design_1_i/zynq_ultra_ps_e_0/inst/pl_clk_unbuffered[0]
    BUFG_PS_X0Y58        BUFG_PS (Prop_BUFG_PS_I_O)
                                                      0.017     0.093 r  design_1_i/zynq_ultra_ps_e_0/inst/buffer_pl_clk_0.PL_CLK_0_BUFG/O
    X1Y1 (CLOCK_ROOT)    net (fo=10024, routed)       0.877     0.970    design_1_i/ps8_0_axi_periph/s00_couplers/auto_ds/inst/gen_downsizer.gen_simple_downsizer.axi_downsizer_inst/USE_WRITE.write_addr_inst/USE_B_CHANNEL.cmd_b_queue/inst/fifo_gen_inst/inst_fifo_gen/gconvfifo.rf/grf.rf/rstblk/clk
    SLICE_X48Y59         FDRE                                         r  design_1_i/ps8_0_axi_periph/s00_couplers/auto_ds/inst/gen_downsizer.gen_simple_downsizer.axi_downsizer_inst/USE_WRITE.write_addr_inst/USE_B_CHANNEL.cmd_b_queue/inst/fifo_gen_inst/inst_fifo_gen/gconvfifo.rf/grf.rf/rstblk/ngwrdrst.grst.g7serrst.gnsckt_wrst.gcc_rst.sckt_wr_rst_cc_reg[0]/C
  -------------------------------------------------------------------    -------------------
    SLICE_X48Y59         FDRE (Prop_EFF_SLICEL_C_Q)
                                                      0.039     1.009 f  design_1_i/ps8_0_axi_periph/s00_couplers/auto_ds/inst/gen_downsizer.gen_simple_downsizer.axi_downsizer_inst/USE_WRITE.write_addr_inst/USE_B_CHANNEL.cmd_b_queue/inst/fifo_gen_inst/inst_fifo_gen/gconvfifo.rf/grf.rf/rstblk/ngwrdrst.grst.g7serrst.gnsckt_wrst.gcc_rst.sckt_wr_rst_cc_reg[0]/Q
                         net (fo=3, routed)           0.056     1.064    design_1_i/ps8_0_axi_periph/s00_couplers/auto_ds/inst/gen_downsizer.gen_simple_downsizer.axi_downsizer_inst/USE_WRITE.write_addr_inst/USE_B_CHANNEL.cmd_b_queue/inst/fifo_gen_inst/inst_fifo_gen/gconvfifo.rf/grf.rf/rstblk/ngwrdrst.grst.g7serrst.gnsckt_wrst.gcc_rst.sckt_wr_rst_cc[0]
    SLICE_X48Y58         LUT3 (Prop_F6LUT_SLICEL_I1_O)
                                                      0.035     1.099 f  design_1_i/ps8_0_axi_periph/s00_couplers/auto_ds/inst/gen_downsizer.gen_simple_downsizer.axi_downsizer_inst/USE_WRITE.write_addr_inst/USE_B_CHANNEL.cmd_b_queue/inst/fifo_gen_inst/inst_fifo_gen/gconvfifo.rf/grf.rf/rstblk/gpregsm1.curr_fwft_state[1]_i_2/O
                         net (fo=32, routed)          0.099     1.199    design_1_i/ps8_0_axi_periph/s00_couplers/auto_ds/inst/gen_downsizer.gen_simple_downsizer.axi_downsizer_inst/USE_WRITE.write_addr_inst/USE_B_CHANNEL.cmd_b_queue/inst/fifo_gen_inst/inst_fifo_gen/gconvfifo.rf/grf.rf/gntv_or_sync_fifo.gl0.wr/wpntr/AR[0]
    SLICE_X48Y60         FDCE                                         f  design_1_i/ps8_0_axi_periph/s00_couplers/auto_ds/inst/gen_downsizer.gen_simple_downsizer.axi_downsizer_inst/USE_WRITE.write_addr_inst/USE_B_CHANNEL.cmd_b_queue/inst/fifo_gen_inst/inst_fifo_gen/gconvfifo.rf/grf.rf/gntv_or_sync_fifo.gl0.wr/wpntr/gcc0.gc0.count_reg[2]/CLR
  -------------------------------------------------------------------    -------------------

                         (clock clk_pl_0 rise edge)
                                                      0.000     0.000 r  
    PS8_X0Y0             PS8                          0.000     0.000 r  design_1_i/zynq_ultra_ps_e_0/inst/PS8_i/PLCLK[0]
                         net (fo=1, routed)           0.098     0.098    design_1_i/zynq_ultra_ps_e_0/inst/pl_clk_unbuffered[0]
    BUFG_PS_X0Y58        BUFG_PS (Prop_BUFG_PS_I_O)
                                                      0.018     0.116 r  design_1_i/zynq_ultra_ps_e_0/inst/buffer_pl_clk_0.PL_CLK_0_BUFG/O
    X1Y1 (CLOCK_ROOT)    net (fo=10024, routed)       0.977     1.093    design_1_i/ps8_0_axi_periph/s00_couplers/auto_ds/inst/gen_downsizer.gen_simple_downsizer.axi_downsizer_inst/USE_WRITE.write_addr_inst/USE_B_CHANNEL.cmd_b_queue/inst/fifo_gen_inst/inst_fifo_gen/gconvfifo.rf/grf.rf/gntv_or_sync_fifo.gl0.wr/wpntr/clk
    SLICE_X48Y60         FDCE                                         r  design_1_i/ps8_0_axi_periph/s00_couplers/auto_ds/inst/gen_downsizer.gen_simple_downsizer.axi_downsizer_inst/USE_WRITE.write_addr_inst/USE_B_CHANNEL.cmd_b_queue/inst/fifo_gen_inst/inst_fifo_gen/gconvfifo.rf/grf.rf/gntv_or_sync_fifo.gl0.wr/wpntr/gcc0.gc0.count_reg[2]/C
                         clock pessimism             -0.065     1.028    
    SLICE_X48Y60         FDCE (Remov_AFF2_SLICEL_C_CLR)
                                                     -0.020     1.008    design_1_i/ps8_0_axi_periph/s00_couplers/auto_ds/inst/gen_downsizer.gen_simple_downsizer.axi_downsizer_inst/USE_WRITE.write_addr_inst/USE_B_CHANNEL.cmd_b_queue/inst/fifo_gen_inst/inst_fifo_gen/gconvfifo.rf/grf.rf/gntv_or_sync_fifo.gl0.wr/wpntr/gcc0.gc0.count_reg[2]
  -------------------------------------------------------------------
                         required time                         -1.008    
                         arrival time                           1.199    
  -------------------------------------------------------------------
                         slack                                  0.190    

Slack (MET) :             0.190ns  (arrival time - required time)
  Source:                 design_1_i/ps8_0_axi_periph/s00_couplers/auto_ds/inst/gen_downsizer.gen_simple_downsizer.axi_downsizer_inst/USE_WRITE.write_addr_inst/USE_B_CHANNEL.cmd_b_queue/inst/fifo_gen_inst/inst_fifo_gen/gconvfifo.rf/grf.rf/rstblk/ngwrdrst.grst.g7serrst.gnsckt_wrst.gcc_rst.sckt_wr_rst_cc_reg[0]/C
                            (rising edge-triggered cell FDRE clocked by clk_pl_0  {rise@0.000ns fall@5.000ns period=10.000ns})
  Destination:            design_1_i/ps8_0_axi_periph/s00_couplers/auto_ds/inst/gen_downsizer.gen_simple_downsizer.axi_downsizer_inst/USE_WRITE.write_addr_inst/USE_B_CHANNEL.cmd_b_queue/inst/fifo_gen_inst/inst_fifo_gen/gconvfifo.rf/grf.rf/gntv_or_sync_fifo.gl0.wr/wpntr/gcc0.gc0.count_reg[3]/CLR
                            (removal check against rising-edge clock clk_pl_0  {rise@0.000ns fall@5.000ns period=10.000ns})
  Path Group:             **async_default**
  Path Type:              Removal (Min at Fast Process Corner)
  Requirement:            0.000ns  (clk_pl_0 rise@0.000ns - clk_pl_0 rise@0.000ns)
  Data Path Delay:        0.229ns  (logic 0.074ns (32.312%)  route 0.155ns (67.688%))
  Logic Levels:           1  (LUT3=1)
  Clock Path Skew:        0.059ns (DCD - SCD - CPR)
    Destination Clock Delay (DCD):    1.093ns
    Source Clock Delay      (SCD):    0.970ns
    Clock Pessimism Removal (CPR):    0.065ns
  Clock Net Delay (Source):      0.877ns (routing 0.312ns, distribution 0.565ns)
  Clock Net Delay (Destination): 0.977ns (routing 0.352ns, distribution 0.625ns)

    Location             Delay type                Incr(ns)  Path(ns)    Netlist Resource(s)
  -------------------------------------------------------------------    -------------------
                         (clock clk_pl_0 rise edge)
                                                      0.000     0.000 r  
    PS8_X0Y0             PS8                          0.000     0.000 r  design_1_i/zynq_ultra_ps_e_0/inst/PS8_i/PLCLK[0]
                         net (fo=1, routed)           0.076     0.076    design_1_i/zynq_ultra_ps_e_0/inst/pl_clk_unbuffered[0]
    BUFG_PS_X0Y58        BUFG_PS (Prop_BUFG_PS_I_O)
                                                      0.017     0.093 r  design_1_i/zynq_ultra_ps_e_0/inst/buffer_pl_clk_0.PL_CLK_0_BUFG/O
    X1Y1 (CLOCK_ROOT)    net (fo=10024, routed)       0.877     0.970    design_1_i/ps8_0_axi_periph/s00_couplers/auto_ds/inst/gen_downsizer.gen_simple_downsizer.axi_downsizer_inst/USE_WRITE.write_addr_inst/USE_B_CHANNEL.cmd_b_queue/inst/fifo_gen_inst/inst_fifo_gen/gconvfifo.rf/grf.rf/rstblk/clk
    SLICE_X48Y59         FDRE                                         r  design_1_i/ps8_0_axi_periph/s00_couplers/auto_ds/inst/gen_downsizer.gen_simple_downsizer.axi_downsizer_inst/USE_WRITE.write_addr_inst/USE_B_CHANNEL.cmd_b_queue/inst/fifo_gen_inst/inst_fifo_gen/gconvfifo.rf/grf.rf/rstblk/ngwrdrst.grst.g7serrst.gnsckt_wrst.gcc_rst.sckt_wr_rst_cc_reg[0]/C
  -------------------------------------------------------------------    -------------------
    SLICE_X48Y59         FDRE (Prop_EFF_SLICEL_C_Q)
                                                      0.039     1.009 f  design_1_i/ps8_0_axi_periph/s00_couplers/auto_ds/inst/gen_downsizer.gen_simple_downsizer.axi_downsizer_inst/USE_WRITE.write_addr_inst/USE_B_CHANNEL.cmd_b_queue/inst/fifo_gen_inst/inst_fifo_gen/gconvfifo.rf/grf.rf/rstblk/ngwrdrst.grst.g7serrst.gnsckt_wrst.gcc_rst.sckt_wr_rst_cc_reg[0]/Q
                         net (fo=3, routed)           0.056     1.064    design_1_i/ps8_0_axi_periph/s00_couplers/auto_ds/inst/gen_downsizer.gen_simple_downsizer.axi_downsizer_inst/USE_WRITE.write_addr_inst/USE_B_CHANNEL.cmd_b_queue/inst/fifo_gen_inst/inst_fifo_gen/gconvfifo.rf/grf.rf/rstblk/ngwrdrst.grst.g7serrst.gnsckt_wrst.gcc_rst.sckt_wr_rst_cc[0]
    SLICE_X48Y58         LUT3 (Prop_F6LUT_SLICEL_I1_O)
                                                      0.035     1.099 f  design_1_i/ps8_0_axi_periph/s00_couplers/auto_ds/inst/gen_downsizer.gen_simple_downsizer.axi_downsizer_inst/USE_WRITE.write_addr_inst/USE_B_CHANNEL.cmd_b_queue/inst/fifo_gen_inst/inst_fifo_gen/gconvfifo.rf/grf.rf/rstblk/gpregsm1.curr_fwft_state[1]_i_2/O
                         net (fo=32, routed)          0.099     1.199    design_1_i/ps8_0_axi_periph/s00_couplers/auto_ds/inst/gen_downsizer.gen_simple_downsizer.axi_downsizer_inst/USE_WRITE.write_addr_inst/USE_B_CHANNEL.cmd_b_queue/inst/fifo_gen_inst/inst_fifo_gen/gconvfifo.rf/grf.rf/gntv_or_sync_fifo.gl0.wr/wpntr/AR[0]
    SLICE_X48Y60         FDCE                                         f  design_1_i/ps8_0_axi_periph/s00_couplers/auto_ds/inst/gen_downsizer.gen_simple_downsizer.axi_downsizer_inst/USE_WRITE.write_addr_inst/USE_B_CHANNEL.cmd_b_queue/inst/fifo_gen_inst/inst_fifo_gen/gconvfifo.rf/grf.rf/gntv_or_sync_fifo.gl0.wr/wpntr/gcc0.gc0.count_reg[3]/CLR
  -------------------------------------------------------------------    -------------------

                         (clock clk_pl_0 rise edge)
                                                      0.000     0.000 r  
    PS8_X0Y0             PS8                          0.000     0.000 r  design_1_i/zynq_ultra_ps_e_0/inst/PS8_i/PLCLK[0]
                         net (fo=1, routed)           0.098     0.098    design_1_i/zynq_ultra_ps_e_0/inst/pl_clk_unbuffered[0]
    BUFG_PS_X0Y58        BUFG_PS (Prop_BUFG_PS_I_O)
                                                      0.018     0.116 r  design_1_i/zynq_ultra_ps_e_0/inst/buffer_pl_clk_0.PL_CLK_0_BUFG/O
    X1Y1 (CLOCK_ROOT)    net (fo=10024, routed)       0.977     1.093    design_1_i/ps8_0_axi_periph/s00_couplers/auto_ds/inst/gen_downsizer.gen_simple_downsizer.axi_downsizer_inst/USE_WRITE.write_addr_inst/USE_B_CHANNEL.cmd_b_queue/inst/fifo_gen_inst/inst_fifo_gen/gconvfifo.rf/grf.rf/gntv_or_sync_fifo.gl0.wr/wpntr/clk
    SLICE_X48Y60         FDCE                                         r  design_1_i/ps8_0_axi_periph/s00_couplers/auto_ds/inst/gen_downsizer.gen_simple_downsizer.axi_downsizer_inst/USE_WRITE.write_addr_inst/USE_B_CHANNEL.cmd_b_queue/inst/fifo_gen_inst/inst_fifo_gen/gconvfifo.rf/grf.rf/gntv_or_sync_fifo.gl0.wr/wpntr/gcc0.gc0.count_reg[3]/C
                         clock pessimism             -0.065     1.028    
    SLICE_X48Y60         FDCE (Remov_CFF_SLICEL_C_CLR)
                                                     -0.020     1.008    design_1_i/ps8_0_axi_periph/s00_couplers/auto_ds/inst/gen_downsizer.gen_simple_downsizer.axi_downsizer_inst/USE_WRITE.write_addr_inst/USE_B_CHANNEL.cmd_b_queue/inst/fifo_gen_inst/inst_fifo_gen/gconvfifo.rf/grf.rf/gntv_or_sync_fifo.gl0.wr/wpntr/gcc0.gc0.count_reg[3]
  -------------------------------------------------------------------
                         required time                         -1.008    
                         arrival time                           1.199    
  -------------------------------------------------------------------
                         slack                                  0.190    

Slack (MET) :             0.190ns  (arrival time - required time)
  Source:                 design_1_i/ps8_0_axi_periph/s00_couplers/auto_ds/inst/gen_downsizer.gen_simple_downsizer.axi_downsizer_inst/USE_WRITE.write_addr_inst/USE_B_CHANNEL.cmd_b_queue/inst/fifo_gen_inst/inst_fifo_gen/gconvfifo.rf/grf.rf/rstblk/ngwrdrst.grst.g7serrst.gnsckt_wrst.gcc_rst.sckt_wr_rst_cc_reg[0]/C
                            (rising edge-triggered cell FDRE clocked by clk_pl_0  {rise@0.000ns fall@5.000ns period=10.000ns})
  Destination:            design_1_i/ps8_0_axi_periph/s00_couplers/auto_ds/inst/gen_downsizer.gen_simple_downsizer.axi_downsizer_inst/USE_WRITE.write_addr_inst/USE_B_CHANNEL.cmd_b_queue/inst/fifo_gen_inst/inst_fifo_gen/gconvfifo.rf/grf.rf/gntv_or_sync_fifo.gl0.wr/wpntr/gcc0.gc0.count_reg[4]/CLR
                            (removal check against rising-edge clock clk_pl_0  {rise@0.000ns fall@5.000ns period=10.000ns})
  Path Group:             **async_default**
  Path Type:              Removal (Min at Fast Process Corner)
  Requirement:            0.000ns  (clk_pl_0 rise@0.000ns - clk_pl_0 rise@0.000ns)
  Data Path Delay:        0.229ns  (logic 0.074ns (32.312%)  route 0.155ns (67.688%))
  Logic Levels:           1  (LUT3=1)
  Clock Path Skew:        0.059ns (DCD - SCD - CPR)
    Destination Clock Delay (DCD):    1.093ns
    Source Clock Delay      (SCD):    0.970ns
    Clock Pessimism Removal (CPR):    0.065ns
  Clock Net Delay (Source):      0.877ns (routing 0.312ns, distribution 0.565ns)
  Clock Net Delay (Destination): 0.977ns (routing 0.352ns, distribution 0.625ns)

    Location             Delay type                Incr(ns)  Path(ns)    Netlist Resource(s)
  -------------------------------------------------------------------    -------------------
                         (clock clk_pl_0 rise edge)
                                                      0.000     0.000 r  
    PS8_X0Y0             PS8                          0.000     0.000 r  design_1_i/zynq_ultra_ps_e_0/inst/PS8_i/PLCLK[0]
                         net (fo=1, routed)           0.076     0.076    design_1_i/zynq_ultra_ps_e_0/inst/pl_clk_unbuffered[0]
    BUFG_PS_X0Y58        BUFG_PS (Prop_BUFG_PS_I_O)
                                                      0.017     0.093 r  design_1_i/zynq_ultra_ps_e_0/inst/buffer_pl_clk_0.PL_CLK_0_BUFG/O
    X1Y1 (CLOCK_ROOT)    net (fo=10024, routed)       0.877     0.970    design_1_i/ps8_0_axi_periph/s00_couplers/auto_ds/inst/gen_downsizer.gen_simple_downsizer.axi_downsizer_inst/USE_WRITE.write_addr_inst/USE_B_CHANNEL.cmd_b_queue/inst/fifo_gen_inst/inst_fifo_gen/gconvfifo.rf/grf.rf/rstblk/clk
    SLICE_X48Y59         FDRE                                         r  design_1_i/ps8_0_axi_periph/s00_couplers/auto_ds/inst/gen_downsizer.gen_simple_downsizer.axi_downsizer_inst/USE_WRITE.write_addr_inst/USE_B_CHANNEL.cmd_b_queue/inst/fifo_gen_inst/inst_fifo_gen/gconvfifo.rf/grf.rf/rstblk/ngwrdrst.grst.g7serrst.gnsckt_wrst.gcc_rst.sckt_wr_rst_cc_reg[0]/C
  -------------------------------------------------------------------    -------------------
    SLICE_X48Y59         FDRE (Prop_EFF_SLICEL_C_Q)
                                                      0.039     1.009 f  design_1_i/ps8_0_axi_periph/s00_couplers/auto_ds/inst/gen_downsizer.gen_simple_downsizer.axi_downsizer_inst/USE_WRITE.write_addr_inst/USE_B_CHANNEL.cmd_b_queue/inst/fifo_gen_inst/inst_fifo_gen/gconvfifo.rf/grf.rf/rstblk/ngwrdrst.grst.g7serrst.gnsckt_wrst.gcc_rst.sckt_wr_rst_cc_reg[0]/Q
                         net (fo=3, routed)           0.056     1.064    design_1_i/ps8_0_axi_periph/s00_couplers/auto_ds/inst/gen_downsizer.gen_simple_downsizer.axi_downsizer_inst/USE_WRITE.write_addr_inst/USE_B_CHANNEL.cmd_b_queue/inst/fifo_gen_inst/inst_fifo_gen/gconvfifo.rf/grf.rf/rstblk/ngwrdrst.grst.g7serrst.gnsckt_wrst.gcc_rst.sckt_wr_rst_cc[0]
    SLICE_X48Y58         LUT3 (Prop_F6LUT_SLICEL_I1_O)
                                                      0.035     1.099 f  design_1_i/ps8_0_axi_periph/s00_couplers/auto_ds/inst/gen_downsizer.gen_simple_downsizer.axi_downsizer_inst/USE_WRITE.write_addr_inst/USE_B_CHANNEL.cmd_b_queue/inst/fifo_gen_inst/inst_fifo_gen/gconvfifo.rf/grf.rf/rstblk/gpregsm1.curr_fwft_state[1]_i_2/O
                         net (fo=32, routed)          0.099     1.199    design_1_i/ps8_0_axi_periph/s00_couplers/auto_ds/inst/gen_downsizer.gen_simple_downsizer.axi_downsizer_inst/USE_WRITE.write_addr_inst/USE_B_CHANNEL.cmd_b_queue/inst/fifo_gen_inst/inst_fifo_gen/gconvfifo.rf/grf.rf/gntv_or_sync_fifo.gl0.wr/wpntr/AR[0]
    SLICE_X48Y60         FDCE                                         f  design_1_i/ps8_0_axi_periph/s00_couplers/auto_ds/inst/gen_downsizer.gen_simple_downsizer.axi_downsizer_inst/USE_WRITE.write_addr_inst/USE_B_CHANNEL.cmd_b_queue/inst/fifo_gen_inst/inst_fifo_gen/gconvfifo.rf/grf.rf/gntv_or_sync_fifo.gl0.wr/wpntr/gcc0.gc0.count_reg[4]/CLR
  -------------------------------------------------------------------    -------------------

                         (clock clk_pl_0 rise edge)
                                                      0.000     0.000 r  
    PS8_X0Y0             PS8                          0.000     0.000 r  design_1_i/zynq_ultra_ps_e_0/inst/PS8_i/PLCLK[0]
                         net (fo=1, routed)           0.098     0.098    design_1_i/zynq_ultra_ps_e_0/inst/pl_clk_unbuffered[0]
    BUFG_PS_X0Y58        BUFG_PS (Prop_BUFG_PS_I_O)
                                                      0.018     0.116 r  design_1_i/zynq_ultra_ps_e_0/inst/buffer_pl_clk_0.PL_CLK_0_BUFG/O
    X1Y1 (CLOCK_ROOT)    net (fo=10024, routed)       0.977     1.093    design_1_i/ps8_0_axi_periph/s00_couplers/auto_ds/inst/gen_downsizer.gen_simple_downsizer.axi_downsizer_inst/USE_WRITE.write_addr_inst/USE_B_CHANNEL.cmd_b_queue/inst/fifo_gen_inst/inst_fifo_gen/gconvfifo.rf/grf.rf/gntv_or_sync_fifo.gl0.wr/wpntr/clk
    SLICE_X48Y60         FDCE                                         r  design_1_i/ps8_0_axi_periph/s00_couplers/auto_ds/inst/gen_downsizer.gen_simple_downsizer.axi_downsizer_inst/USE_WRITE.write_addr_inst/USE_B_CHANNEL.cmd_b_queue/inst/fifo_gen_inst/inst_fifo_gen/gconvfifo.rf/grf.rf/gntv_or_sync_fifo.gl0.wr/wpntr/gcc0.gc0.count_reg[4]/C
                         clock pessimism             -0.065     1.028    
    SLICE_X48Y60         FDCE (Remov_CFF2_SLICEL_C_CLR)
                                                     -0.020     1.008    design_1_i/ps8_0_axi_periph/s00_couplers/auto_ds/inst/gen_downsizer.gen_simple_downsizer.axi_downsizer_inst/USE_WRITE.write_addr_inst/USE_B_CHANNEL.cmd_b_queue/inst/fifo_gen_inst/inst_fifo_gen/gconvfifo.rf/grf.rf/gntv_or_sync_fifo.gl0.wr/wpntr/gcc0.gc0.count_reg[4]
  -------------------------------------------------------------------
                         required time                         -1.008    
                         arrival time                           1.199    
  -------------------------------------------------------------------
                         slack                                  0.190    

Slack (MET) :             0.199ns  (arrival time - required time)
  Source:                 design_1_i/ps8_0_axi_periph/s01_couplers/auto_ds/inst/gen_downsizer.gen_simple_downsizer.axi_downsizer_inst/USE_WRITE.write_addr_inst/cmd_queue/inst/fifo_gen_inst/inst_fifo_gen/gconvfifo.rf/grf.rf/rstblk/ngwrdrst.grst.g7serrst.gnsckt_wrst.rst_wr_reg2_inst/arststages_ff_reg[1]/C
                            (rising edge-triggered cell FDPE clocked by clk_pl_0  {rise@0.000ns fall@5.000ns period=10.000ns})
  Destination:            design_1_i/ps8_0_axi_periph/s01_couplers/auto_ds/inst/gen_downsizer.gen_simple_downsizer.axi_downsizer_inst/USE_WRITE.write_addr_inst/cmd_queue/inst/fifo_gen_inst/inst_fifo_gen/gconvfifo.rf/grf.rf/gntv_or_sync_fifo.gl0.rd/rpntr/gc0.count_reg[1]/CLR
                            (removal check against rising-edge clock clk_pl_0  {rise@0.000ns fall@5.000ns period=10.000ns})
  Path Group:             **async_default**
  Path Type:              Removal (Min at Fast Process Corner)
  Requirement:            0.000ns  (clk_pl_0 rise@0.000ns - clk_pl_0 rise@0.000ns)
  Data Path Delay:        0.231ns  (logic 0.079ns (34.233%)  route 0.152ns (65.767%))
  Logic Levels:           1  (LUT3=1)
  Clock Path Skew:        0.052ns (DCD - SCD - CPR)
    Destination Clock Delay (DCD):    1.099ns
    Source Clock Delay      (SCD):    0.954ns
    Clock Pessimism Removal (CPR):    0.093ns
  Clock Net Delay (Source):      0.861ns (routing 0.312ns, distribution 0.549ns)
  Clock Net Delay (Destination): 0.983ns (routing 0.352ns, distribution 0.631ns)

    Location             Delay type                Incr(ns)  Path(ns)    Netlist Resource(s)
  -------------------------------------------------------------------    -------------------
                         (clock clk_pl_0 rise edge)
                                                      0.000     0.000 r  
    PS8_X0Y0             PS8                          0.000     0.000 r  design_1_i/zynq_ultra_ps_e_0/inst/PS8_i/PLCLK[0]
                         net (fo=1, routed)           0.076     0.076    design_1_i/zynq_ultra_ps_e_0/inst/pl_clk_unbuffered[0]
    BUFG_PS_X0Y58        BUFG_PS (Prop_BUFG_PS_I_O)
                                                      0.017     0.093 r  design_1_i/zynq_ultra_ps_e_0/inst/buffer_pl_clk_0.PL_CLK_0_BUFG/O
    X1Y1 (CLOCK_ROOT)    net (fo=10024, routed)       0.861     0.954    design_1_i/ps8_0_axi_periph/s01_couplers/auto_ds/inst/gen_downsizer.gen_simple_downsizer.axi_downsizer_inst/USE_WRITE.write_addr_inst/cmd_queue/inst/fifo_gen_inst/inst_fifo_gen/gconvfifo.rf/grf.rf/rstblk/ngwrdrst.grst.g7serrst.gnsckt_wrst.rst_wr_reg2_inst/dest_clk
    SLICE_X46Y81         FDPE                                         r  design_1_i/ps8_0_axi_periph/s01_couplers/auto_ds/inst/gen_downsizer.gen_simple_downsizer.axi_downsizer_inst/USE_WRITE.write_addr_inst/cmd_queue/inst/fifo_gen_inst/inst_fifo_gen/gconvfifo.rf/grf.rf/rstblk/ngwrdrst.grst.g7serrst.gnsckt_wrst.rst_wr_reg2_inst/arststages_ff_reg[1]/C
  -------------------------------------------------------------------    -------------------
    SLICE_X46Y81         FDPE (Prop_AFF2_SLICEM_C_Q)
                                                      0.039     0.993 f  design_1_i/ps8_0_axi_periph/s01_couplers/auto_ds/inst/gen_downsizer.gen_simple_downsizer.axi_downsizer_inst/USE_WRITE.write_addr_inst/cmd_queue/inst/fifo_gen_inst/inst_fifo_gen/gconvfifo.rf/grf.rf/rstblk/ngwrdrst.grst.g7serrst.gnsckt_wrst.rst_wr_reg2_inst/arststages_ff_reg[1]/Q
                         net (fo=3, routed)           0.074     1.067    design_1_i/ps8_0_axi_periph/s01_couplers/auto_ds/inst/gen_downsizer.gen_simple_downsizer.axi_downsizer_inst/USE_WRITE.write_addr_inst/cmd_queue/inst/fifo_gen_inst/inst_fifo_gen/gconvfifo.rf/grf.rf/rstblk/ngwrdrst.rst_wr_reg2
    SLICE_X45Y81         LUT3 (Prop_F6LUT_SLICEL_I2_O)
                                                      0.040     1.107 f  design_1_i/ps8_0_axi_periph/s01_couplers/auto_ds/inst/gen_downsizer.gen_simple_downsizer.axi_downsizer_inst/USE_WRITE.write_addr_inst/cmd_queue/inst/fifo_gen_inst/inst_fifo_gen/gconvfifo.rf/grf.rf/rstblk/gpregsm1.curr_fwft_state[1]_i_2/O
                         net (fo=32, routed)          0.078     1.185    design_1_i/ps8_0_axi_periph/s01_couplers/auto_ds/inst/gen_downsizer.gen_simple_downsizer.axi_downsizer_inst/USE_WRITE.write_addr_inst/cmd_queue/inst/fifo_gen_inst/inst_fifo_gen/gconvfifo.rf/grf.rf/gntv_or_sync_fifo.gl0.rd/rpntr/gc0.count_d1_reg[4]_1
    SLICE_X44Y81         FDCE                                         f  design_1_i/ps8_0_axi_periph/s01_couplers/auto_ds/inst/gen_downsizer.gen_simple_downsizer.axi_downsizer_inst/USE_WRITE.write_addr_inst/cmd_queue/inst/fifo_gen_inst/inst_fifo_gen/gconvfifo.rf/grf.rf/gntv_or_sync_fifo.gl0.rd/rpntr/gc0.count_reg[1]/CLR
  -------------------------------------------------------------------    -------------------

                         (clock clk_pl_0 rise edge)
                                                      0.000     0.000 r  
    PS8_X0Y0             PS8                          0.000     0.000 r  design_1_i/zynq_ultra_ps_e_0/inst/PS8_i/PLCLK[0]
                         net (fo=1, routed)           0.098     0.098    design_1_i/zynq_ultra_ps_e_0/inst/pl_clk_unbuffered[0]
    BUFG_PS_X0Y58        BUFG_PS (Prop_BUFG_PS_I_O)
                                                      0.018     0.116 r  design_1_i/zynq_ultra_ps_e_0/inst/buffer_pl_clk_0.PL_CLK_0_BUFG/O
    X1Y1 (CLOCK_ROOT)    net (fo=10024, routed)       0.983     1.099    design_1_i/ps8_0_axi_periph/s01_couplers/auto_ds/inst/gen_downsizer.gen_simple_downsizer.axi_downsizer_inst/USE_WRITE.write_addr_inst/cmd_queue/inst/fifo_gen_inst/inst_fifo_gen/gconvfifo.rf/grf.rf/gntv_or_sync_fifo.gl0.rd/rpntr/clk
    SLICE_X44Y81         FDCE                                         r  design_1_i/ps8_0_axi_periph/s01_couplers/auto_ds/inst/gen_downsizer.gen_simple_downsizer.axi_downsizer_inst/USE_WRITE.write_addr_inst/cmd_queue/inst/fifo_gen_inst/inst_fifo_gen/gconvfifo.rf/grf.rf/gntv_or_sync_fifo.gl0.rd/rpntr/gc0.count_reg[1]/C
                         clock pessimism             -0.093     1.006    
    SLICE_X44Y81         FDCE (Remov_DFF_SLICEM_C_CLR)
                                                     -0.020     0.986    design_1_i/ps8_0_axi_periph/s01_couplers/auto_ds/inst/gen_downsizer.gen_simple_downsizer.axi_downsizer_inst/USE_WRITE.write_addr_inst/cmd_queue/inst/fifo_gen_inst/inst_fifo_gen/gconvfifo.rf/grf.rf/gntv_or_sync_fifo.gl0.rd/rpntr/gc0.count_reg[1]
  -------------------------------------------------------------------
                         required time                         -0.986    
                         arrival time                           1.185    
  -------------------------------------------------------------------
                         slack                                  0.199    





--------------------------------------------------------------------------------------
Path Group:  (none)
From Clock:  
  To Clock:  clk_pl_0

Max Delay             1 Endpoint
Min Delay             1 Endpoint
--------------------------------------------------------------------------------------


Max Delay Paths
--------------------------------------------------------------------------------------
Slack:                    inf
  Source:                 design_1_i/zynq_ultra_ps_e_0/inst/PS8_i/EMIOGPIOO[95]
                            (internal pin)
  Destination:            design_1_i/rst_ps8_0_99M/U0/EXT_LPF/ACTIVE_LOW_EXT.ACT_LO_EXT/GENERATE_LEVEL_P_S_CDC.SINGLE_BIT.CROSS_PLEVEL_IN2SCNDRY_IN_cdc_to/D
                            (rising edge-triggered cell FDRE clocked by clk_pl_0  {rise@0.000ns fall@5.000ns period=10.000ns})
  Path Group:             (none)
  Path Type:              Setup (Max at Slow Process Corner)
  Data Path Delay:        0.743ns  (logic 0.090ns (12.113%)  route 0.653ns (87.887%))
  Logic Levels:           1  (LUT1=1)
  Clock Uncertainty:      0.127ns  ((TSJ^2 + DJ^2)^1/2) / 2 + PE
    Total System Jitter     (TSJ):    0.050ns
    Discrete Jitter          (DJ):    0.250ns
    Phase Error              (PE):    0.000ns
  Clock Net Delay (Destination): 1.402ns (routing 0.510ns, distribution 0.892ns)
  Timing Exception:       False Path

    Location             Delay type                Incr(ns)  Path(ns)    Netlist Resource(s)
  -------------------------------------------------------------------    -------------------
    PS8_X0Y0             PS8                          0.000     0.000 f  design_1_i/zynq_ultra_ps_e_0/inst/PS8_i/EMIOGPIOO[95]
                         net (fo=1, routed)           0.506     0.506    design_1_i/rst_ps8_0_99M/U0/EXT_LPF/ACTIVE_LOW_EXT.ACT_LO_EXT/ext_reset_in
    SLICE_X39Y173        LUT1 (Prop_H6LUT_SLICEL_I0_O)
                                                      0.090     0.596 r  design_1_i/rst_ps8_0_99M/U0/EXT_LPF/ACTIVE_LOW_EXT.ACT_LO_EXT/GENERATE_LEVEL_P_S_CDC.SINGLE_BIT.CROSS_PLEVEL_IN2SCNDRY_IN_cdc_to_i_1/O
                         net (fo=1, routed)           0.147     0.743    design_1_i/rst_ps8_0_99M/U0/EXT_LPF/ACTIVE_LOW_EXT.ACT_LO_EXT/exr_d1
    SLICE_X39Y173        FDRE                                         r  design_1_i/rst_ps8_0_99M/U0/EXT_LPF/ACTIVE_LOW_EXT.ACT_LO_EXT/GENERATE_LEVEL_P_S_CDC.SINGLE_BIT.CROSS_PLEVEL_IN2SCNDRY_IN_cdc_to/D
  -------------------------------------------------------------------    -------------------

                         (clock clk_pl_0 rise edge)
                                                      0.000     0.000 r  
    PS8_X0Y0             PS8                          0.000     0.000 r  design_1_i/zynq_ultra_ps_e_0/inst/PS8_i/PLCLK[0]
                         net (fo=1, routed)           0.105     0.105    design_1_i/zynq_ultra_ps_e_0/inst/pl_clk_unbuffered[0]
    BUFG_PS_X0Y58        BUFG_PS (Prop_BUFG_PS_I_O)
                                                      0.025     0.130 r  design_1_i/zynq_ultra_ps_e_0/inst/buffer_pl_clk_0.PL_CLK_0_BUFG/O
    X1Y1 (CLOCK_ROOT)    net (fo=10024, routed)       1.402     1.532    design_1_i/rst_ps8_0_99M/U0/EXT_LPF/ACTIVE_LOW_EXT.ACT_LO_EXT/slowest_sync_clk
    SLICE_X39Y173        FDRE                                         r  design_1_i/rst_ps8_0_99M/U0/EXT_LPF/ACTIVE_LOW_EXT.ACT_LO_EXT/GENERATE_LEVEL_P_S_CDC.SINGLE_BIT.CROSS_PLEVEL_IN2SCNDRY_IN_cdc_to/C





Min Delay Paths
--------------------------------------------------------------------------------------
Slack:                    inf
  Source:                 design_1_i/zynq_ultra_ps_e_0/inst/PS8_i/EMIOGPIOO[95]
                            (internal pin)
  Destination:            design_1_i/rst_ps8_0_99M/U0/EXT_LPF/ACTIVE_LOW_EXT.ACT_LO_EXT/GENERATE_LEVEL_P_S_CDC.SINGLE_BIT.CROSS_PLEVEL_IN2SCNDRY_IN_cdc_to/D
                            (rising edge-triggered cell FDRE clocked by clk_pl_0  {rise@0.000ns fall@5.000ns period=10.000ns})
  Path Group:             (none)
  Path Type:              Hold (Min at Fast Process Corner)
  Data Path Delay:        0.323ns  (logic 0.035ns (10.836%)  route 0.288ns (89.164%))
  Logic Levels:           1  (LUT1=1)
  Clock Uncertainty:      0.127ns  ((TSJ^2 + DJ^2)^1/2) / 2 + PE
    Total System Jitter     (TSJ):    0.050ns
    Discrete Jitter          (DJ):    0.250ns
    Phase Error              (PE):    0.000ns
  Clock Net Delay (Destination): 0.993ns (routing 0.352ns, distribution 0.641ns)
  Timing Exception:       False Path

    Location             Delay type                Incr(ns)  Path(ns)    Netlist Resource(s)
  -------------------------------------------------------------------    -------------------
    PS8_X0Y0             PS8                          0.000     0.000 f  design_1_i/zynq_ultra_ps_e_0/inst/PS8_i/EMIOGPIOO[95]
                         net (fo=1, routed)           0.240     0.240    design_1_i/rst_ps8_0_99M/U0/EXT_LPF/ACTIVE_LOW_EXT.ACT_LO_EXT/ext_reset_in
    SLICE_X39Y173        LUT1 (Prop_H6LUT_SLICEL_I0_O)
                                                      0.035     0.275 r  design_1_i/rst_ps8_0_99M/U0/EXT_LPF/ACTIVE_LOW_EXT.ACT_LO_EXT/GENERATE_LEVEL_P_S_CDC.SINGLE_BIT.CROSS_PLEVEL_IN2SCNDRY_IN_cdc_to_i_1/O
                         net (fo=1, routed)           0.048     0.323    design_1_i/rst_ps8_0_99M/U0/EXT_LPF/ACTIVE_LOW_EXT.ACT_LO_EXT/exr_d1
    SLICE_X39Y173        FDRE                                         r  design_1_i/rst_ps8_0_99M/U0/EXT_LPF/ACTIVE_LOW_EXT.ACT_LO_EXT/GENERATE_LEVEL_P_S_CDC.SINGLE_BIT.CROSS_PLEVEL_IN2SCNDRY_IN_cdc_to/D
  -------------------------------------------------------------------    -------------------

                         (clock clk_pl_0 rise edge)
                                                      0.000     0.000 r  
    PS8_X0Y0             PS8                          0.000     0.000 r  design_1_i/zynq_ultra_ps_e_0/inst/PS8_i/PLCLK[0]
                         net (fo=1, routed)           0.098     0.098    design_1_i/zynq_ultra_ps_e_0/inst/pl_clk_unbuffered[0]
    BUFG_PS_X0Y58        BUFG_PS (Prop_BUFG_PS_I_O)
                                                      0.018     0.116 r  design_1_i/zynq_ultra_ps_e_0/inst/buffer_pl_clk_0.PL_CLK_0_BUFG/O
    X1Y1 (CLOCK_ROOT)    net (fo=10024, routed)       0.993     1.109    design_1_i/rst_ps8_0_99M/U0/EXT_LPF/ACTIVE_LOW_EXT.ACT_LO_EXT/slowest_sync_clk
    SLICE_X39Y173        FDRE                                         r  design_1_i/rst_ps8_0_99M/U0/EXT_LPF/ACTIVE_LOW_EXT.ACT_LO_EXT/GENERATE_LEVEL_P_S_CDC.SINGLE_BIT.CROSS_PLEVEL_IN2SCNDRY_IN_cdc_to/C





--------------------------------------------------------------------------------------
Path Group:  (none)
From Clock:  clk_pl_0
  To Clock:  clk_pl_0

Max Delay            67 Endpoints
Min Delay            67 Endpoints
--------------------------------------------------------------------------------------


Max Delay Paths
--------------------------------------------------------------------------------------
Slack:                    inf
  Source:                 design_1_i/rst_ps8_0_99M/U0/ACTIVE_LOW_PR_OUT_DFF[0].FDRE_PER_N/C
                            (rising edge-triggered cell FDRE clocked by clk_pl_0  {rise@0.000ns fall@5.000ns period=10.000ns})
  Destination:            design_1_i/axis_data_fifo_0/inst/gen_fifo.xpm_fifo_axis_inst/gaxis_rst_sync.xpm_cdc_sync_rst_inst/syncstages_ff_reg[0]/D
                            (rising edge-triggered cell FDRE clocked by clk_pl_0  {rise@0.000ns fall@5.000ns period=10.000ns})
  Path Group:             (none)
  Path Type:              Setup (Max at Slow Process Corner)
  Data Path Delay:        1.962ns  (logic 0.225ns (11.466%)  route 1.737ns (88.534%))
  Logic Levels:           1  (LUT1=1)
  Clock Path Skew:        -0.256ns (DCD - SCD + CPR)
    Destination Clock Delay (DCD):    1.515ns
    Source Clock Delay      (SCD):    1.771ns
    Clock Pessimism Removal (CPR):    0.000ns
  Clock Uncertainty:      0.130ns  ((TSJ^2 + DJ^2)^1/2) / 2 + PE
    Total System Jitter     (TSJ):    0.071ns
    Discrete Jitter          (DJ):    0.250ns
    Phase Error              (PE):    0.000ns
  Clock Net Delay (Source):      1.608ns (routing 0.567ns, distribution 1.041ns)
  Clock Net Delay (Destination): 1.385ns (routing 0.510ns, distribution 0.875ns)
  Timing Exception:       False Path

    Location             Delay type                Incr(ns)  Path(ns)    Netlist Resource(s)
  -------------------------------------------------------------------    -------------------
                         (clock clk_pl_0 rise edge)
                                                      0.000     0.000 r  
    PS8_X0Y0             PS8                          0.000     0.000 r  design_1_i/zynq_ultra_ps_e_0/inst/PS8_i/PLCLK[0]
                         net (fo=1, routed)           0.135     0.135    design_1_i/zynq_ultra_ps_e_0/inst/pl_clk_unbuffered[0]
    BUFG_PS_X0Y58        BUFG_PS (Prop_BUFG_PS_I_O)
                                                      0.028     0.163 r  design_1_i/zynq_ultra_ps_e_0/inst/buffer_pl_clk_0.PL_CLK_0_BUFG/O
    X1Y1 (CLOCK_ROOT)    net (fo=10024, routed)       1.608     1.771    design_1_i/rst_ps8_0_99M/U0/slowest_sync_clk
    SLICE_X41Y130        FDRE                                         r  design_1_i/rst_ps8_0_99M/U0/ACTIVE_LOW_PR_OUT_DFF[0].FDRE_PER_N/C
  -------------------------------------------------------------------    -------------------
    SLICE_X41Y130        FDRE (Prop_AFF_SLICEM_C_Q)
                                                      0.077     1.848 f  design_1_i/rst_ps8_0_99M/U0/ACTIVE_LOW_PR_OUT_DFF[0].FDRE_PER_N/Q
                         net (fo=767, routed)         1.585     3.434    design_1_i/axis_data_fifo_0/inst/gen_fifo.xpm_fifo_axis_inst/s_aresetn
    SLICE_X51Y34         LUT1 (Prop_B6LUT_SLICEL_I0_O)
                                                      0.148     3.582 r  design_1_i/axis_data_fifo_0/inst/gen_fifo.xpm_fifo_axis_inst/gaxis_rst_sync.xpm_cdc_sync_rst_inst_i_1/O
                         net (fo=1, routed)           0.152     3.734    design_1_i/axis_data_fifo_0/inst/gen_fifo.xpm_fifo_axis_inst/gaxis_rst_sync.xpm_cdc_sync_rst_inst/src_rst
    SLICE_X51Y34         FDRE                                         r  design_1_i/axis_data_fifo_0/inst/gen_fifo.xpm_fifo_axis_inst/gaxis_rst_sync.xpm_cdc_sync_rst_inst/syncstages_ff_reg[0]/D
  -------------------------------------------------------------------    -------------------

                         (clock clk_pl_0 rise edge)
                                                      0.000     0.000 r  
    PS8_X0Y0             PS8                          0.000     0.000 r  design_1_i/zynq_ultra_ps_e_0/inst/PS8_i/PLCLK[0]
                         net (fo=1, routed)           0.105     0.105    design_1_i/zynq_ultra_ps_e_0/inst/pl_clk_unbuffered[0]
    BUFG_PS_X0Y58        BUFG_PS (Prop_BUFG_PS_I_O)
                                                      0.025     0.130 r  design_1_i/zynq_ultra_ps_e_0/inst/buffer_pl_clk_0.PL_CLK_0_BUFG/O
    X1Y1 (CLOCK_ROOT)    net (fo=10024, routed)       1.385     1.515    design_1_i/axis_data_fifo_0/inst/gen_fifo.xpm_fifo_axis_inst/gaxis_rst_sync.xpm_cdc_sync_rst_inst/dest_clk
    SLICE_X51Y34         FDRE                                         r  design_1_i/axis_data_fifo_0/inst/gen_fifo.xpm_fifo_axis_inst/gaxis_rst_sync.xpm_cdc_sync_rst_inst/syncstages_ff_reg[0]/C

Slack:                    inf
  Source:                 design_1_i/axi_smc/inst/clk_map/psr_aclk/U0/ACTIVE_LOW_BSR_OUT_DFF[0].FDRE_BSR_N/C
                            (rising edge-triggered cell FDRE clocked by clk_pl_0  {rise@0.000ns fall@5.000ns period=10.000ns})
  Destination:            design_1_i/axi_smc/inst/m00_nodes/m00_ar_node/inst/s_sc_xpm_cdc_async_rst_inst/arststages_ff_reg[0]/CLR
                            (recovery check against rising-edge clock clk_pl_0  {rise@0.000ns fall@5.000ns period=10.000ns})
  Path Group:             (none)
  Path Type:              Recovery (Max at Slow Process Corner)
  Data Path Delay:        1.779ns  (logic 0.079ns (4.441%)  route 1.700ns (95.559%))
  Logic Levels:           0  
  Clock Path Skew:        -0.178ns (DCD - SCD + CPR)
    Destination Clock Delay (DCD):    1.522ns
    Source Clock Delay      (SCD):    1.700ns
    Clock Pessimism Removal (CPR):    0.000ns
  Clock Uncertainty:      0.130ns  ((TSJ^2 + DJ^2)^1/2) / 2 + PE
    Total System Jitter     (TSJ):    0.071ns
    Discrete Jitter          (DJ):    0.250ns
    Phase Error              (PE):    0.000ns
  Clock Net Delay (Source):      1.537ns (routing 0.567ns, distribution 0.970ns)
  Clock Net Delay (Destination): 1.392ns (routing 0.510ns, distribution 0.882ns)
  Timing Exception:       False Path

    Location             Delay type                Incr(ns)  Path(ns)    Netlist Resource(s)
  -------------------------------------------------------------------    -------------------
                         (clock clk_pl_0 rise edge)
                                                      0.000     0.000 r  
    PS8_X0Y0             PS8                          0.000     0.000 r  design_1_i/zynq_ultra_ps_e_0/inst/PS8_i/PLCLK[0]
                         net (fo=1, routed)           0.135     0.135    design_1_i/zynq_ultra_ps_e_0/inst/pl_clk_unbuffered[0]
    BUFG_PS_X0Y58        BUFG_PS (Prop_BUFG_PS_I_O)
                                                      0.028     0.163 r  design_1_i/zynq_ultra_ps_e_0/inst/buffer_pl_clk_0.PL_CLK_0_BUFG/O
    X1Y1 (CLOCK_ROOT)    net (fo=10024, routed)       1.537     1.700    design_1_i/axi_smc/inst/clk_map/psr_aclk/U0/aclk
    SLICE_X48Y99         FDRE                                         r  design_1_i/axi_smc/inst/clk_map/psr_aclk/U0/ACTIVE_LOW_BSR_OUT_DFF[0].FDRE_BSR_N/C
  -------------------------------------------------------------------    -------------------
    SLICE_X48Y99         FDRE (Prop_DFF_SLICEL_C_Q)
                                                      0.079     1.779 r  design_1_i/axi_smc/inst/clk_map/psr_aclk/U0/ACTIVE_LOW_BSR_OUT_DFF[0].FDRE_BSR_N/Q
                         net (fo=51, routed)          1.700     3.479    design_1_i/axi_smc/inst/m00_nodes/m00_ar_node/inst/s_sc_xpm_cdc_async_rst_inst/src_arst
    SLICE_X44Y4          FDCE                                         f  design_1_i/axi_smc/inst/m00_nodes/m00_ar_node/inst/s_sc_xpm_cdc_async_rst_inst/arststages_ff_reg[0]/CLR  (IS_INVERTED)
  -------------------------------------------------------------------    -------------------

                         (clock clk_pl_0 rise edge)
                                                      0.000     0.000 r  
    PS8_X0Y0             PS8                          0.000     0.000 r  design_1_i/zynq_ultra_ps_e_0/inst/PS8_i/PLCLK[0]
                         net (fo=1, routed)           0.105     0.105    design_1_i/zynq_ultra_ps_e_0/inst/pl_clk_unbuffered[0]
    BUFG_PS_X0Y58        BUFG_PS (Prop_BUFG_PS_I_O)
                                                      0.025     0.130 r  design_1_i/zynq_ultra_ps_e_0/inst/buffer_pl_clk_0.PL_CLK_0_BUFG/O
    X1Y1 (CLOCK_ROOT)    net (fo=10024, routed)       1.392     1.522    design_1_i/axi_smc/inst/m00_nodes/m00_ar_node/inst/s_sc_xpm_cdc_async_rst_inst/dest_clk
    SLICE_X44Y4          FDCE                                         r  design_1_i/axi_smc/inst/m00_nodes/m00_ar_node/inst/s_sc_xpm_cdc_async_rst_inst/arststages_ff_reg[0]/C

Slack:                    inf
  Source:                 design_1_i/axi_smc/inst/clk_map/psr_aclk/U0/ACTIVE_LOW_BSR_OUT_DFF[0].FDRE_BSR_N/C
                            (rising edge-triggered cell FDRE clocked by clk_pl_0  {rise@0.000ns fall@5.000ns period=10.000ns})
  Destination:            design_1_i/axi_smc/inst/m00_nodes/m00_ar_node/inst/s_sc_xpm_cdc_async_rst_inst/arststages_ff_reg[1]/CLR
                            (recovery check against rising-edge clock clk_pl_0  {rise@0.000ns fall@5.000ns period=10.000ns})
  Path Group:             (none)
  Path Type:              Recovery (Max at Slow Process Corner)
  Data Path Delay:        1.779ns  (logic 0.079ns (4.441%)  route 1.700ns (95.559%))
  Logic Levels:           0  
  Clock Path Skew:        -0.178ns (DCD - SCD + CPR)
    Destination Clock Delay (DCD):    1.522ns
    Source Clock Delay      (SCD):    1.700ns
    Clock Pessimism Removal (CPR):    0.000ns
  Clock Uncertainty:      0.130ns  ((TSJ^2 + DJ^2)^1/2) / 2 + PE
    Total System Jitter     (TSJ):    0.071ns
    Discrete Jitter          (DJ):    0.250ns
    Phase Error              (PE):    0.000ns
  Clock Net Delay (Source):      1.537ns (routing 0.567ns, distribution 0.970ns)
  Clock Net Delay (Destination): 1.392ns (routing 0.510ns, distribution 0.882ns)
  Timing Exception:       False Path

    Location             Delay type                Incr(ns)  Path(ns)    Netlist Resource(s)
  -------------------------------------------------------------------    -------------------
                         (clock clk_pl_0 rise edge)
                                                      0.000     0.000 r  
    PS8_X0Y0             PS8                          0.000     0.000 r  design_1_i/zynq_ultra_ps_e_0/inst/PS8_i/PLCLK[0]
                         net (fo=1, routed)           0.135     0.135    design_1_i/zynq_ultra_ps_e_0/inst/pl_clk_unbuffered[0]
    BUFG_PS_X0Y58        BUFG_PS (Prop_BUFG_PS_I_O)
                                                      0.028     0.163 r  design_1_i/zynq_ultra_ps_e_0/inst/buffer_pl_clk_0.PL_CLK_0_BUFG/O
    X1Y1 (CLOCK_ROOT)    net (fo=10024, routed)       1.537     1.700    design_1_i/axi_smc/inst/clk_map/psr_aclk/U0/aclk
    SLICE_X48Y99         FDRE                                         r  design_1_i/axi_smc/inst/clk_map/psr_aclk/U0/ACTIVE_LOW_BSR_OUT_DFF[0].FDRE_BSR_N/C
  -------------------------------------------------------------------    -------------------
    SLICE_X48Y99         FDRE (Prop_DFF_SLICEL_C_Q)
                                                      0.079     1.779 r  design_1_i/axi_smc/inst/clk_map/psr_aclk/U0/ACTIVE_LOW_BSR_OUT_DFF[0].FDRE_BSR_N/Q
                         net (fo=51, routed)          1.700     3.479    design_1_i/axi_smc/inst/m00_nodes/m00_ar_node/inst/s_sc_xpm_cdc_async_rst_inst/src_arst
    SLICE_X44Y4          FDCE                                         f  design_1_i/axi_smc/inst/m00_nodes/m00_ar_node/inst/s_sc_xpm_cdc_async_rst_inst/arststages_ff_reg[1]/CLR  (IS_INVERTED)
  -------------------------------------------------------------------    -------------------

                         (clock clk_pl_0 rise edge)
                                                      0.000     0.000 r  
    PS8_X0Y0             PS8                          0.000     0.000 r  design_1_i/zynq_ultra_ps_e_0/inst/PS8_i/PLCLK[0]
                         net (fo=1, routed)           0.105     0.105    design_1_i/zynq_ultra_ps_e_0/inst/pl_clk_unbuffered[0]
    BUFG_PS_X0Y58        BUFG_PS (Prop_BUFG_PS_I_O)
                                                      0.025     0.130 r  design_1_i/zynq_ultra_ps_e_0/inst/buffer_pl_clk_0.PL_CLK_0_BUFG/O
    X1Y1 (CLOCK_ROOT)    net (fo=10024, routed)       1.392     1.522    design_1_i/axi_smc/inst/m00_nodes/m00_ar_node/inst/s_sc_xpm_cdc_async_rst_inst/dest_clk
    SLICE_X44Y4          FDCE                                         r  design_1_i/axi_smc/inst/m00_nodes/m00_ar_node/inst/s_sc_xpm_cdc_async_rst_inst/arststages_ff_reg[1]/C

Slack:                    inf
  Source:                 design_1_i/axi_smc/inst/clk_map/psr_aclk/U0/ACTIVE_LOW_BSR_OUT_DFF[0].FDRE_BSR_N/C
                            (rising edge-triggered cell FDRE clocked by clk_pl_0  {rise@0.000ns fall@5.000ns period=10.000ns})
  Destination:            design_1_i/axi_smc/inst/m00_nodes/m00_ar_node/inst/s_sc_xpm_cdc_async_rst_inst/arststages_ff_reg[2]/CLR
                            (recovery check against rising-edge clock clk_pl_0  {rise@0.000ns fall@5.000ns period=10.000ns})
  Path Group:             (none)
  Path Type:              Recovery (Max at Slow Process Corner)
  Data Path Delay:        1.779ns  (logic 0.079ns (4.441%)  route 1.700ns (95.559%))
  Logic Levels:           0  
  Clock Path Skew:        -0.178ns (DCD - SCD + CPR)
    Destination Clock Delay (DCD):    1.522ns
    Source Clock Delay      (SCD):    1.700ns
    Clock Pessimism Removal (CPR):    0.000ns
  Clock Uncertainty:      0.130ns  ((TSJ^2 + DJ^2)^1/2) / 2 + PE
    Total System Jitter     (TSJ):    0.071ns
    Discrete Jitter          (DJ):    0.250ns
    Phase Error              (PE):    0.000ns
  Clock Net Delay (Source):      1.537ns (routing 0.567ns, distribution 0.970ns)
  Clock Net Delay (Destination): 1.392ns (routing 0.510ns, distribution 0.882ns)
  Timing Exception:       False Path

    Location             Delay type                Incr(ns)  Path(ns)    Netlist Resource(s)
  -------------------------------------------------------------------    -------------------
                         (clock clk_pl_0 rise edge)
                                                      0.000     0.000 r  
    PS8_X0Y0             PS8                          0.000     0.000 r  design_1_i/zynq_ultra_ps_e_0/inst/PS8_i/PLCLK[0]
                         net (fo=1, routed)           0.135     0.135    design_1_i/zynq_ultra_ps_e_0/inst/pl_clk_unbuffered[0]
    BUFG_PS_X0Y58        BUFG_PS (Prop_BUFG_PS_I_O)
                                                      0.028     0.163 r  design_1_i/zynq_ultra_ps_e_0/inst/buffer_pl_clk_0.PL_CLK_0_BUFG/O
    X1Y1 (CLOCK_ROOT)    net (fo=10024, routed)       1.537     1.700    design_1_i/axi_smc/inst/clk_map/psr_aclk/U0/aclk
    SLICE_X48Y99         FDRE                                         r  design_1_i/axi_smc/inst/clk_map/psr_aclk/U0/ACTIVE_LOW_BSR_OUT_DFF[0].FDRE_BSR_N/C
  -------------------------------------------------------------------    -------------------
    SLICE_X48Y99         FDRE (Prop_DFF_SLICEL_C_Q)
                                                      0.079     1.779 r  design_1_i/axi_smc/inst/clk_map/psr_aclk/U0/ACTIVE_LOW_BSR_OUT_DFF[0].FDRE_BSR_N/Q
                         net (fo=51, routed)          1.700     3.479    design_1_i/axi_smc/inst/m00_nodes/m00_ar_node/inst/s_sc_xpm_cdc_async_rst_inst/src_arst
    SLICE_X44Y4          FDCE                                         f  design_1_i/axi_smc/inst/m00_nodes/m00_ar_node/inst/s_sc_xpm_cdc_async_rst_inst/arststages_ff_reg[2]/CLR  (IS_INVERTED)
  -------------------------------------------------------------------    -------------------

                         (clock clk_pl_0 rise edge)
                                                      0.000     0.000 r  
    PS8_X0Y0             PS8                          0.000     0.000 r  design_1_i/zynq_ultra_ps_e_0/inst/PS8_i/PLCLK[0]
                         net (fo=1, routed)           0.105     0.105    design_1_i/zynq_ultra_ps_e_0/inst/pl_clk_unbuffered[0]
    BUFG_PS_X0Y58        BUFG_PS (Prop_BUFG_PS_I_O)
                                                      0.025     0.130 r  design_1_i/zynq_ultra_ps_e_0/inst/buffer_pl_clk_0.PL_CLK_0_BUFG/O
    X1Y1 (CLOCK_ROOT)    net (fo=10024, routed)       1.392     1.522    design_1_i/axi_smc/inst/m00_nodes/m00_ar_node/inst/s_sc_xpm_cdc_async_rst_inst/dest_clk
    SLICE_X44Y4          FDCE                                         r  design_1_i/axi_smc/inst/m00_nodes/m00_ar_node/inst/s_sc_xpm_cdc_async_rst_inst/arststages_ff_reg[2]/C

Slack:                    inf
  Source:                 design_1_i/axi_smc/inst/clk_map/psr_aclk/U0/ACTIVE_LOW_BSR_OUT_DFF[0].FDRE_BSR_N/C
                            (rising edge-triggered cell FDRE clocked by clk_pl_0  {rise@0.000ns fall@5.000ns period=10.000ns})
  Destination:            design_1_i/axi_smc/inst/m00_exit_pipeline/m00_exit/inst/xpm_cdc_async_rst_inst/arststages_ff_reg[0]/CLR
                            (recovery check against rising-edge clock clk_pl_0  {rise@0.000ns fall@5.000ns period=10.000ns})
  Path Group:             (none)
  Path Type:              Recovery (Max at Slow Process Corner)
  Data Path Delay:        1.776ns  (logic 0.079ns (4.449%)  route 1.697ns (95.551%))
  Logic Levels:           0  
  Clock Path Skew:        -0.179ns (DCD - SCD + CPR)
    Destination Clock Delay (DCD):    1.521ns
    Source Clock Delay      (SCD):    1.700ns
    Clock Pessimism Removal (CPR):    0.000ns
  Clock Uncertainty:      0.130ns  ((TSJ^2 + DJ^2)^1/2) / 2 + PE
    Total System Jitter     (TSJ):    0.071ns
    Discrete Jitter          (DJ):    0.250ns
    Phase Error              (PE):    0.000ns
  Clock Net Delay (Source):      1.537ns (routing 0.567ns, distribution 0.970ns)
  Clock Net Delay (Destination): 1.391ns (routing 0.510ns, distribution 0.881ns)
  Timing Exception:       False Path

    Location             Delay type                Incr(ns)  Path(ns)    Netlist Resource(s)
  -------------------------------------------------------------------    -------------------
                         (clock clk_pl_0 rise edge)
                                                      0.000     0.000 r  
    PS8_X0Y0             PS8                          0.000     0.000 r  design_1_i/zynq_ultra_ps_e_0/inst/PS8_i/PLCLK[0]
                         net (fo=1, routed)           0.135     0.135    design_1_i/zynq_ultra_ps_e_0/inst/pl_clk_unbuffered[0]
    BUFG_PS_X0Y58        BUFG_PS (Prop_BUFG_PS_I_O)
                                                      0.028     0.163 r  design_1_i/zynq_ultra_ps_e_0/inst/buffer_pl_clk_0.PL_CLK_0_BUFG/O
    X1Y1 (CLOCK_ROOT)    net (fo=10024, routed)       1.537     1.700    design_1_i/axi_smc/inst/clk_map/psr_aclk/U0/aclk
    SLICE_X48Y99         FDRE                                         r  design_1_i/axi_smc/inst/clk_map/psr_aclk/U0/ACTIVE_LOW_BSR_OUT_DFF[0].FDRE_BSR_N/C
  -------------------------------------------------------------------    -------------------
    SLICE_X48Y99         FDRE (Prop_DFF_SLICEL_C_Q)
                                                      0.079     1.779 r  design_1_i/axi_smc/inst/clk_map/psr_aclk/U0/ACTIVE_LOW_BSR_OUT_DFF[0].FDRE_BSR_N/Q
                         net (fo=51, routed)          1.697     3.476    design_1_i/axi_smc/inst/m00_exit_pipeline/m00_exit/inst/xpm_cdc_async_rst_inst/src_arst
    SLICE_X44Y4          FDCE                                         f  design_1_i/axi_smc/inst/m00_exit_pipeline/m00_exit/inst/xpm_cdc_async_rst_inst/arststages_ff_reg[0]/CLR  (IS_INVERTED)
  -------------------------------------------------------------------    -------------------

                         (clock clk_pl_0 rise edge)
                                                      0.000     0.000 r  
    PS8_X0Y0             PS8                          0.000     0.000 r  design_1_i/zynq_ultra_ps_e_0/inst/PS8_i/PLCLK[0]
                         net (fo=1, routed)           0.105     0.105    design_1_i/zynq_ultra_ps_e_0/inst/pl_clk_unbuffered[0]
    BUFG_PS_X0Y58        BUFG_PS (Prop_BUFG_PS_I_O)
                                                      0.025     0.130 r  design_1_i/zynq_ultra_ps_e_0/inst/buffer_pl_clk_0.PL_CLK_0_BUFG/O
    X1Y1 (CLOCK_ROOT)    net (fo=10024, routed)       1.391     1.521    design_1_i/axi_smc/inst/m00_exit_pipeline/m00_exit/inst/xpm_cdc_async_rst_inst/dest_clk
    SLICE_X44Y4          FDCE                                         r  design_1_i/axi_smc/inst/m00_exit_pipeline/m00_exit/inst/xpm_cdc_async_rst_inst/arststages_ff_reg[0]/C

Slack:                    inf
  Source:                 design_1_i/axi_smc/inst/clk_map/psr_aclk/U0/ACTIVE_LOW_BSR_OUT_DFF[0].FDRE_BSR_N/C
                            (rising edge-triggered cell FDRE clocked by clk_pl_0  {rise@0.000ns fall@5.000ns period=10.000ns})
  Destination:            design_1_i/axi_smc/inst/m00_exit_pipeline/m00_exit/inst/xpm_cdc_async_rst_inst/arststages_ff_reg[1]/CLR
                            (recovery check against rising-edge clock clk_pl_0  {rise@0.000ns fall@5.000ns period=10.000ns})
  Path Group:             (none)
  Path Type:              Recovery (Max at Slow Process Corner)
  Data Path Delay:        1.776ns  (logic 0.079ns (4.449%)  route 1.697ns (95.551%))
  Logic Levels:           0  
  Clock Path Skew:        -0.179ns (DCD - SCD + CPR)
    Destination Clock Delay (DCD):    1.521ns
    Source Clock Delay      (SCD):    1.700ns
    Clock Pessimism Removal (CPR):    0.000ns
  Clock Uncertainty:      0.130ns  ((TSJ^2 + DJ^2)^1/2) / 2 + PE
    Total System Jitter     (TSJ):    0.071ns
    Discrete Jitter          (DJ):    0.250ns
    Phase Error              (PE):    0.000ns
  Clock Net Delay (Source):      1.537ns (routing 0.567ns, distribution 0.970ns)
  Clock Net Delay (Destination): 1.391ns (routing 0.510ns, distribution 0.881ns)
  Timing Exception:       False Path

    Location             Delay type                Incr(ns)  Path(ns)    Netlist Resource(s)
  -------------------------------------------------------------------    -------------------
                         (clock clk_pl_0 rise edge)
                                                      0.000     0.000 r  
    PS8_X0Y0             PS8                          0.000     0.000 r  design_1_i/zynq_ultra_ps_e_0/inst/PS8_i/PLCLK[0]
                         net (fo=1, routed)           0.135     0.135    design_1_i/zynq_ultra_ps_e_0/inst/pl_clk_unbuffered[0]
    BUFG_PS_X0Y58        BUFG_PS (Prop_BUFG_PS_I_O)
                                                      0.028     0.163 r  design_1_i/zynq_ultra_ps_e_0/inst/buffer_pl_clk_0.PL_CLK_0_BUFG/O
    X1Y1 (CLOCK_ROOT)    net (fo=10024, routed)       1.537     1.700    design_1_i/axi_smc/inst/clk_map/psr_aclk/U0/aclk
    SLICE_X48Y99         FDRE                                         r  design_1_i/axi_smc/inst/clk_map/psr_aclk/U0/ACTIVE_LOW_BSR_OUT_DFF[0].FDRE_BSR_N/C
  -------------------------------------------------------------------    -------------------
    SLICE_X48Y99         FDRE (Prop_DFF_SLICEL_C_Q)
                                                      0.079     1.779 r  design_1_i/axi_smc/inst/clk_map/psr_aclk/U0/ACTIVE_LOW_BSR_OUT_DFF[0].FDRE_BSR_N/Q
                         net (fo=51, routed)          1.697     3.476    design_1_i/axi_smc/inst/m00_exit_pipeline/m00_exit/inst/xpm_cdc_async_rst_inst/src_arst
    SLICE_X44Y4          FDCE                                         f  design_1_i/axi_smc/inst/m00_exit_pipeline/m00_exit/inst/xpm_cdc_async_rst_inst/arststages_ff_reg[1]/CLR  (IS_INVERTED)
  -------------------------------------------------------------------    -------------------

                         (clock clk_pl_0 rise edge)
                                                      0.000     0.000 r  
    PS8_X0Y0             PS8                          0.000     0.000 r  design_1_i/zynq_ultra_ps_e_0/inst/PS8_i/PLCLK[0]
                         net (fo=1, routed)           0.105     0.105    design_1_i/zynq_ultra_ps_e_0/inst/pl_clk_unbuffered[0]
    BUFG_PS_X0Y58        BUFG_PS (Prop_BUFG_PS_I_O)
                                                      0.025     0.130 r  design_1_i/zynq_ultra_ps_e_0/inst/buffer_pl_clk_0.PL_CLK_0_BUFG/O
    X1Y1 (CLOCK_ROOT)    net (fo=10024, routed)       1.391     1.521    design_1_i/axi_smc/inst/m00_exit_pipeline/m00_exit/inst/xpm_cdc_async_rst_inst/dest_clk
    SLICE_X44Y4          FDCE                                         r  design_1_i/axi_smc/inst/m00_exit_pipeline/m00_exit/inst/xpm_cdc_async_rst_inst/arststages_ff_reg[1]/C

Slack:                    inf
  Source:                 design_1_i/axi_smc/inst/clk_map/psr_aclk/U0/ACTIVE_LOW_BSR_OUT_DFF[0].FDRE_BSR_N/C
                            (rising edge-triggered cell FDRE clocked by clk_pl_0  {rise@0.000ns fall@5.000ns period=10.000ns})
  Destination:            design_1_i/axi_smc/inst/m00_exit_pipeline/m00_exit/inst/xpm_cdc_async_rst_inst/arststages_ff_reg[2]/CLR
                            (recovery check against rising-edge clock clk_pl_0  {rise@0.000ns fall@5.000ns period=10.000ns})
  Path Group:             (none)
  Path Type:              Recovery (Max at Slow Process Corner)
  Data Path Delay:        1.776ns  (logic 0.079ns (4.449%)  route 1.697ns (95.551%))
  Logic Levels:           0  
  Clock Path Skew:        -0.179ns (DCD - SCD + CPR)
    Destination Clock Delay (DCD):    1.521ns
    Source Clock Delay      (SCD):    1.700ns
    Clock Pessimism Removal (CPR):    0.000ns
  Clock Uncertainty:      0.130ns  ((TSJ^2 + DJ^2)^1/2) / 2 + PE
    Total System Jitter     (TSJ):    0.071ns
    Discrete Jitter          (DJ):    0.250ns
    Phase Error              (PE):    0.000ns
  Clock Net Delay (Source):      1.537ns (routing 0.567ns, distribution 0.970ns)
  Clock Net Delay (Destination): 1.391ns (routing 0.510ns, distribution 0.881ns)
  Timing Exception:       False Path

    Location             Delay type                Incr(ns)  Path(ns)    Netlist Resource(s)
  -------------------------------------------------------------------    -------------------
                         (clock clk_pl_0 rise edge)
                                                      0.000     0.000 r  
    PS8_X0Y0             PS8                          0.000     0.000 r  design_1_i/zynq_ultra_ps_e_0/inst/PS8_i/PLCLK[0]
                         net (fo=1, routed)           0.135     0.135    design_1_i/zynq_ultra_ps_e_0/inst/pl_clk_unbuffered[0]
    BUFG_PS_X0Y58        BUFG_PS (Prop_BUFG_PS_I_O)
                                                      0.028     0.163 r  design_1_i/zynq_ultra_ps_e_0/inst/buffer_pl_clk_0.PL_CLK_0_BUFG/O
    X1Y1 (CLOCK_ROOT)    net (fo=10024, routed)       1.537     1.700    design_1_i/axi_smc/inst/clk_map/psr_aclk/U0/aclk
    SLICE_X48Y99         FDRE                                         r  design_1_i/axi_smc/inst/clk_map/psr_aclk/U0/ACTIVE_LOW_BSR_OUT_DFF[0].FDRE_BSR_N/C
  -------------------------------------------------------------------    -------------------
    SLICE_X48Y99         FDRE (Prop_DFF_SLICEL_C_Q)
                                                      0.079     1.779 r  design_1_i/axi_smc/inst/clk_map/psr_aclk/U0/ACTIVE_LOW_BSR_OUT_DFF[0].FDRE_BSR_N/Q
                         net (fo=51, routed)          1.697     3.476    design_1_i/axi_smc/inst/m00_exit_pipeline/m00_exit/inst/xpm_cdc_async_rst_inst/src_arst
    SLICE_X44Y4          FDCE                                         f  design_1_i/axi_smc/inst/m00_exit_pipeline/m00_exit/inst/xpm_cdc_async_rst_inst/arststages_ff_reg[2]/CLR  (IS_INVERTED)
  -------------------------------------------------------------------    -------------------

                         (clock clk_pl_0 rise edge)
                                                      0.000     0.000 r  
    PS8_X0Y0             PS8                          0.000     0.000 r  design_1_i/zynq_ultra_ps_e_0/inst/PS8_i/PLCLK[0]
                         net (fo=1, routed)           0.105     0.105    design_1_i/zynq_ultra_ps_e_0/inst/pl_clk_unbuffered[0]
    BUFG_PS_X0Y58        BUFG_PS (Prop_BUFG_PS_I_O)
                                                      0.025     0.130 r  design_1_i/zynq_ultra_ps_e_0/inst/buffer_pl_clk_0.PL_CLK_0_BUFG/O
    X1Y1 (CLOCK_ROOT)    net (fo=10024, routed)       1.391     1.521    design_1_i/axi_smc/inst/m00_exit_pipeline/m00_exit/inst/xpm_cdc_async_rst_inst/dest_clk
    SLICE_X44Y4          FDCE                                         r  design_1_i/axi_smc/inst/m00_exit_pipeline/m00_exit/inst/xpm_cdc_async_rst_inst/arststages_ff_reg[2]/C

Slack:                    inf
  Source:                 design_1_i/axi_smc/inst/clk_map/psr_aclk/U0/ACTIVE_LOW_BSR_OUT_DFF[0].FDRE_BSR_N/C
                            (rising edge-triggered cell FDRE clocked by clk_pl_0  {rise@0.000ns fall@5.000ns period=10.000ns})
  Destination:            design_1_i/axi_smc/inst/s01_nodes/s01_w_node/inst/s_sc_xpm_cdc_async_rst_inst/arststages_ff_reg[0]/CLR
                            (recovery check against rising-edge clock clk_pl_0  {rise@0.000ns fall@5.000ns period=10.000ns})
  Path Group:             (none)
  Path Type:              Recovery (Max at Slow Process Corner)
  Data Path Delay:        1.724ns  (logic 0.079ns (4.583%)  route 1.645ns (95.417%))
  Logic Levels:           0  
  Clock Path Skew:        -0.165ns (DCD - SCD + CPR)
    Destination Clock Delay (DCD):    1.535ns
    Source Clock Delay      (SCD):    1.700ns
    Clock Pessimism Removal (CPR):    0.000ns
  Clock Uncertainty:      0.130ns  ((TSJ^2 + DJ^2)^1/2) / 2 + PE
    Total System Jitter     (TSJ):    0.071ns
    Discrete Jitter          (DJ):    0.250ns
    Phase Error              (PE):    0.000ns
  Clock Net Delay (Source):      1.537ns (routing 0.567ns, distribution 0.970ns)
  Clock Net Delay (Destination): 1.405ns (routing 0.510ns, distribution 0.895ns)
  Timing Exception:       False Path

    Location             Delay type                Incr(ns)  Path(ns)    Netlist Resource(s)
  -------------------------------------------------------------------    -------------------
                         (clock clk_pl_0 rise edge)
                                                      0.000     0.000 r  
    PS8_X0Y0             PS8                          0.000     0.000 r  design_1_i/zynq_ultra_ps_e_0/inst/PS8_i/PLCLK[0]
                         net (fo=1, routed)           0.135     0.135    design_1_i/zynq_ultra_ps_e_0/inst/pl_clk_unbuffered[0]
    BUFG_PS_X0Y58        BUFG_PS (Prop_BUFG_PS_I_O)
                                                      0.028     0.163 r  design_1_i/zynq_ultra_ps_e_0/inst/buffer_pl_clk_0.PL_CLK_0_BUFG/O
    X1Y1 (CLOCK_ROOT)    net (fo=10024, routed)       1.537     1.700    design_1_i/axi_smc/inst/clk_map/psr_aclk/U0/aclk
    SLICE_X48Y99         FDRE                                         r  design_1_i/axi_smc/inst/clk_map/psr_aclk/U0/ACTIVE_LOW_BSR_OUT_DFF[0].FDRE_BSR_N/C
  -------------------------------------------------------------------    -------------------
    SLICE_X48Y99         FDRE (Prop_DFF_SLICEL_C_Q)
                                                      0.079     1.779 r  design_1_i/axi_smc/inst/clk_map/psr_aclk/U0/ACTIVE_LOW_BSR_OUT_DFF[0].FDRE_BSR_N/Q
                         net (fo=51, routed)          1.645     3.424    design_1_i/axi_smc/inst/s01_nodes/s01_w_node/inst/s_sc_xpm_cdc_async_rst_inst/src_arst
    SLICE_X50Y15         FDCE                                         f  design_1_i/axi_smc/inst/s01_nodes/s01_w_node/inst/s_sc_xpm_cdc_async_rst_inst/arststages_ff_reg[0]/CLR  (IS_INVERTED)
  -------------------------------------------------------------------    -------------------

                         (clock clk_pl_0 rise edge)
                                                      0.000     0.000 r  
    PS8_X0Y0             PS8                          0.000     0.000 r  design_1_i/zynq_ultra_ps_e_0/inst/PS8_i/PLCLK[0]
                         net (fo=1, routed)           0.105     0.105    design_1_i/zynq_ultra_ps_e_0/inst/pl_clk_unbuffered[0]
    BUFG_PS_X0Y58        BUFG_PS (Prop_BUFG_PS_I_O)
                                                      0.025     0.130 r  design_1_i/zynq_ultra_ps_e_0/inst/buffer_pl_clk_0.PL_CLK_0_BUFG/O
    X1Y1 (CLOCK_ROOT)    net (fo=10024, routed)       1.405     1.535    design_1_i/axi_smc/inst/s01_nodes/s01_w_node/inst/s_sc_xpm_cdc_async_rst_inst/dest_clk
    SLICE_X50Y15         FDCE                                         r  design_1_i/axi_smc/inst/s01_nodes/s01_w_node/inst/s_sc_xpm_cdc_async_rst_inst/arststages_ff_reg[0]/C

Slack:                    inf
  Source:                 design_1_i/axi_smc/inst/clk_map/psr_aclk/U0/ACTIVE_LOW_BSR_OUT_DFF[0].FDRE_BSR_N/C
                            (rising edge-triggered cell FDRE clocked by clk_pl_0  {rise@0.000ns fall@5.000ns period=10.000ns})
  Destination:            design_1_i/axi_smc/inst/s01_nodes/s01_w_node/inst/s_sc_xpm_cdc_async_rst_inst/arststages_ff_reg[1]/CLR
                            (recovery check against rising-edge clock clk_pl_0  {rise@0.000ns fall@5.000ns period=10.000ns})
  Path Group:             (none)
  Path Type:              Recovery (Max at Slow Process Corner)
  Data Path Delay:        1.724ns  (logic 0.079ns (4.583%)  route 1.645ns (95.417%))
  Logic Levels:           0  
  Clock Path Skew:        -0.165ns (DCD - SCD + CPR)
    Destination Clock Delay (DCD):    1.535ns
    Source Clock Delay      (SCD):    1.700ns
    Clock Pessimism Removal (CPR):    0.000ns
  Clock Uncertainty:      0.130ns  ((TSJ^2 + DJ^2)^1/2) / 2 + PE
    Total System Jitter     (TSJ):    0.071ns
    Discrete Jitter          (DJ):    0.250ns
    Phase Error              (PE):    0.000ns
  Clock Net Delay (Source):      1.537ns (routing 0.567ns, distribution 0.970ns)
  Clock Net Delay (Destination): 1.405ns (routing 0.510ns, distribution 0.895ns)
  Timing Exception:       False Path

    Location             Delay type                Incr(ns)  Path(ns)    Netlist Resource(s)
  -------------------------------------------------------------------    -------------------
                         (clock clk_pl_0 rise edge)
                                                      0.000     0.000 r  
    PS8_X0Y0             PS8                          0.000     0.000 r  design_1_i/zynq_ultra_ps_e_0/inst/PS8_i/PLCLK[0]
                         net (fo=1, routed)           0.135     0.135    design_1_i/zynq_ultra_ps_e_0/inst/pl_clk_unbuffered[0]
    BUFG_PS_X0Y58        BUFG_PS (Prop_BUFG_PS_I_O)
                                                      0.028     0.163 r  design_1_i/zynq_ultra_ps_e_0/inst/buffer_pl_clk_0.PL_CLK_0_BUFG/O
    X1Y1 (CLOCK_ROOT)    net (fo=10024, routed)       1.537     1.700    design_1_i/axi_smc/inst/clk_map/psr_aclk/U0/aclk
    SLICE_X48Y99         FDRE                                         r  design_1_i/axi_smc/inst/clk_map/psr_aclk/U0/ACTIVE_LOW_BSR_OUT_DFF[0].FDRE_BSR_N/C
  -------------------------------------------------------------------    -------------------
    SLICE_X48Y99         FDRE (Prop_DFF_SLICEL_C_Q)
                                                      0.079     1.779 r  design_1_i/axi_smc/inst/clk_map/psr_aclk/U0/ACTIVE_LOW_BSR_OUT_DFF[0].FDRE_BSR_N/Q
                         net (fo=51, routed)          1.645     3.424    design_1_i/axi_smc/inst/s01_nodes/s01_w_node/inst/s_sc_xpm_cdc_async_rst_inst/src_arst
    SLICE_X50Y15         FDCE                                         f  design_1_i/axi_smc/inst/s01_nodes/s01_w_node/inst/s_sc_xpm_cdc_async_rst_inst/arststages_ff_reg[1]/CLR  (IS_INVERTED)
  -------------------------------------------------------------------    -------------------

                         (clock clk_pl_0 rise edge)
                                                      0.000     0.000 r  
    PS8_X0Y0             PS8                          0.000     0.000 r  design_1_i/zynq_ultra_ps_e_0/inst/PS8_i/PLCLK[0]
                         net (fo=1, routed)           0.105     0.105    design_1_i/zynq_ultra_ps_e_0/inst/pl_clk_unbuffered[0]
    BUFG_PS_X0Y58        BUFG_PS (Prop_BUFG_PS_I_O)
                                                      0.025     0.130 r  design_1_i/zynq_ultra_ps_e_0/inst/buffer_pl_clk_0.PL_CLK_0_BUFG/O
    X1Y1 (CLOCK_ROOT)    net (fo=10024, routed)       1.405     1.535    design_1_i/axi_smc/inst/s01_nodes/s01_w_node/inst/s_sc_xpm_cdc_async_rst_inst/dest_clk
    SLICE_X50Y15         FDCE                                         r  design_1_i/axi_smc/inst/s01_nodes/s01_w_node/inst/s_sc_xpm_cdc_async_rst_inst/arststages_ff_reg[1]/C

Slack:                    inf
  Source:                 design_1_i/axi_smc/inst/clk_map/psr_aclk/U0/ACTIVE_LOW_BSR_OUT_DFF[0].FDRE_BSR_N/C
                            (rising edge-triggered cell FDRE clocked by clk_pl_0  {rise@0.000ns fall@5.000ns period=10.000ns})
  Destination:            design_1_i/axi_smc/inst/s01_nodes/s01_w_node/inst/s_sc_xpm_cdc_async_rst_inst/arststages_ff_reg[2]/CLR
                            (recovery check against rising-edge clock clk_pl_0  {rise@0.000ns fall@5.000ns period=10.000ns})
  Path Group:             (none)
  Path Type:              Recovery (Max at Slow Process Corner)
  Data Path Delay:        1.724ns  (logic 0.079ns (4.583%)  route 1.645ns (95.417%))
  Logic Levels:           0  
  Clock Path Skew:        -0.165ns (DCD - SCD + CPR)
    Destination Clock Delay (DCD):    1.535ns
    Source Clock Delay      (SCD):    1.700ns
    Clock Pessimism Removal (CPR):    0.000ns
  Clock Uncertainty:      0.130ns  ((TSJ^2 + DJ^2)^1/2) / 2 + PE
    Total System Jitter     (TSJ):    0.071ns
    Discrete Jitter          (DJ):    0.250ns
    Phase Error              (PE):    0.000ns
  Clock Net Delay (Source):      1.537ns (routing 0.567ns, distribution 0.970ns)
  Clock Net Delay (Destination): 1.405ns (routing 0.510ns, distribution 0.895ns)
  Timing Exception:       False Path

    Location             Delay type                Incr(ns)  Path(ns)    Netlist Resource(s)
  -------------------------------------------------------------------    -------------------
                         (clock clk_pl_0 rise edge)
                                                      0.000     0.000 r  
    PS8_X0Y0             PS8                          0.000     0.000 r  design_1_i/zynq_ultra_ps_e_0/inst/PS8_i/PLCLK[0]
                         net (fo=1, routed)           0.135     0.135    design_1_i/zynq_ultra_ps_e_0/inst/pl_clk_unbuffered[0]
    BUFG_PS_X0Y58        BUFG_PS (Prop_BUFG_PS_I_O)
                                                      0.028     0.163 r  design_1_i/zynq_ultra_ps_e_0/inst/buffer_pl_clk_0.PL_CLK_0_BUFG/O
    X1Y1 (CLOCK_ROOT)    net (fo=10024, routed)       1.537     1.700    design_1_i/axi_smc/inst/clk_map/psr_aclk/U0/aclk
    SLICE_X48Y99         FDRE                                         r  design_1_i/axi_smc/inst/clk_map/psr_aclk/U0/ACTIVE_LOW_BSR_OUT_DFF[0].FDRE_BSR_N/C
  -------------------------------------------------------------------    -------------------
    SLICE_X48Y99         FDRE (Prop_DFF_SLICEL_C_Q)
                                                      0.079     1.779 r  design_1_i/axi_smc/inst/clk_map/psr_aclk/U0/ACTIVE_LOW_BSR_OUT_DFF[0].FDRE_BSR_N/Q
                         net (fo=51, routed)          1.645     3.424    design_1_i/axi_smc/inst/s01_nodes/s01_w_node/inst/s_sc_xpm_cdc_async_rst_inst/src_arst
    SLICE_X50Y15         FDCE                                         f  design_1_i/axi_smc/inst/s01_nodes/s01_w_node/inst/s_sc_xpm_cdc_async_rst_inst/arststages_ff_reg[2]/CLR  (IS_INVERTED)
  -------------------------------------------------------------------    -------------------

                         (clock clk_pl_0 rise edge)
                                                      0.000     0.000 r  
    PS8_X0Y0             PS8                          0.000     0.000 r  design_1_i/zynq_ultra_ps_e_0/inst/PS8_i/PLCLK[0]
                         net (fo=1, routed)           0.105     0.105    design_1_i/zynq_ultra_ps_e_0/inst/pl_clk_unbuffered[0]
    BUFG_PS_X0Y58        BUFG_PS (Prop_BUFG_PS_I_O)
                                                      0.025     0.130 r  design_1_i/zynq_ultra_ps_e_0/inst/buffer_pl_clk_0.PL_CLK_0_BUFG/O
    X1Y1 (CLOCK_ROOT)    net (fo=10024, routed)       1.405     1.535    design_1_i/axi_smc/inst/s01_nodes/s01_w_node/inst/s_sc_xpm_cdc_async_rst_inst/dest_clk
    SLICE_X50Y15         FDCE                                         r  design_1_i/axi_smc/inst/s01_nodes/s01_w_node/inst/s_sc_xpm_cdc_async_rst_inst/arststages_ff_reg[2]/C





Min Delay Paths
--------------------------------------------------------------------------------------
Slack:                    inf
  Source:                 design_1_i/rst_ps8_0_99M/U0/ACTIVE_LOW_PR_OUT_DFF[0].FDRE_PER_N/C
                            (rising edge-triggered cell FDRE clocked by clk_pl_0  {rise@0.000ns fall@5.000ns period=10.000ns})
  Destination:            design_1_i/ps8_0_axi_periph/s01_couplers/auto_ds/inst/gen_downsizer.gen_simple_downsizer.axi_downsizer_inst/USE_READ.read_addr_inst/cmd_queue/inst/fifo_gen_inst/inst_fifo_gen/gconvfifo.rf/grf.rf/rstblk/ngwrdrst.grst.g7serrst.gnsckt_wrst.rst_wr_reg2_inst/arststages_ff_reg[0]/PRE
                            (removal check against rising-edge clock clk_pl_0  {rise@0.000ns fall@5.000ns period=10.000ns})
  Path Group:             (none)
  Path Type:              Removal (Min at Fast Process Corner)
  Data Path Delay:        0.450ns  (logic 0.038ns (8.436%)  route 0.412ns (91.564%))
  Logic Levels:           0  
  Clock Path Skew:        0.109ns (DCD - SCD - CPR)
    Destination Clock Delay (DCD):    1.086ns
    Source Clock Delay      (SCD):    0.978ns
    Clock Pessimism Removal (CPR):    -0.000ns
  Clock Uncertainty:      0.130ns  ((TSJ^2 + DJ^2)^1/2) / 2 + PE
    Total System Jitter     (TSJ):    0.071ns
    Discrete Jitter          (DJ):    0.250ns
    Phase Error              (PE):    0.000ns
  Clock Net Delay (Source):      0.885ns (routing 0.312ns, distribution 0.573ns)
  Clock Net Delay (Destination): 0.970ns (routing 0.352ns, distribution 0.618ns)
  Timing Exception:       False Path

    Location             Delay type                Incr(ns)  Path(ns)    Netlist Resource(s)
  -------------------------------------------------------------------    -------------------
                         (clock clk_pl_0 rise edge)
                                                      0.000     0.000 r  
    PS8_X0Y0             PS8                          0.000     0.000 r  design_1_i/zynq_ultra_ps_e_0/inst/PS8_i/PLCLK[0]
                         net (fo=1, routed)           0.076     0.076    design_1_i/zynq_ultra_ps_e_0/inst/pl_clk_unbuffered[0]
    BUFG_PS_X0Y58        BUFG_PS (Prop_BUFG_PS_I_O)
                                                      0.017     0.093 r  design_1_i/zynq_ultra_ps_e_0/inst/buffer_pl_clk_0.PL_CLK_0_BUFG/O
    X1Y1 (CLOCK_ROOT)    net (fo=10024, routed)       0.885     0.978    design_1_i/rst_ps8_0_99M/U0/slowest_sync_clk
    SLICE_X41Y130        FDRE                                         r  design_1_i/rst_ps8_0_99M/U0/ACTIVE_LOW_PR_OUT_DFF[0].FDRE_PER_N/C
  -------------------------------------------------------------------    -------------------
    SLICE_X41Y130        FDRE (Prop_AFF_SLICEM_C_Q)
                                                      0.038     1.016 r  design_1_i/rst_ps8_0_99M/U0/ACTIVE_LOW_PR_OUT_DFF[0].FDRE_PER_N/Q
                         net (fo=767, routed)         0.412     1.428    design_1_i/ps8_0_axi_periph/s01_couplers/auto_ds/inst/gen_downsizer.gen_simple_downsizer.axi_downsizer_inst/USE_READ.read_addr_inst/cmd_queue/inst/fifo_gen_inst/inst_fifo_gen/gconvfifo.rf/grf.rf/rstblk/ngwrdrst.grst.g7serrst.gnsckt_wrst.rst_wr_reg2_inst/src_arst
    SLICE_X40Y99         FDPE                                         f  design_1_i/ps8_0_axi_periph/s01_couplers/auto_ds/inst/gen_downsizer.gen_simple_downsizer.axi_downsizer_inst/USE_READ.read_addr_inst/cmd_queue/inst/fifo_gen_inst/inst_fifo_gen/gconvfifo.rf/grf.rf/rstblk/ngwrdrst.grst.g7serrst.gnsckt_wrst.rst_wr_reg2_inst/arststages_ff_reg[0]/PRE  (IS_INVERTED)
  -------------------------------------------------------------------    -------------------

                         (clock clk_pl_0 rise edge)
                                                      0.000     0.000 r  
    PS8_X0Y0             PS8                          0.000     0.000 r  design_1_i/zynq_ultra_ps_e_0/inst/PS8_i/PLCLK[0]
                         net (fo=1, routed)           0.098     0.098    design_1_i/zynq_ultra_ps_e_0/inst/pl_clk_unbuffered[0]
    BUFG_PS_X0Y58        BUFG_PS (Prop_BUFG_PS_I_O)
                                                      0.018     0.116 r  design_1_i/zynq_ultra_ps_e_0/inst/buffer_pl_clk_0.PL_CLK_0_BUFG/O
    X1Y1 (CLOCK_ROOT)    net (fo=10024, routed)       0.970     1.086    design_1_i/ps8_0_axi_periph/s01_couplers/auto_ds/inst/gen_downsizer.gen_simple_downsizer.axi_downsizer_inst/USE_READ.read_addr_inst/cmd_queue/inst/fifo_gen_inst/inst_fifo_gen/gconvfifo.rf/grf.rf/rstblk/ngwrdrst.grst.g7serrst.gnsckt_wrst.rst_wr_reg2_inst/dest_clk
    SLICE_X40Y99         FDPE                                         r  design_1_i/ps8_0_axi_periph/s01_couplers/auto_ds/inst/gen_downsizer.gen_simple_downsizer.axi_downsizer_inst/USE_READ.read_addr_inst/cmd_queue/inst/fifo_gen_inst/inst_fifo_gen/gconvfifo.rf/grf.rf/rstblk/ngwrdrst.grst.g7serrst.gnsckt_wrst.rst_wr_reg2_inst/arststages_ff_reg[0]/C

Slack:                    inf
  Source:                 design_1_i/rst_ps8_0_99M/U0/ACTIVE_LOW_PR_OUT_DFF[0].FDRE_PER_N/C
                            (rising edge-triggered cell FDRE clocked by clk_pl_0  {rise@0.000ns fall@5.000ns period=10.000ns})
  Destination:            design_1_i/ps8_0_axi_periph/s01_couplers/auto_ds/inst/gen_downsizer.gen_simple_downsizer.axi_downsizer_inst/USE_READ.read_addr_inst/cmd_queue/inst/fifo_gen_inst/inst_fifo_gen/gconvfifo.rf/grf.rf/rstblk/ngwrdrst.grst.g7serrst.gnsckt_wrst.rst_wr_reg2_inst/arststages_ff_reg[1]/PRE
                            (removal check against rising-edge clock clk_pl_0  {rise@0.000ns fall@5.000ns period=10.000ns})
  Path Group:             (none)
  Path Type:              Removal (Min at Fast Process Corner)
  Data Path Delay:        0.450ns  (logic 0.038ns (8.436%)  route 0.412ns (91.564%))
  Logic Levels:           0  
  Clock Path Skew:        0.109ns (DCD - SCD - CPR)
    Destination Clock Delay (DCD):    1.086ns
    Source Clock Delay      (SCD):    0.978ns
    Clock Pessimism Removal (CPR):    -0.000ns
  Clock Uncertainty:      0.130ns  ((TSJ^2 + DJ^2)^1/2) / 2 + PE
    Total System Jitter     (TSJ):    0.071ns
    Discrete Jitter          (DJ):    0.250ns
    Phase Error              (PE):    0.000ns
  Clock Net Delay (Source):      0.885ns (routing 0.312ns, distribution 0.573ns)
  Clock Net Delay (Destination): 0.970ns (routing 0.352ns, distribution 0.618ns)
  Timing Exception:       False Path

    Location             Delay type                Incr(ns)  Path(ns)    Netlist Resource(s)
  -------------------------------------------------------------------    -------------------
                         (clock clk_pl_0 rise edge)
                                                      0.000     0.000 r  
    PS8_X0Y0             PS8                          0.000     0.000 r  design_1_i/zynq_ultra_ps_e_0/inst/PS8_i/PLCLK[0]
                         net (fo=1, routed)           0.076     0.076    design_1_i/zynq_ultra_ps_e_0/inst/pl_clk_unbuffered[0]
    BUFG_PS_X0Y58        BUFG_PS (Prop_BUFG_PS_I_O)
                                                      0.017     0.093 r  design_1_i/zynq_ultra_ps_e_0/inst/buffer_pl_clk_0.PL_CLK_0_BUFG/O
    X1Y1 (CLOCK_ROOT)    net (fo=10024, routed)       0.885     0.978    design_1_i/rst_ps8_0_99M/U0/slowest_sync_clk
    SLICE_X41Y130        FDRE                                         r  design_1_i/rst_ps8_0_99M/U0/ACTIVE_LOW_PR_OUT_DFF[0].FDRE_PER_N/C
  -------------------------------------------------------------------    -------------------
    SLICE_X41Y130        FDRE (Prop_AFF_SLICEM_C_Q)
                                                      0.038     1.016 r  design_1_i/rst_ps8_0_99M/U0/ACTIVE_LOW_PR_OUT_DFF[0].FDRE_PER_N/Q
                         net (fo=767, routed)         0.412     1.428    design_1_i/ps8_0_axi_periph/s01_couplers/auto_ds/inst/gen_downsizer.gen_simple_downsizer.axi_downsizer_inst/USE_READ.read_addr_inst/cmd_queue/inst/fifo_gen_inst/inst_fifo_gen/gconvfifo.rf/grf.rf/rstblk/ngwrdrst.grst.g7serrst.gnsckt_wrst.rst_wr_reg2_inst/src_arst
    SLICE_X40Y99         FDPE                                         f  design_1_i/ps8_0_axi_periph/s01_couplers/auto_ds/inst/gen_downsizer.gen_simple_downsizer.axi_downsizer_inst/USE_READ.read_addr_inst/cmd_queue/inst/fifo_gen_inst/inst_fifo_gen/gconvfifo.rf/grf.rf/rstblk/ngwrdrst.grst.g7serrst.gnsckt_wrst.rst_wr_reg2_inst/arststages_ff_reg[1]/PRE  (IS_INVERTED)
  -------------------------------------------------------------------    -------------------

                         (clock clk_pl_0 rise edge)
                                                      0.000     0.000 r  
    PS8_X0Y0             PS8                          0.000     0.000 r  design_1_i/zynq_ultra_ps_e_0/inst/PS8_i/PLCLK[0]
                         net (fo=1, routed)           0.098     0.098    design_1_i/zynq_ultra_ps_e_0/inst/pl_clk_unbuffered[0]
    BUFG_PS_X0Y58        BUFG_PS (Prop_BUFG_PS_I_O)
                                                      0.018     0.116 r  design_1_i/zynq_ultra_ps_e_0/inst/buffer_pl_clk_0.PL_CLK_0_BUFG/O
    X1Y1 (CLOCK_ROOT)    net (fo=10024, routed)       0.970     1.086    design_1_i/ps8_0_axi_periph/s01_couplers/auto_ds/inst/gen_downsizer.gen_simple_downsizer.axi_downsizer_inst/USE_READ.read_addr_inst/cmd_queue/inst/fifo_gen_inst/inst_fifo_gen/gconvfifo.rf/grf.rf/rstblk/ngwrdrst.grst.g7serrst.gnsckt_wrst.rst_wr_reg2_inst/dest_clk
    SLICE_X40Y99         FDPE                                         r  design_1_i/ps8_0_axi_periph/s01_couplers/auto_ds/inst/gen_downsizer.gen_simple_downsizer.axi_downsizer_inst/USE_READ.read_addr_inst/cmd_queue/inst/fifo_gen_inst/inst_fifo_gen/gconvfifo.rf/grf.rf/rstblk/ngwrdrst.grst.g7serrst.gnsckt_wrst.rst_wr_reg2_inst/arststages_ff_reg[1]/C

Slack:                    inf
  Source:                 design_1_i/axi_smc/inst/clk_map/psr_aclk/U0/ACTIVE_LOW_BSR_OUT_DFF[0].FDRE_BSR_N/C
                            (rising edge-triggered cell FDRE clocked by clk_pl_0  {rise@0.000ns fall@5.000ns period=10.000ns})
  Destination:            design_1_i/axi_smc/inst/s00_nodes/s00_r_node/inst/s_sc_xpm_cdc_async_rst_inst/arststages_ff_reg[0]/CLR
                            (removal check against rising-edge clock clk_pl_0  {rise@0.000ns fall@5.000ns period=10.000ns})
  Path Group:             (none)
  Path Type:              Removal (Min at Fast Process Corner)
  Data Path Delay:        0.513ns  (logic 0.039ns (7.607%)  route 0.474ns (92.393%))
  Logic Levels:           0  
  Clock Path Skew:        0.162ns (DCD - SCD - CPR)
    Destination Clock Delay (DCD):    1.104ns
    Source Clock Delay      (SCD):    0.942ns
    Clock Pessimism Removal (CPR):    -0.000ns
  Clock Uncertainty:      0.130ns  ((TSJ^2 + DJ^2)^1/2) / 2 + PE
    Total System Jitter     (TSJ):    0.071ns
    Discrete Jitter          (DJ):    0.250ns
    Phase Error              (PE):    0.000ns
  Clock Net Delay (Source):      0.849ns (routing 0.312ns, distribution 0.537ns)
  Clock Net Delay (Destination): 0.988ns (routing 0.352ns, distribution 0.636ns)
  Timing Exception:       False Path

    Location             Delay type                Incr(ns)  Path(ns)    Netlist Resource(s)
  -------------------------------------------------------------------    -------------------
                         (clock clk_pl_0 rise edge)
                                                      0.000     0.000 r  
    PS8_X0Y0             PS8                          0.000     0.000 r  design_1_i/zynq_ultra_ps_e_0/inst/PS8_i/PLCLK[0]
                         net (fo=1, routed)           0.076     0.076    design_1_i/zynq_ultra_ps_e_0/inst/pl_clk_unbuffered[0]
    BUFG_PS_X0Y58        BUFG_PS (Prop_BUFG_PS_I_O)
                                                      0.017     0.093 r  design_1_i/zynq_ultra_ps_e_0/inst/buffer_pl_clk_0.PL_CLK_0_BUFG/O
    X1Y1 (CLOCK_ROOT)    net (fo=10024, routed)       0.849     0.942    design_1_i/axi_smc/inst/clk_map/psr_aclk/U0/aclk
    SLICE_X48Y99         FDRE                                         r  design_1_i/axi_smc/inst/clk_map/psr_aclk/U0/ACTIVE_LOW_BSR_OUT_DFF[0].FDRE_BSR_N/C
  -------------------------------------------------------------------    -------------------
    SLICE_X48Y99         FDRE (Prop_DFF_SLICEL_C_Q)
                                                      0.039     0.981 r  design_1_i/axi_smc/inst/clk_map/psr_aclk/U0/ACTIVE_LOW_BSR_OUT_DFF[0].FDRE_BSR_N/Q
                         net (fo=51, routed)          0.474     1.455    design_1_i/axi_smc/inst/s00_nodes/s00_r_node/inst/s_sc_xpm_cdc_async_rst_inst/src_arst
    SLICE_X40Y39         FDCE                                         f  design_1_i/axi_smc/inst/s00_nodes/s00_r_node/inst/s_sc_xpm_cdc_async_rst_inst/arststages_ff_reg[0]/CLR  (IS_INVERTED)
  -------------------------------------------------------------------    -------------------

                         (clock clk_pl_0 rise edge)
                                                      0.000     0.000 r  
    PS8_X0Y0             PS8                          0.000     0.000 r  design_1_i/zynq_ultra_ps_e_0/inst/PS8_i/PLCLK[0]
                         net (fo=1, routed)           0.098     0.098    design_1_i/zynq_ultra_ps_e_0/inst/pl_clk_unbuffered[0]
    BUFG_PS_X0Y58        BUFG_PS (Prop_BUFG_PS_I_O)
                                                      0.018     0.116 r  design_1_i/zynq_ultra_ps_e_0/inst/buffer_pl_clk_0.PL_CLK_0_BUFG/O
    X1Y1 (CLOCK_ROOT)    net (fo=10024, routed)       0.988     1.104    design_1_i/axi_smc/inst/s00_nodes/s00_r_node/inst/s_sc_xpm_cdc_async_rst_inst/dest_clk
    SLICE_X40Y39         FDCE                                         r  design_1_i/axi_smc/inst/s00_nodes/s00_r_node/inst/s_sc_xpm_cdc_async_rst_inst/arststages_ff_reg[0]/C

Slack:                    inf
  Source:                 design_1_i/axi_smc/inst/clk_map/psr_aclk/U0/ACTIVE_LOW_BSR_OUT_DFF[0].FDRE_BSR_N/C
                            (rising edge-triggered cell FDRE clocked by clk_pl_0  {rise@0.000ns fall@5.000ns period=10.000ns})
  Destination:            design_1_i/axi_smc/inst/s00_nodes/s00_r_node/inst/s_sc_xpm_cdc_async_rst_inst/arststages_ff_reg[1]/CLR
                            (removal check against rising-edge clock clk_pl_0  {rise@0.000ns fall@5.000ns period=10.000ns})
  Path Group:             (none)
  Path Type:              Removal (Min at Fast Process Corner)
  Data Path Delay:        0.513ns  (logic 0.039ns (7.607%)  route 0.474ns (92.393%))
  Logic Levels:           0  
  Clock Path Skew:        0.162ns (DCD - SCD - CPR)
    Destination Clock Delay (DCD):    1.104ns
    Source Clock Delay      (SCD):    0.942ns
    Clock Pessimism Removal (CPR):    -0.000ns
  Clock Uncertainty:      0.130ns  ((TSJ^2 + DJ^2)^1/2) / 2 + PE
    Total System Jitter     (TSJ):    0.071ns
    Discrete Jitter          (DJ):    0.250ns
    Phase Error              (PE):    0.000ns
  Clock Net Delay (Source):      0.849ns (routing 0.312ns, distribution 0.537ns)
  Clock Net Delay (Destination): 0.988ns (routing 0.352ns, distribution 0.636ns)
  Timing Exception:       False Path

    Location             Delay type                Incr(ns)  Path(ns)    Netlist Resource(s)
  -------------------------------------------------------------------    -------------------
                         (clock clk_pl_0 rise edge)
                                                      0.000     0.000 r  
    PS8_X0Y0             PS8                          0.000     0.000 r  design_1_i/zynq_ultra_ps_e_0/inst/PS8_i/PLCLK[0]
                         net (fo=1, routed)           0.076     0.076    design_1_i/zynq_ultra_ps_e_0/inst/pl_clk_unbuffered[0]
    BUFG_PS_X0Y58        BUFG_PS (Prop_BUFG_PS_I_O)
                                                      0.017     0.093 r  design_1_i/zynq_ultra_ps_e_0/inst/buffer_pl_clk_0.PL_CLK_0_BUFG/O
    X1Y1 (CLOCK_ROOT)    net (fo=10024, routed)       0.849     0.942    design_1_i/axi_smc/inst/clk_map/psr_aclk/U0/aclk
    SLICE_X48Y99         FDRE                                         r  design_1_i/axi_smc/inst/clk_map/psr_aclk/U0/ACTIVE_LOW_BSR_OUT_DFF[0].FDRE_BSR_N/C
  -------------------------------------------------------------------    -------------------
    SLICE_X48Y99         FDRE (Prop_DFF_SLICEL_C_Q)
                                                      0.039     0.981 r  design_1_i/axi_smc/inst/clk_map/psr_aclk/U0/ACTIVE_LOW_BSR_OUT_DFF[0].FDRE_BSR_N/Q
                         net (fo=51, routed)          0.474     1.455    design_1_i/axi_smc/inst/s00_nodes/s00_r_node/inst/s_sc_xpm_cdc_async_rst_inst/src_arst
    SLICE_X40Y39         FDCE                                         f  design_1_i/axi_smc/inst/s00_nodes/s00_r_node/inst/s_sc_xpm_cdc_async_rst_inst/arststages_ff_reg[1]/CLR  (IS_INVERTED)
  -------------------------------------------------------------------    -------------------

                         (clock clk_pl_0 rise edge)
                                                      0.000     0.000 r  
    PS8_X0Y0             PS8                          0.000     0.000 r  design_1_i/zynq_ultra_ps_e_0/inst/PS8_i/PLCLK[0]
                         net (fo=1, routed)           0.098     0.098    design_1_i/zynq_ultra_ps_e_0/inst/pl_clk_unbuffered[0]
    BUFG_PS_X0Y58        BUFG_PS (Prop_BUFG_PS_I_O)
                                                      0.018     0.116 r  design_1_i/zynq_ultra_ps_e_0/inst/buffer_pl_clk_0.PL_CLK_0_BUFG/O
    X1Y1 (CLOCK_ROOT)    net (fo=10024, routed)       0.988     1.104    design_1_i/axi_smc/inst/s00_nodes/s00_r_node/inst/s_sc_xpm_cdc_async_rst_inst/dest_clk
    SLICE_X40Y39         FDCE                                         r  design_1_i/axi_smc/inst/s00_nodes/s00_r_node/inst/s_sc_xpm_cdc_async_rst_inst/arststages_ff_reg[1]/C

Slack:                    inf
  Source:                 design_1_i/axi_smc/inst/clk_map/psr_aclk/U0/ACTIVE_LOW_BSR_OUT_DFF[0].FDRE_BSR_N/C
                            (rising edge-triggered cell FDRE clocked by clk_pl_0  {rise@0.000ns fall@5.000ns period=10.000ns})
  Destination:            design_1_i/axi_smc/inst/s00_nodes/s00_r_node/inst/s_sc_xpm_cdc_async_rst_inst/arststages_ff_reg[2]/CLR
                            (removal check against rising-edge clock clk_pl_0  {rise@0.000ns fall@5.000ns period=10.000ns})
  Path Group:             (none)
  Path Type:              Removal (Min at Fast Process Corner)
  Data Path Delay:        0.513ns  (logic 0.039ns (7.607%)  route 0.474ns (92.393%))
  Logic Levels:           0  
  Clock Path Skew:        0.162ns (DCD - SCD - CPR)
    Destination Clock Delay (DCD):    1.104ns
    Source Clock Delay      (SCD):    0.942ns
    Clock Pessimism Removal (CPR):    -0.000ns
  Clock Uncertainty:      0.130ns  ((TSJ^2 + DJ^2)^1/2) / 2 + PE
    Total System Jitter     (TSJ):    0.071ns
    Discrete Jitter          (DJ):    0.250ns
    Phase Error              (PE):    0.000ns
  Clock Net Delay (Source):      0.849ns (routing 0.312ns, distribution 0.537ns)
  Clock Net Delay (Destination): 0.988ns (routing 0.352ns, distribution 0.636ns)
  Timing Exception:       False Path

    Location             Delay type                Incr(ns)  Path(ns)    Netlist Resource(s)
  -------------------------------------------------------------------    -------------------
                         (clock clk_pl_0 rise edge)
                                                      0.000     0.000 r  
    PS8_X0Y0             PS8                          0.000     0.000 r  design_1_i/zynq_ultra_ps_e_0/inst/PS8_i/PLCLK[0]
                         net (fo=1, routed)           0.076     0.076    design_1_i/zynq_ultra_ps_e_0/inst/pl_clk_unbuffered[0]
    BUFG_PS_X0Y58        BUFG_PS (Prop_BUFG_PS_I_O)
                                                      0.017     0.093 r  design_1_i/zynq_ultra_ps_e_0/inst/buffer_pl_clk_0.PL_CLK_0_BUFG/O
    X1Y1 (CLOCK_ROOT)    net (fo=10024, routed)       0.849     0.942    design_1_i/axi_smc/inst/clk_map/psr_aclk/U0/aclk
    SLICE_X48Y99         FDRE                                         r  design_1_i/axi_smc/inst/clk_map/psr_aclk/U0/ACTIVE_LOW_BSR_OUT_DFF[0].FDRE_BSR_N/C
  -------------------------------------------------------------------    -------------------
    SLICE_X48Y99         FDRE (Prop_DFF_SLICEL_C_Q)
                                                      0.039     0.981 r  design_1_i/axi_smc/inst/clk_map/psr_aclk/U0/ACTIVE_LOW_BSR_OUT_DFF[0].FDRE_BSR_N/Q
                         net (fo=51, routed)          0.474     1.455    design_1_i/axi_smc/inst/s00_nodes/s00_r_node/inst/s_sc_xpm_cdc_async_rst_inst/src_arst
    SLICE_X40Y39         FDCE                                         f  design_1_i/axi_smc/inst/s00_nodes/s00_r_node/inst/s_sc_xpm_cdc_async_rst_inst/arststages_ff_reg[2]/CLR  (IS_INVERTED)
  -------------------------------------------------------------------    -------------------

                         (clock clk_pl_0 rise edge)
                                                      0.000     0.000 r  
    PS8_X0Y0             PS8                          0.000     0.000 r  design_1_i/zynq_ultra_ps_e_0/inst/PS8_i/PLCLK[0]
                         net (fo=1, routed)           0.098     0.098    design_1_i/zynq_ultra_ps_e_0/inst/pl_clk_unbuffered[0]
    BUFG_PS_X0Y58        BUFG_PS (Prop_BUFG_PS_I_O)
                                                      0.018     0.116 r  design_1_i/zynq_ultra_ps_e_0/inst/buffer_pl_clk_0.PL_CLK_0_BUFG/O
    X1Y1 (CLOCK_ROOT)    net (fo=10024, routed)       0.988     1.104    design_1_i/axi_smc/inst/s00_nodes/s00_r_node/inst/s_sc_xpm_cdc_async_rst_inst/dest_clk
    SLICE_X40Y39         FDCE                                         r  design_1_i/axi_smc/inst/s00_nodes/s00_r_node/inst/s_sc_xpm_cdc_async_rst_inst/arststages_ff_reg[2]/C

Slack:                    inf
  Source:                 design_1_i/axi_smc/inst/clk_map/psr_aclk/U0/ACTIVE_LOW_BSR_OUT_DFF[0].FDRE_BSR_N/C
                            (rising edge-triggered cell FDRE clocked by clk_pl_0  {rise@0.000ns fall@5.000ns period=10.000ns})
  Destination:            design_1_i/axi_smc/inst/s01_nodes/s01_aw_node/inst/s_sc_xpm_cdc_async_rst_inst/arststages_ff_reg[0]/CLR
                            (removal check against rising-edge clock clk_pl_0  {rise@0.000ns fall@5.000ns period=10.000ns})
  Path Group:             (none)
  Path Type:              Removal (Min at Fast Process Corner)
  Data Path Delay:        0.525ns  (logic 0.039ns (7.433%)  route 0.486ns (92.567%))
  Logic Levels:           0  
  Clock Path Skew:        0.156ns (DCD - SCD - CPR)
    Destination Clock Delay (DCD):    1.098ns
    Source Clock Delay      (SCD):    0.942ns
    Clock Pessimism Removal (CPR):    -0.000ns
  Clock Uncertainty:      0.130ns  ((TSJ^2 + DJ^2)^1/2) / 2 + PE
    Total System Jitter     (TSJ):    0.071ns
    Discrete Jitter          (DJ):    0.250ns
    Phase Error              (PE):    0.000ns
  Clock Net Delay (Source):      0.849ns (routing 0.312ns, distribution 0.537ns)
  Clock Net Delay (Destination): 0.982ns (routing 0.352ns, distribution 0.630ns)
  Timing Exception:       False Path

    Location             Delay type                Incr(ns)  Path(ns)    Netlist Resource(s)
  -------------------------------------------------------------------    -------------------
                         (clock clk_pl_0 rise edge)
                                                      0.000     0.000 r  
    PS8_X0Y0             PS8                          0.000     0.000 r  design_1_i/zynq_ultra_ps_e_0/inst/PS8_i/PLCLK[0]
                         net (fo=1, routed)           0.076     0.076    design_1_i/zynq_ultra_ps_e_0/inst/pl_clk_unbuffered[0]
    BUFG_PS_X0Y58        BUFG_PS (Prop_BUFG_PS_I_O)
                                                      0.017     0.093 r  design_1_i/zynq_ultra_ps_e_0/inst/buffer_pl_clk_0.PL_CLK_0_BUFG/O
    X1Y1 (CLOCK_ROOT)    net (fo=10024, routed)       0.849     0.942    design_1_i/axi_smc/inst/clk_map/psr_aclk/U0/aclk
    SLICE_X48Y99         FDRE                                         r  design_1_i/axi_smc/inst/clk_map/psr_aclk/U0/ACTIVE_LOW_BSR_OUT_DFF[0].FDRE_BSR_N/C
  -------------------------------------------------------------------    -------------------
    SLICE_X48Y99         FDRE (Prop_DFF_SLICEL_C_Q)
                                                      0.039     0.981 r  design_1_i/axi_smc/inst/clk_map/psr_aclk/U0/ACTIVE_LOW_BSR_OUT_DFF[0].FDRE_BSR_N/Q
                         net (fo=51, routed)          0.486     1.467    design_1_i/axi_smc/inst/s01_nodes/s01_aw_node/inst/s_sc_xpm_cdc_async_rst_inst/src_arst
    SLICE_X43Y34         FDCE                                         f  design_1_i/axi_smc/inst/s01_nodes/s01_aw_node/inst/s_sc_xpm_cdc_async_rst_inst/arststages_ff_reg[0]/CLR  (IS_INVERTED)
  -------------------------------------------------------------------    -------------------

                         (clock clk_pl_0 rise edge)
                                                      0.000     0.000 r  
    PS8_X0Y0             PS8                          0.000     0.000 r  design_1_i/zynq_ultra_ps_e_0/inst/PS8_i/PLCLK[0]
                         net (fo=1, routed)           0.098     0.098    design_1_i/zynq_ultra_ps_e_0/inst/pl_clk_unbuffered[0]
    BUFG_PS_X0Y58        BUFG_PS (Prop_BUFG_PS_I_O)
                                                      0.018     0.116 r  design_1_i/zynq_ultra_ps_e_0/inst/buffer_pl_clk_0.PL_CLK_0_BUFG/O
    X1Y1 (CLOCK_ROOT)    net (fo=10024, routed)       0.982     1.098    design_1_i/axi_smc/inst/s01_nodes/s01_aw_node/inst/s_sc_xpm_cdc_async_rst_inst/dest_clk
    SLICE_X43Y34         FDCE                                         r  design_1_i/axi_smc/inst/s01_nodes/s01_aw_node/inst/s_sc_xpm_cdc_async_rst_inst/arststages_ff_reg[0]/C

Slack:                    inf
  Source:                 design_1_i/axi_smc/inst/clk_map/psr_aclk/U0/ACTIVE_LOW_BSR_OUT_DFF[0].FDRE_BSR_N/C
                            (rising edge-triggered cell FDRE clocked by clk_pl_0  {rise@0.000ns fall@5.000ns period=10.000ns})
  Destination:            design_1_i/axi_smc/inst/s01_nodes/s01_aw_node/inst/s_sc_xpm_cdc_async_rst_inst/arststages_ff_reg[1]/CLR
                            (removal check against rising-edge clock clk_pl_0  {rise@0.000ns fall@5.000ns period=10.000ns})
  Path Group:             (none)
  Path Type:              Removal (Min at Fast Process Corner)
  Data Path Delay:        0.525ns  (logic 0.039ns (7.433%)  route 0.486ns (92.567%))
  Logic Levels:           0  
  Clock Path Skew:        0.156ns (DCD - SCD - CPR)
    Destination Clock Delay (DCD):    1.098ns
    Source Clock Delay      (SCD):    0.942ns
    Clock Pessimism Removal (CPR):    -0.000ns
  Clock Uncertainty:      0.130ns  ((TSJ^2 + DJ^2)^1/2) / 2 + PE
    Total System Jitter     (TSJ):    0.071ns
    Discrete Jitter          (DJ):    0.250ns
    Phase Error              (PE):    0.000ns
  Clock Net Delay (Source):      0.849ns (routing 0.312ns, distribution 0.537ns)
  Clock Net Delay (Destination): 0.982ns (routing 0.352ns, distribution 0.630ns)
  Timing Exception:       False Path

    Location             Delay type                Incr(ns)  Path(ns)    Netlist Resource(s)
  -------------------------------------------------------------------    -------------------
                         (clock clk_pl_0 rise edge)
                                                      0.000     0.000 r  
    PS8_X0Y0             PS8                          0.000     0.000 r  design_1_i/zynq_ultra_ps_e_0/inst/PS8_i/PLCLK[0]
                         net (fo=1, routed)           0.076     0.076    design_1_i/zynq_ultra_ps_e_0/inst/pl_clk_unbuffered[0]
    BUFG_PS_X0Y58        BUFG_PS (Prop_BUFG_PS_I_O)
                                                      0.017     0.093 r  design_1_i/zynq_ultra_ps_e_0/inst/buffer_pl_clk_0.PL_CLK_0_BUFG/O
    X1Y1 (CLOCK_ROOT)    net (fo=10024, routed)       0.849     0.942    design_1_i/axi_smc/inst/clk_map/psr_aclk/U0/aclk
    SLICE_X48Y99         FDRE                                         r  design_1_i/axi_smc/inst/clk_map/psr_aclk/U0/ACTIVE_LOW_BSR_OUT_DFF[0].FDRE_BSR_N/C
  -------------------------------------------------------------------    -------------------
    SLICE_X48Y99         FDRE (Prop_DFF_SLICEL_C_Q)
                                                      0.039     0.981 r  design_1_i/axi_smc/inst/clk_map/psr_aclk/U0/ACTIVE_LOW_BSR_OUT_DFF[0].FDRE_BSR_N/Q
                         net (fo=51, routed)          0.486     1.467    design_1_i/axi_smc/inst/s01_nodes/s01_aw_node/inst/s_sc_xpm_cdc_async_rst_inst/src_arst
    SLICE_X43Y34         FDCE                                         f  design_1_i/axi_smc/inst/s01_nodes/s01_aw_node/inst/s_sc_xpm_cdc_async_rst_inst/arststages_ff_reg[1]/CLR  (IS_INVERTED)
  -------------------------------------------------------------------    -------------------

                         (clock clk_pl_0 rise edge)
                                                      0.000     0.000 r  
    PS8_X0Y0             PS8                          0.000     0.000 r  design_1_i/zynq_ultra_ps_e_0/inst/PS8_i/PLCLK[0]
                         net (fo=1, routed)           0.098     0.098    design_1_i/zynq_ultra_ps_e_0/inst/pl_clk_unbuffered[0]
    BUFG_PS_X0Y58        BUFG_PS (Prop_BUFG_PS_I_O)
                                                      0.018     0.116 r  design_1_i/zynq_ultra_ps_e_0/inst/buffer_pl_clk_0.PL_CLK_0_BUFG/O
    X1Y1 (CLOCK_ROOT)    net (fo=10024, routed)       0.982     1.098    design_1_i/axi_smc/inst/s01_nodes/s01_aw_node/inst/s_sc_xpm_cdc_async_rst_inst/dest_clk
    SLICE_X43Y34         FDCE                                         r  design_1_i/axi_smc/inst/s01_nodes/s01_aw_node/inst/s_sc_xpm_cdc_async_rst_inst/arststages_ff_reg[1]/C

Slack:                    inf
  Source:                 design_1_i/axi_smc/inst/clk_map/psr_aclk/U0/ACTIVE_LOW_BSR_OUT_DFF[0].FDRE_BSR_N/C
                            (rising edge-triggered cell FDRE clocked by clk_pl_0  {rise@0.000ns fall@5.000ns period=10.000ns})
  Destination:            design_1_i/axi_smc/inst/s01_nodes/s01_aw_node/inst/s_sc_xpm_cdc_async_rst_inst/arststages_ff_reg[2]/CLR
                            (removal check against rising-edge clock clk_pl_0  {rise@0.000ns fall@5.000ns period=10.000ns})
  Path Group:             (none)
  Path Type:              Removal (Min at Fast Process Corner)
  Data Path Delay:        0.525ns  (logic 0.039ns (7.433%)  route 0.486ns (92.567%))
  Logic Levels:           0  
  Clock Path Skew:        0.156ns (DCD - SCD - CPR)
    Destination Clock Delay (DCD):    1.098ns
    Source Clock Delay      (SCD):    0.942ns
    Clock Pessimism Removal (CPR):    -0.000ns
  Clock Uncertainty:      0.130ns  ((TSJ^2 + DJ^2)^1/2) / 2 + PE
    Total System Jitter     (TSJ):    0.071ns
    Discrete Jitter          (DJ):    0.250ns
    Phase Error              (PE):    0.000ns
  Clock Net Delay (Source):      0.849ns (routing 0.312ns, distribution 0.537ns)
  Clock Net Delay (Destination): 0.982ns (routing 0.352ns, distribution 0.630ns)
  Timing Exception:       False Path

    Location             Delay type                Incr(ns)  Path(ns)    Netlist Resource(s)
  -------------------------------------------------------------------    -------------------
                         (clock clk_pl_0 rise edge)
                                                      0.000     0.000 r  
    PS8_X0Y0             PS8                          0.000     0.000 r  design_1_i/zynq_ultra_ps_e_0/inst/PS8_i/PLCLK[0]
                         net (fo=1, routed)           0.076     0.076    design_1_i/zynq_ultra_ps_e_0/inst/pl_clk_unbuffered[0]
    BUFG_PS_X0Y58        BUFG_PS (Prop_BUFG_PS_I_O)
                                                      0.017     0.093 r  design_1_i/zynq_ultra_ps_e_0/inst/buffer_pl_clk_0.PL_CLK_0_BUFG/O
    X1Y1 (CLOCK_ROOT)    net (fo=10024, routed)       0.849     0.942    design_1_i/axi_smc/inst/clk_map/psr_aclk/U0/aclk
    SLICE_X48Y99         FDRE                                         r  design_1_i/axi_smc/inst/clk_map/psr_aclk/U0/ACTIVE_LOW_BSR_OUT_DFF[0].FDRE_BSR_N/C
  -------------------------------------------------------------------    -------------------
    SLICE_X48Y99         FDRE (Prop_DFF_SLICEL_C_Q)
                                                      0.039     0.981 r  design_1_i/axi_smc/inst/clk_map/psr_aclk/U0/ACTIVE_LOW_BSR_OUT_DFF[0].FDRE_BSR_N/Q
                         net (fo=51, routed)          0.486     1.467    design_1_i/axi_smc/inst/s01_nodes/s01_aw_node/inst/s_sc_xpm_cdc_async_rst_inst/src_arst
    SLICE_X43Y34         FDCE                                         f  design_1_i/axi_smc/inst/s01_nodes/s01_aw_node/inst/s_sc_xpm_cdc_async_rst_inst/arststages_ff_reg[2]/CLR  (IS_INVERTED)
  -------------------------------------------------------------------    -------------------

                         (clock clk_pl_0 rise edge)
                                                      0.000     0.000 r  
    PS8_X0Y0             PS8                          0.000     0.000 r  design_1_i/zynq_ultra_ps_e_0/inst/PS8_i/PLCLK[0]
                         net (fo=1, routed)           0.098     0.098    design_1_i/zynq_ultra_ps_e_0/inst/pl_clk_unbuffered[0]
    BUFG_PS_X0Y58        BUFG_PS (Prop_BUFG_PS_I_O)
                                                      0.018     0.116 r  design_1_i/zynq_ultra_ps_e_0/inst/buffer_pl_clk_0.PL_CLK_0_BUFG/O
    X1Y1 (CLOCK_ROOT)    net (fo=10024, routed)       0.982     1.098    design_1_i/axi_smc/inst/s01_nodes/s01_aw_node/inst/s_sc_xpm_cdc_async_rst_inst/dest_clk
    SLICE_X43Y34         FDCE                                         r  design_1_i/axi_smc/inst/s01_nodes/s01_aw_node/inst/s_sc_xpm_cdc_async_rst_inst/arststages_ff_reg[2]/C

Slack:                    inf
  Source:                 design_1_i/axi_smc/inst/clk_map/psr_aclk/U0/ACTIVE_LOW_BSR_OUT_DFF[0].FDRE_BSR_N/C
                            (rising edge-triggered cell FDRE clocked by clk_pl_0  {rise@0.000ns fall@5.000ns period=10.000ns})
  Destination:            design_1_i/axi_smc/inst/s01_entry_pipeline/s01_si_converter/inst/xpm_cdc_async_rst_inst/arststages_ff_reg[0]/CLR
                            (removal check against rising-edge clock clk_pl_0  {rise@0.000ns fall@5.000ns period=10.000ns})
  Path Group:             (none)
  Path Type:              Removal (Min at Fast Process Corner)
  Data Path Delay:        0.538ns  (logic 0.039ns (7.252%)  route 0.499ns (92.748%))
  Logic Levels:           0  
  Clock Path Skew:        0.154ns (DCD - SCD - CPR)
    Destination Clock Delay (DCD):    1.096ns
    Source Clock Delay      (SCD):    0.942ns
    Clock Pessimism Removal (CPR):    -0.000ns
  Clock Uncertainty:      0.130ns  ((TSJ^2 + DJ^2)^1/2) / 2 + PE
    Total System Jitter     (TSJ):    0.071ns
    Discrete Jitter          (DJ):    0.250ns
    Phase Error              (PE):    0.000ns
  Clock Net Delay (Source):      0.849ns (routing 0.312ns, distribution 0.537ns)
  Clock Net Delay (Destination): 0.980ns (routing 0.352ns, distribution 0.628ns)
  Timing Exception:       False Path

    Location             Delay type                Incr(ns)  Path(ns)    Netlist Resource(s)
  -------------------------------------------------------------------    -------------------
                         (clock clk_pl_0 rise edge)
                                                      0.000     0.000 r  
    PS8_X0Y0             PS8                          0.000     0.000 r  design_1_i/zynq_ultra_ps_e_0/inst/PS8_i/PLCLK[0]
                         net (fo=1, routed)           0.076     0.076    design_1_i/zynq_ultra_ps_e_0/inst/pl_clk_unbuffered[0]
    BUFG_PS_X0Y58        BUFG_PS (Prop_BUFG_PS_I_O)
                                                      0.017     0.093 r  design_1_i/zynq_ultra_ps_e_0/inst/buffer_pl_clk_0.PL_CLK_0_BUFG/O
    X1Y1 (CLOCK_ROOT)    net (fo=10024, routed)       0.849     0.942    design_1_i/axi_smc/inst/clk_map/psr_aclk/U0/aclk
    SLICE_X48Y99         FDRE                                         r  design_1_i/axi_smc/inst/clk_map/psr_aclk/U0/ACTIVE_LOW_BSR_OUT_DFF[0].FDRE_BSR_N/C
  -------------------------------------------------------------------    -------------------
    SLICE_X48Y99         FDRE (Prop_DFF_SLICEL_C_Q)
                                                      0.039     0.981 r  design_1_i/axi_smc/inst/clk_map/psr_aclk/U0/ACTIVE_LOW_BSR_OUT_DFF[0].FDRE_BSR_N/Q
                         net (fo=51, routed)          0.499     1.480    design_1_i/axi_smc/inst/s01_entry_pipeline/s01_si_converter/inst/xpm_cdc_async_rst_inst/src_arst
    SLICE_X43Y31         FDCE                                         f  design_1_i/axi_smc/inst/s01_entry_pipeline/s01_si_converter/inst/xpm_cdc_async_rst_inst/arststages_ff_reg[0]/CLR  (IS_INVERTED)
  -------------------------------------------------------------------    -------------------

                         (clock clk_pl_0 rise edge)
                                                      0.000     0.000 r  
    PS8_X0Y0             PS8                          0.000     0.000 r  design_1_i/zynq_ultra_ps_e_0/inst/PS8_i/PLCLK[0]
                         net (fo=1, routed)           0.098     0.098    design_1_i/zynq_ultra_ps_e_0/inst/pl_clk_unbuffered[0]
    BUFG_PS_X0Y58        BUFG_PS (Prop_BUFG_PS_I_O)
                                                      0.018     0.116 r  design_1_i/zynq_ultra_ps_e_0/inst/buffer_pl_clk_0.PL_CLK_0_BUFG/O
    X1Y1 (CLOCK_ROOT)    net (fo=10024, routed)       0.980     1.096    design_1_i/axi_smc/inst/s01_entry_pipeline/s01_si_converter/inst/xpm_cdc_async_rst_inst/dest_clk
    SLICE_X43Y31         FDCE                                         r  design_1_i/axi_smc/inst/s01_entry_pipeline/s01_si_converter/inst/xpm_cdc_async_rst_inst/arststages_ff_reg[0]/C

Slack:                    inf
  Source:                 design_1_i/axi_smc/inst/clk_map/psr_aclk/U0/ACTIVE_LOW_BSR_OUT_DFF[0].FDRE_BSR_N/C
                            (rising edge-triggered cell FDRE clocked by clk_pl_0  {rise@0.000ns fall@5.000ns period=10.000ns})
  Destination:            design_1_i/axi_smc/inst/s01_entry_pipeline/s01_si_converter/inst/xpm_cdc_async_rst_inst/arststages_ff_reg[1]/CLR
                            (removal check against rising-edge clock clk_pl_0  {rise@0.000ns fall@5.000ns period=10.000ns})
  Path Group:             (none)
  Path Type:              Removal (Min at Fast Process Corner)
  Data Path Delay:        0.538ns  (logic 0.039ns (7.252%)  route 0.499ns (92.748%))
  Logic Levels:           0  
  Clock Path Skew:        0.154ns (DCD - SCD - CPR)
    Destination Clock Delay (DCD):    1.096ns
    Source Clock Delay      (SCD):    0.942ns
    Clock Pessimism Removal (CPR):    -0.000ns
  Clock Uncertainty:      0.130ns  ((TSJ^2 + DJ^2)^1/2) / 2 + PE
    Total System Jitter     (TSJ):    0.071ns
    Discrete Jitter          (DJ):    0.250ns
    Phase Error              (PE):    0.000ns
  Clock Net Delay (Source):      0.849ns (routing 0.312ns, distribution 0.537ns)
  Clock Net Delay (Destination): 0.980ns (routing 0.352ns, distribution 0.628ns)
  Timing Exception:       False Path

    Location             Delay type                Incr(ns)  Path(ns)    Netlist Resource(s)
  -------------------------------------------------------------------    -------------------
                         (clock clk_pl_0 rise edge)
                                                      0.000     0.000 r  
    PS8_X0Y0             PS8                          0.000     0.000 r  design_1_i/zynq_ultra_ps_e_0/inst/PS8_i/PLCLK[0]
                         net (fo=1, routed)           0.076     0.076    design_1_i/zynq_ultra_ps_e_0/inst/pl_clk_unbuffered[0]
    BUFG_PS_X0Y58        BUFG_PS (Prop_BUFG_PS_I_O)
                                                      0.017     0.093 r  design_1_i/zynq_ultra_ps_e_0/inst/buffer_pl_clk_0.PL_CLK_0_BUFG/O
    X1Y1 (CLOCK_ROOT)    net (fo=10024, routed)       0.849     0.942    design_1_i/axi_smc/inst/clk_map/psr_aclk/U0/aclk
    SLICE_X48Y99         FDRE                                         r  design_1_i/axi_smc/inst/clk_map/psr_aclk/U0/ACTIVE_LOW_BSR_OUT_DFF[0].FDRE_BSR_N/C
  -------------------------------------------------------------------    -------------------
    SLICE_X48Y99         FDRE (Prop_DFF_SLICEL_C_Q)
                                                      0.039     0.981 r  design_1_i/axi_smc/inst/clk_map/psr_aclk/U0/ACTIVE_LOW_BSR_OUT_DFF[0].FDRE_BSR_N/Q
                         net (fo=51, routed)          0.499     1.480    design_1_i/axi_smc/inst/s01_entry_pipeline/s01_si_converter/inst/xpm_cdc_async_rst_inst/src_arst
    SLICE_X43Y31         FDCE                                         f  design_1_i/axi_smc/inst/s01_entry_pipeline/s01_si_converter/inst/xpm_cdc_async_rst_inst/arststages_ff_reg[1]/CLR  (IS_INVERTED)
  -------------------------------------------------------------------    -------------------

                         (clock clk_pl_0 rise edge)
                                                      0.000     0.000 r  
    PS8_X0Y0             PS8                          0.000     0.000 r  design_1_i/zynq_ultra_ps_e_0/inst/PS8_i/PLCLK[0]
                         net (fo=1, routed)           0.098     0.098    design_1_i/zynq_ultra_ps_e_0/inst/pl_clk_unbuffered[0]
    BUFG_PS_X0Y58        BUFG_PS (Prop_BUFG_PS_I_O)
                                                      0.018     0.116 r  design_1_i/zynq_ultra_ps_e_0/inst/buffer_pl_clk_0.PL_CLK_0_BUFG/O
    X1Y1 (CLOCK_ROOT)    net (fo=10024, routed)       0.980     1.096    design_1_i/axi_smc/inst/s01_entry_pipeline/s01_si_converter/inst/xpm_cdc_async_rst_inst/dest_clk
    SLICE_X43Y31         FDCE                                         r  design_1_i/axi_smc/inst/s01_entry_pipeline/s01_si_converter/inst/xpm_cdc_async_rst_inst/arststages_ff_reg[1]/C





